instance_id,process_key,act_inst_id,node_id,node_name,task_type,seq,task_id,assignee,assignee_role,start_time,end_time,outcome,duration_ms
PI-000001,purchase_requisition,PI-000001|A01,n_submit,Submit Purchase Requisition,userTask,1,TK-0000001,EMP-0011,采购申请人,2024-01-01 06:24:16.365701,2024-01-01 06:39:27.365701,approve,911000
PI-000001,purchase_requisition,PI-000001|A02,n_mgr_appr,Approve Requisition by Manager,userTask,2,TK-0000004,EMP-0041,部门经理,2024-01-01 06:56:49.148680,2024-01-01 07:26:48.148680,approve,1799000
PI-000001,purchase_requisition,PI-000001|A02,n_mgr_appr,Approve Requisition by Manager,userTask,2,TK-0000003,EMP-0043,部门经理,2024-01-01 07:04:24.164717,2024-01-01 09:34:56.164717,approve,9032000
PI-000001,purchase_requisition,PI-000001|A02,n_mgr_appr,Approve Requisition by Manager,userTask,2,TK-0000002,EMP-0047,部门经理,2024-01-01 07:08:43.147322,2024-01-01 07:40:10.147322,approve,1887000
PI-000001,purchase_requisition,PI-000001|A03,n_convert,Convert to Purchase Order,serviceTask,3,TK-0000005,EMP-0061,采购专员,2024-01-01 11:13:47.711839,2024-01-01 11:23:54.711839,approve,607000
PI-000002,purchase_order,PI-000002|A01,n_create_po,Create Purchase Order,serviceTask,1,TK-0000006,EMP-0060,采购专员,2024-01-02 14:45:43.574409,2024-01-02 15:09:44.574409,approve,1441000
PI-000002,purchase_order,PI-000002|A02,n_dir_appr,Approve Purchase Order by Director,userTask,2,TK-0000007,EMP-0050,采购总监,2024-01-02 15:51:54.598745,2024-01-02 18:42:24.598745,reject,10230000
PI-000002,purchase_order,PI-000002|A03,n_revise_po,Revise Purchase Order,serviceTask,3,TK-0000008,EMP-0060,采购专员,2024-01-02 21:10:31.078726,2024-01-02 21:41:28.078726,approve,1857000
PI-000002,purchase_order,PI-000002|A04,n_create_po,Create Purchase Order,serviceTask,4,TK-0000009,EMP-0052,采购专员,2024-01-03 00:07:13.197367,2024-01-03 00:21:59.197367,approve,886000
PI-000002,purchase_order,PI-000002|A05,n_send_po,Send Order to Supplier,serviceTask,5,TK-0000010,EMP-0056,采购专员,2024-01-03 01:23:15.474943,2024-01-03 01:25:41.474943,approve,146000
PI-000003,goods_receipt,PI-000003|A01,n_post_gr,Post Goods Receipt,serviceTask,1,TK-0000011,EMP-0066,仓储专员,2024-01-04 14:50:52.834627,2024-01-04 15:17:25.834627,approve,1593000
PI-000003,goods_receipt,PI-000003|A02,n_inspect,Quality Inspection,userTask,2,TK-0000012,EMP-0072,质检员,2024-01-04 17:05:23.045810,2024-01-04 17:51:28.045810,approve,2765000
PI-000003,goods_receipt,PI-000003|A03,n_putaway,Putaway to Warehouse,serviceTask,3,TK-0000013,EMP-0065,仓储专员,2024-01-04 20:14:45.051423,2024-01-04 20:27:41.051423,approve,776000
PI-000004,invoice_verification,PI-000004|A01,n_enter_inv,Enter Incoming Invoice,userTask,1,TK-0000014,EMP-0082,财务专员,2024-01-07 16:02:51.402291,2024-01-07 16:26:31.402291,approve,1420000
PI-000004,invoice_verification,PI-000004|A02,n_match,Three-Way Match,serviceTask,2,TK-0000015,EMP-0080,财务专员,2024-01-07 18:11:03.860876,2024-01-07 18:17:57.860876,approve,414000
PI-000004,invoice_verification,PI-000004|A03,n_appr_inv,Approve Invoice,userTask,3,TK-0000017,EMP-0086,应付会计,2024-01-07 18:31:04.594327,2024-01-07 19:23:39.594327,approve,3155000
PI-000004,invoice_verification,PI-000004|A03,n_appr_inv,Approve Invoice,userTask,3,TK-0000016,EMP-0083,应付会计,2024-01-07 19:46:42.534636,2024-01-07 21:01:41.534636,approve,4499000
PI-000004,invoice_verification,PI-000004|A04,n_pay,Post Payment,serviceTask,4,TK-0000018,EMP-0089,出纳,2024-01-07 22:05:23.805551,2024-01-07 22:35:16.805551,approve,1793000
PI-000004,invoice_verification,PI-000004|A05,n_clear,Clear Invoice,serviceTask,5,TK-0000019,EMP-0087,应付会计,2024-01-07 23:03:17.318619,2024-01-07 23:12:12.318619,approve,535000
PI-000005,purchase_order,PI-000005|A01,n_create_po,Create Purchase Order,serviceTask,1,TK-0000020,EMP-0052,采购专员,2024-01-02 13:02:54.232958,2024-01-02 13:06:57.232958,approve,243000
PI-000005,purchase_order,PI-000005|A02,n_send_po,Send Order to Supplier,serviceTask,2,TK-0000021,EMP-0060,采购专员,2024-01-02 15:47:29.618457,2024-01-02 15:52:23.618457,approve,294000
PI-000006,goods_receipt,PI-000006|A01,n_post_gr,Post Goods Receipt,serviceTask,1,TK-0000022,EMP-0064,仓储专员,2024-01-04 11:04:18.374335,2024-01-04 11:17:05.374335,approve,767000
PI-000006,goods_receipt,PI-000006|A02,n_inspect,Quality Inspection,userTask,2,TK-0000023,EMP-0071,质检员,2024-01-04 12:56:58.609609,2024-01-04 15:31:16.609609,reject,9258000
PI-000006,goods_receipt,PI-000006|A03,n_return,Return to Supplier,serviceTask,3,TK-0000024,EMP-0063,仓储专员,2024-01-04 17:14:47.680915,2024-01-04 17:57:59.680915,approve,2592000
PI-000007,goods_receipt,PI-000007|A01,n_post_gr,Post Goods Receipt,serviceTask,1,TK-0000025,EMP-0066,仓储专员,2024-01-06 01:32:44.580779,2024-01-06 01:45:47.580779,approve,783000
PI-000007,goods_receipt,PI-000007|A02,n_inspect,Quality Inspection,userTask,2,TK-0000026,EMP-0071,质检员,2024-01-06 05:30:06.538009,2024-01-06 06:07:27.538009,approve,2241000
PI-000007,goods_receipt,PI-000007|A03,n_putaway,Putaway to Warehouse,serviceTask,3,TK-0000027,EMP-0062,仓储专员,2024-01-06 08:49:24.409181,2024-01-06 10:07:48.409181,approve,4704000
PI-000008,invoice_verification,PI-000008|A01,n_enter_inv,Enter Incoming Invoice,userTask,1,TK-0000028,EMP-0077,财务专员,2024-01-10 22:29:12.545421,2024-01-10 23:08:14.545421,approve,2342000
PI-000008,invoice_verification,PI-000008|A02,n_match,Three-Way Match,serviceTask,2,TK-0000029,EMP-0079,财务专员,2024-01-11 01:12:00.813140,2024-01-11 01:18:21.813140,approve,381000
PI-000008,invoice_verification,PI-000008|A03,n_appr_inv,Approve Invoice,userTask,3,TK-0000031,EMP-0086,应付会计,2024-01-11 01:22:27.191060,2024-01-11 01:57:38.191060,approve,2111000
PI-000008,invoice_verification,PI-000008|A03,n_appr_inv,Approve Invoice,userTask,3,TK-0000030,EMP-0087,应付会计,2024-01-11 02:27:52.070507,2024-01-11 03:33:20.070507,approve,3928000
PI-000008,invoice_verification,PI-000008|A04,n_pay,Post Payment,serviceTask,4,TK-0000032,EMP-0088,出纳,2024-01-11 04:50:46.513241,2024-01-11 04:58:18.513241,approve,452000
PI-000008,invoice_verification,PI-000008|A05,n_clear,Clear Invoice,serviceTask,5,TK-0000033,EMP-0087,应付会计,2024-01-11 08:31:04.812531,2024-01-11 08:35:31.812531,approve,267000
PI-000009,purchase_requisition,PI-000009|A01,n_submit,Submit Purchase Requisition,userTask,1,TK-0000034,EMP-0011,采购申请人,2024-01-01 15:44:28.661990,2024-01-01 16:26:03.661990,approve,2495000
PI-000009,purchase_requisition,PI-000009|A02,n_mgr_appr,Approve Requisition by Manager,userTask,2,TK-0000036,EMP-0042,部门经理,2024-01-01 16:51:10.323595,2024-01-01 17:36:15.323595,approve,2705000
PI-000009,purchase_requisition,PI-000009|A02,n_mgr_appr,Approve Requisition by Manager,userTask,2,TK-0000035,EMP-0044,部门经理,2024-01-01 17:11:16.305119,2024-01-01 17:33:48.305119,approve,1352000
PI-000009,purchase_requisition,PI-000009|A02,n_mgr_appr,Approve Requisition by Manager,userTask,2,TK-0000037,EMP-0048,部门经理,2024-01-01 17:12:54.838688,2024-01-01 17:54:34.838688,approve,2500000
PI-000009,purchase_requisition,PI-000009|A03,n_convert,Convert to Purchase Order,serviceTask,3,TK-0000038,EMP-0057,采购专员,2024-01-01 21:40:18.082367,2024-01-01 21:47:35.082367,approve,437000
PI-000010,purchase_order,PI-000010|A01,n_create_po,Create Purchase Order,serviceTask,1,TK-0000039,EMP-0055,采购专员,2024-01-02 18:45:21.424696,2024-01-02 18:56:29.424696,approve,668000
PI-000010,purchase_order,PI-000010|A02,n_dir_appr,Approve Purchase Order by Director,userTask,2,TK-0000040,EMP-0050,采购总监,2024-01-02 21:38:12.614644,2024-01-02 22:23:22.614644,approve,2710000
PI-000010,purchase_order,PI-000010|A03,n_send_po,Send Order to Supplier,serviceTask,3,TK-0000041,EMP-0058,采购专员,2024-01-03 01:07:32.797672,2024-01-03 01:25:07.797672,approve,1055000
PI-000011,goods_receipt,PI-000011|A01,n_post_gr,Post Goods Receipt,serviceTask,1,TK-0000042,EMP-0067,仓储专员,2024-01-04 11:24:55.944951,2024-01-04 11:35:54.944951,approve,659000
PI-000011,goods_receipt,PI-000011|A02,n_inspect,Quality Inspection,userTask,2,TK-0000043,EMP-0071,质检员,2024-01-04 14:15:44.740455,2024-01-04 14:36:31.740455,approve,1247000
PI-000011,goods_receipt,PI-000011|A03,n_putaway,Putaway to Warehouse,serviceTask,3,TK-0000044,EMP-0065,仓储专员,2024-01-04 17:19:38.159410,2024-01-04 17:39:29.159410,approve,1191000
PI-000012,invoice_verification,PI-000012|A01,n_enter_inv,Enter Incoming Invoice,userTask,1,TK-0000045,EMP-0081,财务专员,2024-01-09 03:46:54.151103,2024-01-09 04:21:25.151103,approve,2071000
PI-000012,invoice_verification,PI-000012|A02,n_match,Three-Way Match,serviceTask,2,TK-0000046,EMP-0077,财务专员,2024-01-09 07:00:35.569060,2024-01-09 07:12:05.569060,approve,690000
PI-000012,invoice_verification,PI-000012|A03,n_appr_inv,Approve Invoice,userTask,3,TK-0000048,EMP-0084,应付会计,2024-01-09 07:41:02.527526,2024-01-09 08:35:27.527526,approve,3265000
PI-000012,invoice_verification,PI-000012|A03,n_appr_inv,Approve Invoice,userTask,3,TK-0000047,EMP-0083,应付会计,2024-01-09 09:02:36.112160,2024-01-09 09:32:11.112160,approve,1775000
PI-000012,invoice_verification,PI-000012|A04,n_pay,Post Payment,serviceTask,4,TK-0000049,EMP-0089,出纳,2024-01-09 12:01:09.509911,2024-01-09 12:21:34.509911,approve,1225000
PI-000012,invoice_verification,PI-000012|A05,n_clear,Clear Invoice,serviceTask,5,TK-0000050,EMP-0087,应付会计,2024-01-09 14:11:21.891841,2024-01-09 14:16:03.891841,approve,282000
PI-000013,purchase_requisition,PI-000013|A01,n_submit,Submit Purchase Requisition,userTask,1,TK-0000051,EMP-0034,采购申请人,2024-01-01 18:35:32.331600,2024-01-01 18:51:00.331600,approve,928000
PI-000013,purchase_requisition,PI-000013|A02,n_mgr_appr,Approve Requisition by Manager,userTask,2,TK-0000052,EMP-0043,部门经理,2024-01-01 19:03:23.510670,2024-01-01 19:50:27.510670,reject,2824000
PI-000013,purchase_requisition,PI-000013|A02,n_mgr_appr,Approve Requisition by Manager,userTask,2,TK-0000053,EMP-0046,部门经理,2024-01-01 19:17:07.225935,2024-01-01 19:49:48.225935,reject,1961000
PI-000013,purchase_requisition,PI-000013|A02,n_mgr_appr,Approve Requisition by Manager,userTask,2,TK-0000054,EMP-0042,部门经理,2024-01-01 19:45:29.169505,2024-01-01 21:09:04.169505,reject,5015000
PI-000013,purchase_requisition,PI-000013|A03,n_revise,Revise Requisition,userTask,3,TK-0000055,EMP-0034,采购申请人,2024-01-01 22:43:27.542013,2024-01-01 22:59:27.542013,approve,960000
PI-000013,purchase_requisition,PI-000013|A04,n_submit,Submit Purchase Requisition,userTask,4,TK-0000056,EMP-0034,采购申请人,2024-01-02 02:25:01.158116,2024-01-02 03:28:50.158116,approve,3829000
PI-000013,purchase_requisition,PI-000013|A05,n_mgr_appr,Approve Requisition by Manager,userTask,5,TK-0000057,EMP-0048,部门经理,2024-01-02 04:05:13.411767,2024-01-02 05:03:32.411767,approve,3499000
PI-000013,purchase_requisition,PI-000013|A05,n_mgr_appr,Approve Requisition by Manager,userTask,5,TK-0000058,EMP-0042,部门经理,2024-01-02 04:09:37.838316,2024-01-02 07:49:20.838316,approve,13183000
PI-000013,purchase_requisition,PI-000013|A06,n_convert,Convert to Purchase Order,serviceTask,6,TK-0000059,EMP-0061,采购专员,2024-01-02 09:59:51.981492,2024-01-02 10:32:57.981492,approve,1986000
PI-000014,purchase_order,PI-000014|A01,n_create_po,Create Purchase Order,serviceTask,1,TK-0000060,EMP-0058,采购专员,2024-01-02 22:54:28.962669,2024-01-02 23:32:44.962669,approve,2296000
PI-000014,purchase_order,PI-000014|A02,n_send_po,Send Order to Supplier,serviceTask,2,TK-0000061,EMP-0060,采购专员,2024-01-02 23:49:59.369745,2024-01-03 00:00:02.369745,approve,603000
PI-000015,goods_receipt,PI-000015|A01,n_post_gr,Post Goods Receipt,serviceTask,1,TK-0000062,EMP-0064,仓储专员,2024-01-03 16:58:24.745381,2024-01-03 17:09:58.745381,approve,694000
PI-000015,goods_receipt,PI-000015|A02,n_inspect,Quality Inspection,userTask,2,TK-0000063,EMP-0072,质检员,2024-01-03 20:15:12.008568,2024-01-03 20:31:29.008568,approve,977000
PI-000015,goods_receipt,PI-000015|A03,n_putaway,Putaway to Warehouse,serviceTask,3,TK-0000064,EMP-0064,仓储专员,2024-01-04 00:23:11.571468,2024-01-04 00:38:04.571468,approve,893000
PI-000016,invoice_verification,PI-000016|A01,n_enter_inv,Enter Incoming Invoice,userTask,1,TK-0000065,EMP-0078,财务专员,2024-01-04 13:55:57.509022,2024-01-04 14:24:37.509022,approve,1720000
PI-000016,invoice_verification,PI-000016|A02,n_match,Three-Way Match,serviceTask,2,TK-0000066,EMP-0080,财务专员,2024-01-04 16:34:49.216981,2024-01-04 16:44:40.216981,approve,591000
PI-000016,invoice_verification,PI-000016|A03,n_appr_inv,Approve Invoice,userTask,3,TK-0000068,EMP-0083,应付会计,2024-01-04 17:13:20.109911,2024-01-04 17:43:29.109911,approve,1809000
PI-000016,invoice_verification,PI-000016|A03,n_appr_inv,Approve Invoice,userTask,3,TK-0000067,EMP-0086,应付会计,2024-01-04 17:39:31.528450,2024-01-04 17:50:22.528450,approve,651000
PI-000016,invoice_verification,PI-000016|A04,n_pay,Post Payment,serviceTask,4,TK-0000069,EMP-0090,出纳,2024-01-04 18:58:50.690239,2024-01-04 19:25:34.690239,approve,1604000
PI-000016,invoice_verification,PI-000016|A05,n_clear,Clear Invoice,serviceTask,5,TK-0000070,EMP-0086,应付会计,2024-01-04 22:44:37.548077,2024-01-04 22:51:41.548077,approve,424000
PI-000017,purchase_order,PI-000017|A01,n_create_po,Create Purchase Order,serviceTask,1,TK-0000071,EMP-0055,采购专员,2024-01-03 08:31:11.623467,2024-01-03 08:41:12.623467,approve,601000
PI-000017,purchase_order,PI-000017|A02,n_dir_appr,Approve Purchase Order by Director,userTask,2,TK-0000072,EMP-0051,采购总监,2024-01-03 12:29:00.305814,2024-01-03 13:54:02.305814,approve,5102000
PI-000017,purchase_order,PI-000017|A03,n_send_po,Send Order to Supplier,serviceTask,3,TK-0000073,EMP-0059,采购专员,2024-01-03 15:44:21.566963,2024-01-03 15:46:32.566963,approve,131000
PI-000018,goods_receipt,PI-000018|A01,n_post_gr,Post Goods Receipt,serviceTask,1,TK-0000074,EMP-0069,仓储专员,2024-01-05 09:26:50.383718,2024-01-05 09:35:22.383718,approve,512000
PI-000018,goods_receipt,PI-000018|A02,n_inspect,Quality Inspection,userTask,2,TK-0000075,EMP-0074,质检员,2024-01-05 13:23:49.757320,2024-01-05 14:23:30.757320,reject,3581000
PI-000018,goods_receipt,PI-000018|A03,n_return,Return to Supplier,serviceTask,3,TK-0000076,EMP-0066,仓储专员,2024-01-05 18:18:55.957210,2024-01-05 19:20:39.957210,approve,3704000
PI-000019,goods_receipt,PI-000019|A01,n_post_gr,Post Goods Receipt,serviceTask,1,TK-0000077,EMP-0064,仓储专员,2024-01-07 14:39:40.378980,2024-01-07 14:56:29.378980,approve,1009000
PI-000019,goods_receipt,PI-000019|A02,n_inspect,Quality Inspection,userTask,2,TK-0000078,EMP-0073,质检员,2024-01-07 16:44:59.989034,2024-01-07 18:49:02.989034,approve,7443000
PI-000019,goods_receipt,PI-000019|A03,n_putaway,Putaway to Warehouse,serviceTask,3,TK-0000079,EMP-0063,仓储专员,2024-01-07 21:09:38.987340,2024-01-07 21:48:41.987340,approve,2343000
PI-000020,invoice_verification,PI-000020|A01,n_enter_inv,Enter Incoming Invoice,userTask,1,TK-0000080,EMP-0081,财务专员,2024-01-09 09:03:35.609119,2024-01-09 09:42:49.609119,approve,2354000
PI-000020,invoice_verification,PI-000020|A02,n_match,Three-Way Match,serviceTask,2,TK-0000081,EMP-0082,财务专员,2024-01-09 10:57:42.288287,2024-01-09 11:07:20.288287,approve,578000
PI-000020,invoice_verification,PI-000020|A03,n_appr_inv,Approve Invoice,userTask,3,TK-0000083,EMP-0087,应付会计,2024-01-09 11:41:21.221302,2024-01-09 12:06:14.221302,approve,1493000
PI-000020,invoice_verification,PI-000020|A03,n_appr_inv,Approve Invoice,userTask,3,TK-0000082,EMP-0084,应付会计,2024-01-09 11:42:46.346552,2024-01-09 12:08:34.346552,approve,1548000
PI-000020,invoice_verification,PI-000020|A04,n_pay,Post Payment,serviceTask,4,TK-0000084,EMP-0089,出纳,2024-01-09 13:22:01.102527,2024-01-09 13:26:00.102527,approve,239000
PI-000020,invoice_verification,PI-000020|A05,n_clear,Clear Invoice,serviceTask,5,TK-0000085,EMP-0086,应付会计,2024-01-09 13:47:43.737145,2024-01-09 13:51:35.737145,approve,232000
PI-000021,purchase_requisition,PI-000021|A01,n_submit,Submit Purchase Requisition,userTask,1,TK-0000086,EMP-0013,采购申请人,2024-01-02 00:29:02.648062,2024-01-02 00:43:02.648062,approve,840000
PI-000021,purchase_requisition,PI-000021|A02,n_mgr_appr,Approve Requisition by Manager,userTask,2,TK-0000088,EMP-0046,部门经理,2024-01-02 01:16:21.783900,2024-01-02 02:06:10.783900,approve,2989000
PI-000021,purchase_requisition,PI-000021|A02,n_mgr_appr,Approve Requisition by Manager,userTask,2,TK-0000087,EMP-0048,部门经理,2024-01-02 01:23:00.877277,2024-01-02 02:14:05.877277,approve,3065000
PI-000021,purchase_requisition,PI-000021|A03,n_convert,Convert to Purchase Order,serviceTask,3,TK-0000089,EMP-0061,采购专员,2024-01-02 03:17:56.064701,2024-01-02 03:43:46.064701,approve,1550000
PI-000022,purchase_order,PI-000022|A01,n_create_po,Create Purchase Order,serviceTask,1,TK-0000090,EMP-0059,采购专员,2024-01-02 12:22:23.725385,2024-01-02 12:36:29.725385,approve,846000
PI-000022,purchase_order,PI-000022|A02,n_dir_appr,Approve Purchase Order by Director,userTask,2,TK-0000091,EMP-0050,采购总监,2024-01-02 15:24:30.524188,2024-01-02 18:52:20.524188,approve,12470000
PI-000022,purchase_order,PI-000022|A03,n_send_po,Send Order to Supplier,serviceTask,3,TK-0000092,EMP-0057,采购专员,2024-01-02 19:24:35.018768,2024-01-02 19:35:59.018768,approve,684000
PI-000023,goods_receipt,PI-000023|A01,n_post_gr,Post Goods Receipt,serviceTask,1,TK-0000093,EMP-0063,仓储专员,2024-01-04 04:27:51.333864,2024-01-04 04:53:58.333864,approve,1567000
PI-000023,goods_receipt,PI-000023|A02,n_inspect,Quality Inspection,userTask,2,TK-0000094,EMP-0070,质检员,2024-01-04 07:08:45.078732,2024-01-04 09:01:45.078732,approve,6780000
PI-000023,goods_receipt,PI-000023|A03,n_putaway,Putaway to Warehouse,serviceTask,3,TK-0000095,EMP-0069,仓储专员,2024-01-04 12:45:55.486877,2024-01-04 12:58:45.486877,approve,770000
PI-000024,invoice_verification,PI-000024|A01,n_enter_inv,Enter Incoming Invoice,userTask,1,TK-0000096,EMP-0078,财务专员,2024-01-07 01:39:37.858804,2024-01-07 02:06:45.858804,approve,1628000
PI-000024,invoice_verification,PI-000024|A02,n_match,Three-Way Match,serviceTask,2,TK-0000097,EMP-0081,财务专员,2024-01-07 03:31:38.099732,2024-01-07 03:44:27.099732,approve,769000
PI-000024,invoice_verification,PI-000024|A03,n_appr_inv,Approve Invoice,userTask,3,TK-0000099,EMP-0086,应付会计,2024-01-07 04:17:58.236351,2024-01-07 05:04:09.236351,approve,2771000
PI-000024,invoice_verification,PI-000024|A03,n_appr_inv,Approve Invoice,userTask,3,TK-0000098,EMP-0084,应付会计,2024-01-07 04:51:23.305718,2024-01-07 05:24:23.305718,approve,1980000
PI-000024,invoice_verification,PI-000024|A04,n_pay,Post Payment,serviceTask,4,TK-0000100,EMP-0090,出纳,2024-01-07 06:25:30.463891,2024-01-07 06:30:01.463891,approve,271000
PI-000024,invoice_verification,PI-000024|A05,n_clear,Clear Invoice,serviceTask,5,TK-0000101,EMP-0085,应付会计,2024-01-07 09:30:01.806528,2024-01-07 09:52:10.806528,approve,1329000
PI-000025,purchase_requisition,PI-000025|A01,n_submit,Submit Purchase Requisition,userTask,1,TK-0000102,EMP-0010,采购申请人,2024-01-02 03:52:20.130513,2024-01-02 04:04:09.130513,approve,709000
PI-000025,purchase_requisition,PI-000025|A02,n_mgr_appr,Approve Requisition by Manager,userTask,2,TK-0000105,EMP-0047,部门经理,2024-01-02 04:22:49.209447,2024-01-02 05:04:41.209447,approve,2512000
PI-000025,purchase_requisition,PI-000025|A02,n_mgr_appr,Approve Requisition by Manager,userTask,2,TK-0000104,EMP-0048,部门经理,2024-01-02 04:41:57.889439,2024-01-02 05:03:49.889439,approve,1312000
PI-000025,purchase_requisition,PI-000025|A02,n_mgr_appr,Approve Requisition by Manager,userTask,2,TK-0000103,EMP-0046,部门经理,2024-01-02 05:51:12.457425,2024-01-02 06:49:20.457425,approve,3488000
PI-000025,purchase_requisition,PI-000025|A03,n_convert,Convert to Purchase Order,serviceTask,3,TK-0000106,EMP-0053,采购专员,2024-01-02 08:38:36.325003,2024-01-02 08:45:19.325003,approve,403000
PI-000026,purchase_order,PI-000026|A01,n_create_po,Create Purchase Order,serviceTask,1,TK-0000107,EMP-0054,采购专员,2024-01-02 15:54:27.382459,2024-01-02 16:14:49.382459,approve,1222000
PI-000026,purchase_order,PI-000026|A02,n_dir_appr,Approve Purchase Order by Director,userTask,2,TK-0000108,EMP-0050,采购总监,2024-01-02 18:59:03.695947,2024-01-02 19:42:10.695947,approve,2587000
PI-000026,purchase_order,PI-000026|A03,n_send_po,Send Order to Supplier,serviceTask,3,TK-0000109,EMP-0058,采购专员,2024-01-02 22:29:24.116473,2024-01-02 22:34:02.116473,approve,278000
PI-000027,goods_receipt,PI-000027|A01,n_post_gr,Post Goods Receipt,serviceTask,1,TK-0000110,EMP-0066,仓储专员,2024-01-04 01:51:49.172512,2024-01-04 02:14:56.172512,approve,1387000
PI-000027,goods_receipt,PI-000027|A02,n_inspect,Quality Inspection,userTask,2,TK-0000111,EMP-0070,质检员,2024-01-04 05:53:55.871559,2024-01-04 10:15:48.871559,approve,15713000
PI-000027,goods_receipt,PI-000027|A03,n_putaway,Putaway to Warehouse,serviceTask,3,TK-0000112,EMP-0065,仓储专员,2024-01-04 12:43:28.488033,2024-01-04 13:01:52.488033,approve,1104000
PI-000028,invoice_verification,PI-000028|A01,n_enter_inv,Enter Incoming Invoice,userTask,1,TK-0000113,EMP-0076,财务专员,2024-01-08 01:07:04.691496,2024-01-08 01:39:18.691496,approve,1934000
PI-000028,invoice_verification,PI-000028|A02,n_match,Three-Way Match,serviceTask,2,TK-0000114,EMP-0077,财务专员,2024-01-08 02:05:29.572094,2024-01-08 02:08:30.572094,approve,181000
PI-000028,invoice_verification,PI-000028|A03,n_appr_inv,Approve Invoice,userTask,3,TK-0000116,EMP-0085,应付会计,2024-01-08 02:38:27.402542,2024-01-08 06:12:04.402542,approve,12817000
PI-000028,invoice_verification,PI-000028|A03,n_appr_inv,Approve Invoice,userTask,3,TK-0000115,EMP-0087,应付会计,2024-01-08 03:49:00.833169,2024-01-08 03:58:27.833169,approve,567000
PI-000028,invoice_verification,PI-000028|A04,n_pay,Post Payment,serviceTask,4,TK-0000117,EMP-0088,出纳,2024-01-08 08:07:07.875125,2024-01-08 08:11:27.875125,approve,260000
PI-000028,invoice_verification,PI-000028|A05,n_clear,Clear Invoice,serviceTask,5,TK-0000118,EMP-0086,应付会计,2024-01-08 12:03:46.378562,2024-01-08 12:14:26.378562,approve,640000
PI-000029,purchase_requisition,PI-000029|A01,n_submit,Submit Purchase Requisition,userTask,1,TK-0000119,EMP-0035,采购申请人,2024-01-02 04:41:46.231153,2024-01-02 04:58:36.231153,approve,1010000
PI-000029,purchase_requisition,PI-000029|A02,n_mgr_appr,Approve Requisition by Manager,userTask,2,TK-0000122,EMP-0041,部门经理,2024-01-02 05:31:46.893341,2024-01-02 06:20:16.893341,approve,2910000
PI-000029,purchase_requisition,PI-000029|A02,n_mgr_appr,Approve Requisition by Manager,userTask,2,TK-0000121,EMP-0046,部门经理,2024-01-02 05:38:15.584426,2024-01-02 06:11:05.584426,approve,1970000
PI-000029,purchase_requisition,PI-000029|A02,n_mgr_appr,Approve Requisition by Manager,userTask,2,TK-0000120,EMP-0044,部门经理,2024-01-02 06:16:40.518217,2024-01-02 07:08:38.518217,approve,3118000
PI-000029,purchase_requisition,PI-000029|A03,n_convert,Convert to Purchase Order,serviceTask,3,TK-0000123,EMP-0060,采购专员,2024-01-02 08:52:08.205440,2024-01-02 09:06:14.205440,approve,846000
PI-000030,purchase_order,PI-000030|A01,n_create_po,Create Purchase Order,serviceTask,1,TK-0000124,EMP-0058,采购专员,2024-01-03 09:44:49.611748,2024-01-03 10:07:50.611748,approve,1381000
PI-000030,purchase_order,PI-000030|A02,n_dir_appr,Approve Purchase Order by Director,userTask,2,TK-0000125,EMP-0049,采购总监,2024-01-03 13:17:44.415473,2024-01-03 14:21:00.415473,approve,3796000
PI-000030,purchase_order,PI-000030|A03,n_send_po,Send Order to Supplier,serviceTask,3,TK-0000126,EMP-0060,采购专员,2024-01-03 15:14:41.334395,2024-01-03 15:18:36.334395,approve,235000
PI-000031,goods_receipt,PI-000031|A01,n_post_gr,Post Goods Receipt,serviceTask,1,TK-0000127,EMP-0062,仓储专员,2024-01-05 17:04:14.076467,2024-01-05 17:32:05.076467,approve,1671000
PI-000031,goods_receipt,PI-000031|A02,n_inspect,Quality Inspection,userTask,2,TK-0000128,EMP-0071,质检员,2024-01-05 20:31:23.301070,2024-01-05 21:22:16.301070,approve,3053000
PI-000031,goods_receipt,PI-000031|A03,n_putaway,Putaway to Warehouse,serviceTask,3,TK-0000129,EMP-0063,仓储专员,2024-01-05 23:13:29.577491,2024-01-05 23:26:04.577491,approve,755000
PI-000032,goods_receipt,PI-000032|A01,n_post_gr,Post Goods Receipt,serviceTask,1,TK-0000130,EMP-0069,仓储专员,2024-01-08 01:49:57.365591,2024-01-08 01:53:16.365591,approve,199000
PI-000032,goods_receipt,PI-000032|A02,n_inspect,Quality Inspection,userTask,2,TK-0000131,EMP-0074,质检员,2024-01-08 04:07:08.191311,2024-01-08 04:55:15.191311,approve,2887000
PI-000032,goods_receipt,PI-000032|A03,n_putaway,Putaway to Warehouse,serviceTask,3,TK-0000132,EMP-0063,仓储专员,2024-01-08 08:20:39.568907,2024-01-08 09:26:23.568907,approve,3944000
PI-000033,invoice_verification,PI-000033|A01,n_enter_inv,Enter Incoming Invoice,userTask,1,TK-0000133,EMP-0082,财务专员,2024-01-09 17:35:24.581160,2024-01-09 18:12:44.581160,approve,2240000
PI-000033,invoice_verification,PI-000033|A02,n_match,Three-Way Match,serviceTask,2,TK-0000134,EMP-0077,财务专员,2024-01-09 20:59:08.757760,2024-01-09 21:06:51.757760,approve,463000
PI-000033,invoice_verification,PI-000033|A03,n_appr_inv,Approve Invoice,userTask,3,TK-0000136,EMP-0083,应付会计,2024-01-09 21:15:57.122633,2024-01-09 21:45:31.122633,approve,1774000
PI-000033,invoice_verification,PI-000033|A03,n_appr_inv,Approve Invoice,userTask,3,TK-0000135,EMP-0084,应付会计,2024-01-09 22:19:18.366831,2024-01-09 23:15:07.366831,approve,3349000
PI-000033,invoice_verification,PI-000033|A04,n_pay,Post Payment,serviceTask,4,TK-0000137,EMP-0090,出纳,2024-01-09 23:32:12.756559,2024-01-09 23:40:28.756559,approve,496000
PI-000033,invoice_verification,PI-000033|A05,n_clear,Clear Invoice,serviceTask,5,TK-0000138,EMP-0087,应付会计,2024-01-10 00:35:28.373719,2024-01-10 00:43:06.373719,approve,458000
PI-000034,purchase_order,PI-000034|A01,n_create_po,Create Purchase Order,serviceTask,1,TK-0000139,EMP-0060,采购专员,2024-01-03 05:01:23.296780,2024-01-03 05:12:03.296780,approve,640000
PI-000034,purchase_order,PI-000034|A02,n_dir_appr,Approve Purchase Order by Director,userTask,2,TK-0000140,EMP-0049,采购总监,2024-01-03 05:59:41.115151,2024-01-03 06:25:27.115151,approve,1546000
PI-000034,purchase_order,PI-000034|A03,n_send_po,Send Order to Supplier,serviceTask,3,TK-0000141,EMP-0052,采购专员,2024-01-03 06:52:00.898482,2024-01-03 06:57:18.898482,approve,318000
PI-000035,goods_receipt,PI-000035|A01,n_post_gr,Post Goods Receipt,serviceTask,1,TK-0000142,EMP-0064,仓储专员,2024-01-03 17:56:25.618452,2024-01-03 18:07:04.618452,approve,639000
PI-000035,goods_receipt,PI-000035|A02,n_inspect,Quality Inspection,userTask,2,TK-0000143,EMP-0071,质检员,2024-01-03 21:09:29.316778,2024-01-03 21:29:25.316778,approve,1196000
PI-000035,goods_receipt,PI-000035|A03,n_putaway,Putaway to Warehouse,serviceTask,3,TK-0000144,EMP-0069,仓储专员,2024-01-03 23:38:15.087689,2024-01-04 00:00:34.087689,approve,1339000
PI-000036,goods_receipt,PI-000036|A01,n_post_gr,Post Goods Receipt,serviceTask,1,TK-0000145,EMP-0066,仓储专员,2024-01-06 21:23:56.962220,2024-01-06 21:28:46.962220,approve,290000
PI-000036,goods_receipt,PI-000036|A02,n_inspect,Quality Inspection,userTask,2,TK-0000146,EMP-0074,质检员,2024-01-07 00:19:08.727034,2024-01-07 01:04:13.727034,approve,2705000
PI-000036,goods_receipt,PI-000036|A03,n_putaway,Putaway to Warehouse,serviceTask,3,TK-0000147,EMP-0062,仓储专员,2024-01-07 02:51:44.423331,2024-01-07 03:20:12.423331,approve,1708000
PI-000037,invoice_verification,PI-000037|A01,n_enter_inv,Enter Incoming Invoice,userTask,1,TK-0000148,EMP-0081,财务专员,2024-01-10 09:45:29.661807,2024-01-10 09:54:09.661807,approve,520000
PI-000037,invoice_verification,PI-000037|A02,n_match,Three-Way Match,serviceTask,2,TK-0000149,EMP-0080,财务专员,2024-01-10 10:19:52.293133,2024-01-10 10:33:41.293133,approve,829000
PI-000037,invoice_verification,PI-000037|A03,n_appr_inv,Approve Invoice,userTask,3,TK-0000150,EMP-0085,应付会计,2024-01-10 11:04:10.140339,2024-01-10 12:16:02.140339,approve,4312000
PI-000037,invoice_verification,PI-000037|A03,n_appr_inv,Approve Invoice,userTask,3,TK-0000151,EMP-0087,应付会计,2024-01-10 11:12:24.914974,2024-01-10 12:04:43.914974,approve,3139000
PI-000037,invoice_verification,PI-000037|A04,n_pay,Post Payment,serviceTask,4,TK-0000152,EMP-0089,出纳,2024-01-10 15:11:58.185729,2024-01-10 15:20:14.185729,approve,496000
PI-000037,invoice_verification,PI-000037|A05,n_clear,Clear Invoice,serviceTask,5,TK-0000153,EMP-0087,应付会计,2024-01-10 16:01:09.649754,2024-01-10 16:09:33.649754,approve,504000
PI-000038,purchase_requisition,PI-000038|A01,n_submit,Submit Purchase Requisition,userTask,1,TK-0000154,EMP-0030,采购申请人,2024-01-02 12:41:04.639397,2024-01-02 13:11:58.639397,approve,1854000
PI-000038,purchase_requisition,PI-000038|A02,n_convert,Convert to Purchase Order,serviceTask,2,TK-0000155,EMP-0057,采购专员,2024-01-02 13:52:27.138757,2024-01-02 13:56:23.138757,approve,236000
PI-000039,purchase_order,PI-000039|A01,n_create_po,Create Purchase Order,serviceTask,1,TK-0000156,EMP-0061,采购专员,2024-01-03 13:09:35.217070,2024-01-03 13:20:21.217070,approve,646000
PI-000039,purchase_order,PI-000039|A02,n_send_po,Send Order to Supplier,serviceTask,2,TK-0000157,EMP-0052,采购专员,2024-01-03 15:11:02.462291,2024-01-03 15:25:35.462291,approve,873000
PI-000040,goods_receipt,PI-000040|A01,n_post_gr,Post Goods Receipt,serviceTask,1,TK-0000158,EMP-0063,仓储专员,2024-01-06 04:15:13.239665,2024-01-06 04:22:19.239665,approve,426000
PI-000040,goods_receipt,PI-000040|A02,n_inspect,Quality Inspection,userTask,2,TK-0000159,EMP-0074,质检员,2024-01-06 06:50:37.495894,2024-01-06 06:56:45.495894,approve,368000
PI-000040,goods_receipt,PI-000040|A03,n_putaway,Putaway to Warehouse,serviceTask,3,TK-0000160,EMP-0062,仓储专员,2024-01-06 10:07:13.595629,2024-01-06 10:43:28.595629,approve,2175000
PI-000041,invoice_verification,PI-000041|A01,n_enter_inv,Enter Incoming Invoice,userTask,1,TK-0000161,EMP-0077,财务专员,2024-01-10 04:04:00.174666,2024-01-10 04:32:04.174666,approve,1684000
PI-000041,invoice_verification,PI-000041|A02,n_match,Three-Way Match,serviceTask,2,TK-0000162,EMP-0081,财务专员,2024-01-10 05:07:22.393048,2024-01-10 05:17:53.393048,approve,631000
PI-000041,invoice_verification,PI-000041|A03,n_appr_inv,Approve Invoice,userTask,3,TK-0000164,EMP-0083,应付会计,2024-01-10 05:40:55.232936,2024-01-10 06:11:35.232936,approve,1840000
PI-000041,invoice_verification,PI-000041|A03,n_appr_inv,Approve Invoice,userTask,3,TK-0000163,EMP-0084,应付会计,2024-01-10 06:37:10.964311,2024-01-10 07:20:27.964311,approve,2597000
PI-000041,invoice_verification,PI-000041|A04,n_pay,Post Payment,serviceTask,4,TK-0000165,EMP-0089,出纳,2024-01-10 08:10:35.238106,2024-01-10 08:14:21.238106,approve,226000
PI-000041,invoice_verification,PI-000041|A05,n_clear,Clear Invoice,serviceTask,5,TK-0000166,EMP-0087,应付会计,2024-01-10 11:35:36.427662,2024-01-10 11:38:11.427662,approve,155000
PI-000042,purchase_requisition,PI-000042|A01,n_submit,Submit Purchase Requisition,userTask,1,TK-0000167,EMP-0011,采购申请人,2024-01-02 13:21:01.507336,2024-01-02 13:43:02.507336,approve,1321000
PI-000042,purchase_requisition,PI-000042|A02,n_mgr_appr,Approve Requisition by Manager,userTask,2,TK-0000168,EMP-0048,部门经理,2024-01-02 14:15:32.769967,2024-01-02 16:05:04.769967,approve,6572000
PI-000042,purchase_requisition,PI-000042|A02,n_mgr_appr,Approve Requisition by Manager,userTask,2,TK-0000169,EMP-0042,部门经理,2024-01-02 14:24:23.015087,2024-01-02 15:34:10.015087,approve,4187000
PI-000042,purchase_requisition,PI-000042|A02,n_mgr_appr,Approve Requisition by Manager,userTask,2,TK-0000170,EMP-0045,部门经理,2024-01-02 14:29:40.153497,2024-01-02 16:27:08.153497,approve,7048000
PI-000042,purchase_requisition,PI-000042|A03,n_convert,Convert to Purchase Order,serviceTask,3,TK-0000171,EMP-0055,采购专员,2024-01-02 19:40:25.908558,2024-01-02 19:46:01.908558,approve,336000
PI-000043,purchase_order,PI-000043|A01,n_create_po,Create Purchase Order,serviceTask,1,TK-0000172,EMP-0054,采购专员,2024-01-03 17:25:16.913550,2024-01-03 17:28:57.913550,approve,221000
PI-000043,purchase_order,PI-000043|A02,n_dir_appr,Approve Purchase Order by Director,userTask,2,TK-0000173,EMP-0049,采购总监,2024-01-03 19:11:27.959922,2024-01-03 20:25:14.959922,approve,4427000
PI-000043,purchase_order,PI-000043|A03,n_send_po,Send Order to Supplier,serviceTask,3,TK-0000174,EMP-0055,采购专员,2024-01-03 20:36:52.404314,2024-01-03 20:48:43.404314,approve,711000
PI-000044,goods_receipt,PI-000044|A01,n_post_gr,Post Goods Receipt,serviceTask,1,TK-0000175,EMP-0063,仓储专员,2024-01-05 07:48:27.111134,2024-01-05 07:56:28.111134,approve,481000
PI-000044,goods_receipt,PI-000044|A02,n_inspect,Quality Inspection,userTask,2,TK-0000176,EMP-0073,质检员,2024-01-05 08:27:35.845865,2024-01-05 08:58:50.845865,approve,1875000
PI-000044,goods_receipt,PI-000044|A03,n_putaway,Putaway to Warehouse,serviceTask,3,TK-0000177,EMP-0069,仓储专员,2024-01-05 09:18:36.426694,2024-01-05 10:25:55.426694,approve,4039000
PI-000045,goods_receipt,PI-000045|A01,n_post_gr,Post Goods Receipt,serviceTask,1,TK-0000178,EMP-0068,仓储专员,2024-01-05 13:21:30.765505,2024-01-05 13:39:50.765505,approve,1100000
PI-000045,goods_receipt,PI-000045|A02,n_inspect,Quality Inspection,userTask,2,TK-0000179,EMP-0074,质检员,2024-01-05 15:44:04.086027,2024-01-05 16:19:10.086027,approve,2106000
PI-000045,goods_receipt,PI-000045|A03,n_putaway,Putaway to Warehouse,serviceTask,3,TK-0000180,EMP-0066,仓储专员,2024-01-05 19:19:47.249968,2024-01-05 19:44:44.249968,approve,1497000
PI-000046,invoice_verification,PI-000046|A01,n_enter_inv,Enter Incoming Invoice,userTask,1,TK-0000181,EMP-0077,财务专员,2024-01-08 19:30:12.210256,2024-01-08 20:03:49.210256,approve,2017000
PI-000046,invoice_verification,PI-000046|A02,n_match,Three-Way Match,serviceTask,2,TK-0000182,EMP-0082,财务专员,2024-01-08 23:59:18.760776,2024-01-09 00:07:03.760776,approve,465000
PI-000046,invoice_verification,PI-000046|A03,n_appr_inv,Approve Invoice,userTask,3,TK-0000184,EMP-0085,应付会计,2024-01-09 00:32:09.580490,2024-01-09 02:14:47.580490,approve,6158000
PI-000046,invoice_verification,PI-000046|A03,n_appr_inv,Approve Invoice,userTask,3,TK-0000183,EMP-0083,应付会计,2024-01-09 00:35:14.738627,2024-01-09 01:11:30.738627,approve,2176000
PI-000046,invoice_verification,PI-000046|A04,n_pay,Post Payment,serviceTask,4,TK-0000185,EMP-0090,出纳,2024-01-09 03:04:42.138863,2024-01-09 03:10:10.138863,approve,328000
PI-000046,invoice_verification,PI-000046|A05,n_clear,Clear Invoice,serviceTask,5,TK-0000186,EMP-0085,应付会计,2024-01-09 04:19:22.493009,2024-01-09 04:30:43.493009,approve,681000
PI-000047,purchase_requisition,PI-000047|A01,n_submit,Submit Purchase Requisition,userTask,1,TK-0000187,EMP-0025,采购申请人,2024-01-02 20:24:01.545847,2024-01-02 20:52:06.545847,approve,1685000
PI-000047,purchase_requisition,PI-000047|A02,n_mgr_appr,Approve Requisition by Manager,userTask,2,TK-0000188,EMP-0045,部门经理,2024-01-02 21:08:54.471411,2024-01-02 21:53:38.471411,approve,2684000
PI-000047,purchase_requisition,PI-000047|A02,n_mgr_appr,Approve Requisition by Manager,userTask,2,TK-0000189,EMP-0043,部门经理,2024-01-02 21:19:58.332703,2024-01-02 22:42:04.332703,approve,4926000
PI-000047,purchase_requisition,PI-000047|A03,n_convert,Convert to Purchase Order,serviceTask,3,TK-0000190,EMP-0057,采购专员,2024-01-03 01:11:33.738602,2024-01-03 01:19:36.738602,approve,483000
PI-000048,purchase_order,PI-000048|A01,n_create_po,Create Purchase Order,serviceTask,1,TK-0000191,EMP-0057,采购专员,2024-01-03 04:54:31.004331,2024-01-03 05:01:33.004331,approve,422000
PI-000048,purchase_order,PI-000048|A02,n_dir_appr,Approve Purchase Order by Director,userTask,2,TK-0000192,EMP-0049,采购总监,2024-01-03 07:10:58.388661,2024-01-03 08:14:25.388661,reject,3807000
PI-000048,purchase_order,PI-000048|A03,n_revise_po,Revise Purchase Order,serviceTask,3,TK-0000193,EMP-0054,采购专员,2024-01-03 10:16:41.908501,2024-01-03 10:35:01.908501,approve,1100000
PI-000048,purchase_order,PI-000048|A04,n_create_po,Create Purchase Order,serviceTask,4,TK-0000194,EMP-0056,采购专员,2024-01-03 13:25:28.841639,2024-01-03 13:31:40.841639,approve,372000
PI-000048,purchase_order,PI-000048|A05,n_send_po,Send Order to Supplier,serviceTask,5,TK-0000195,EMP-0055,采购专员,2024-01-03 14:05:30.029288,2024-01-03 14:16:20.029288,approve,650000
PI-000049,goods_receipt,PI-000049|A01,n_post_gr,Post Goods Receipt,serviceTask,1,TK-0000196,EMP-0066,仓储专员,2024-01-05 21:30:52.008688,2024-01-05 22:22:45.008688,approve,3113000
PI-000049,goods_receipt,PI-000049|A02,n_inspect,Quality Inspection,userTask,2,TK-0000197,EMP-0072,质检员,2024-01-06 00:27:18.464695,2024-01-06 00:52:46.464695,approve,1528000
PI-000049,goods_receipt,PI-000049|A03,n_putaway,Putaway to Warehouse,serviceTask,3,TK-0000198,EMP-0062,仓储专员,2024-01-06 02:22:35.105690,2024-01-06 02:57:53.105690,approve,2118000
PI-000050,invoice_verification,PI-000050|A01,n_enter_inv,Enter Incoming Invoice,userTask,1,TK-0000199,EMP-0082,财务专员,2024-01-06 16:44:01.823183,2024-01-06 19:19:48.823183,approve,9347000
PI-000050,invoice_verification,PI-000050|A02,n_match,Three-Way Match,serviceTask,2,TK-0000200,EMP-0076,财务专员,2024-01-06 21:10:33.463572,2024-01-06 21:21:40.463572,approve,667000
PI-000050,invoice_verification,PI-000050|A03,n_appr_inv,Approve Invoice,userTask,3,TK-0000202,EMP-0086,应付会计,2024-01-06 21:33:04.108591,2024-01-06 23:11:10.108591,approve,5886000
PI-000050,invoice_verification,PI-000050|A03,n_appr_inv,Approve Invoice,userTask,3,TK-0000201,EMP-0084,应付会计,2024-01-06 22:24:30.223699,2024-01-06 23:16:05.223699,approve,3095000
PI-000050,invoice_verification,PI-000050|A04,n_pay,Post Payment,serviceTask,4,TK-0000203,EMP-0090,出纳,2024-01-07 02:51:23.679126,2024-01-07 03:12:16.679126,approve,1253000
PI-000050,invoice_verification,PI-000050|A05,n_clear,Clear Invoice,serviceTask,5,TK-0000204,EMP-0087,应付会计,2024-01-07 04:21:46.438694,2024-01-07 04:30:37.438694,approve,531000
PI-000051,invoice_verification,PI-000051|A01,n_enter_inv,Enter Incoming Invoice,userTask,1,TK-0000205,EMP-0077,财务专员,2024-01-10 07:49:24.778973,2024-01-10 08:38:18.778973,approve,2934000
PI-000051,invoice_verification,PI-000051|A02,n_match,Three-Way Match,serviceTask,2,TK-0000206,EMP-0075,财务专员,2024-01-10 09:02:24.021227,2024-01-10 09:07:59.021227,approve,335000
PI-000051,invoice_verification,PI-000051|A03,n_appr_inv,Approve Invoice,userTask,3,TK-0000208,EMP-0085,应付会计,2024-01-10 09:56:48.596841,2024-01-10 10:37:28.596841,approve,2440000
PI-000051,invoice_verification,PI-000051|A03,n_appr_inv,Approve Invoice,userTask,3,TK-0000207,EMP-0086,应付会计,2024-01-10 10:26:48.181523,2024-01-10 11:03:17.181523,approve,2189000
PI-000051,invoice_verification,PI-000051|A04,n_pay,Post Payment,serviceTask,4,TK-0000209,EMP-0088,出纳,2024-01-10 12:51:35.619072,2024-01-10 13:03:18.619072,approve,703000
PI-000051,invoice_verification,PI-000051|A05,n_clear,Clear Invoice,serviceTask,5,TK-0000210,EMP-0085,应付会计,2024-01-10 16:30:45.558655,2024-01-10 16:35:09.558655,approve,264000
PI-000052,purchase_order,PI-000052|A01,n_create_po,Create Purchase Order,serviceTask,1,TK-0000211,EMP-0054,采购专员,2024-01-03 05:10:07.136412,2024-01-03 05:20:04.136412,approve,597000
PI-000052,purchase_order,PI-000052|A02,n_send_po,Send Order to Supplier,serviceTask,2,TK-0000212,EMP-0054,采购专员,2024-01-03 08:36:14.174047,2024-01-03 08:39:26.174047,approve,192000
PI-000053,goods_receipt,PI-000053|A01,n_post_gr,Post Goods Receipt,serviceTask,1,TK-0000213,EMP-0065,仓储专员,2024-01-06 05:44:58.377030,2024-01-06 05:54:55.377030,approve,597000
PI-000053,goods_receipt,PI-000053|A02,n_inspect,Quality Inspection,userTask,2,TK-0000214,EMP-0073,质检员,2024-01-06 07:07:04.429208,2024-01-06 07:31:49.429208,approve,1485000
PI-000053,goods_receipt,PI-000053|A03,n_putaway,Putaway to Warehouse,serviceTask,3,TK-0000215,EMP-0062,仓储专员,2024-01-06 09:10:57.630064,2024-01-06 09:44:15.630064,approve,1998000
PI-000054,invoice_verification,PI-000054|A01,n_enter_inv,Enter Incoming Invoice,userTask,1,TK-0000216,EMP-0076,财务专员,2024-01-10 06:59:44.942175,2024-01-10 07:11:16.942175,approve,692000
PI-000054,invoice_verification,PI-000054|A02,n_match,Three-Way Match,serviceTask,2,TK-0000217,EMP-0080,财务专员,2024-01-10 10:13:41.951104,2024-01-10 10:17:30.951104,approve,229000
PI-000054,invoice_verification,PI-000054|A03,n_appr_inv,Approve Invoice,userTask,3,TK-0000219,EMP-0086,应付会计,2024-01-10 10:55:16.372800,2024-01-10 13:12:54.372800,approve,8258000
PI-000054,invoice_verification,PI-000054|A03,n_appr_inv,Approve Invoice,userTask,3,TK-0000218,EMP-0085,应付会计,2024-01-10 11:22:14.346805,2024-01-10 11:57:09.346805,approve,2095000
PI-000054,invoice_verification,PI-000054|A04,n_pay,Post Payment,serviceTask,4,TK-0000220,EMP-0090,出纳,2024-01-10 15:23:00.364401,2024-01-10 15:40:09.364401,approve,1029000
PI-000054,invoice_verification,PI-000054|A05,n_clear,Clear Invoice,serviceTask,5,TK-0000221,EMP-0085,应付会计,2024-01-10 17:02:59.842670,2024-01-10 17:05:40.842670,approve,161000
PI-000055,invoice_verification,PI-000055|A01,n_enter_inv,Enter Incoming Invoice,userTask,1,TK-0000222,EMP-0082,财务专员,2024-01-15 03:22:53.411888,2024-01-15 03:51:07.411888,approve,1694000
PI-000055,invoice_verification,PI-000055|A02,n_match,Three-Way Match,serviceTask,2,TK-0000223,EMP-0081,财务专员,2024-01-15 04:30:51.049375,2024-01-15 04:40:51.049375,approve,600000
PI-000055,invoice_verification,PI-000055|A03,n_appr_inv,Approve Invoice,userTask,3,TK-0000225,EMP-0085,应付会计,2024-01-15 05:11:57.381251,2024-01-15 06:16:22.381251,approve,3865000
PI-000055,invoice_verification,PI-000055|A03,n_appr_inv,Approve Invoice,userTask,3,TK-0000224,EMP-0086,应付会计,2024-01-15 05:34:00.633432,2024-01-15 06:17:50.633432,approve,2630000
PI-000055,invoice_verification,PI-000055|A04,n_pay,Post Payment,serviceTask,4,TK-0000226,EMP-0090,出纳,2024-01-15 06:37:28.799565,2024-01-15 06:44:24.799565,approve,416000
PI-000055,invoice_verification,PI-000055|A05,n_clear,Clear Invoice,serviceTask,5,TK-0000227,EMP-0086,应付会计,2024-01-15 08:52:54.027400,2024-01-15 08:57:28.027400,approve,274000
PI-000056,purchase_requisition,PI-000056|A01,n_submit,Submit Purchase Requisition,userTask,1,TK-0000228,EMP-0023,采购申请人,2024-01-02 23:19:26.909789,2024-01-02 23:33:52.909789,approve,866000
PI-000056,purchase_requisition,PI-000056|A02,n_mgr_appr,Approve Requisition by Manager,userTask,2,TK-0000231,EMP-0042,部门经理,2024-01-03 00:07:23.214041,2024-01-03 02:18:55.214041,approve,7892000
PI-000056,purchase_requisition,PI-000056|A02,n_mgr_appr,Approve Requisition by Manager,userTask,2,TK-0000230,EMP-0046,部门经理,2024-01-03 00:08:23.406603,2024-01-03 00:41:23.406603,approve,1980000
PI-000056,purchase_requisition,PI-000056|A02,n_mgr_appr,Approve Requisition by Manager,userTask,2,TK-0000229,EMP-0045,部门经理,2024-01-03 00:58:15.565179,2024-01-03 01:56:44.565179,approve,3509000
PI-000056,purchase_requisition,PI-000056|A03,n_convert,Convert to Purchase Order,serviceTask,3,TK-0000232,EMP-0054,采购专员,2024-01-03 03:32:10.596434,2024-01-03 03:36:15.596434,approve,245000
PI-000057,purchase_order,PI-000057|A01,n_create_po,Create Purchase Order,serviceTask,1,TK-0000233,EMP-0060,采购专员,2024-01-03 10:46:09.516697,2024-01-03 10:56:39.516697,approve,630000
PI-000057,purchase_order,PI-000057|A02,n_dir_appr,Approve Purchase Order by Director,userTask,2,TK-0000234,EMP-0049,采购总监,2024-01-03 11:02:52.575091,2024-01-03 14:34:02.575091,approve,12670000
PI-000057,purchase_order,PI-000057|A03,n_send_po,Send Order to Supplier,serviceTask,3,TK-0000235,EMP-0059,采购专员,2024-01-03 16:31:14.599229,2024-01-03 16:33:57.599229,approve,163000
PI-000058,goods_receipt,PI-000058|A01,n_post_gr,Post Goods Receipt,serviceTask,1,TK-0000236,EMP-0068,仓储专员,2024-01-06 15:06:36.341976,2024-01-06 15:09:16.341976,approve,160000
PI-000058,goods_receipt,PI-000058|A02,n_inspect,Quality Inspection,userTask,2,TK-0000237,EMP-0070,质检员,2024-01-06 15:16:27.009052,2024-01-06 16:05:45.009052,approve,2958000
PI-000058,goods_receipt,PI-000058|A03,n_putaway,Putaway to Warehouse,serviceTask,3,TK-0000238,EMP-0069,仓储专员,2024-01-06 19:39:43.574541,2024-01-06 19:52:05.574541,approve,742000
PI-000059,goods_receipt,PI-000059|A01,n_post_gr,Post Goods Receipt,serviceTask,1,TK-0000239,EMP-0064,仓储专员,2024-01-08 06:07:50.608399,2024-01-08 06:16:55.608399,approve,545000
PI-000059,goods_receipt,PI-000059|A02,n_inspect,Quality Inspection,userTask,2,TK-0000240,EMP-0074,质检员,2024-01-08 09:43:07.274109,2024-01-08 10:29:01.274109,approve,2754000
PI-000059,goods_receipt,PI-000059|A03,n_putaway,Putaway to Warehouse,serviceTask,3,TK-0000241,EMP-0064,仓储专员,2024-01-08 12:26:13.376898,2024-01-08 12:49:31.376898,approve,1398000
PI-000060,invoice_verification,PI-000060|A01,n_enter_inv,Enter Incoming Invoice,userTask,1,TK-0000242,EMP-0080,财务专员,2024-01-11 14:04:32.994362,2024-01-11 14:21:27.994362,approve,1015000
PI-000060,invoice_verification,PI-000060|A02,n_match,Three-Way Match,serviceTask,2,TK-0000243,EMP-0079,财务专员,2024-01-11 17:08:41.088684,2024-01-11 17:15:12.088684,approve,391000
PI-000060,invoice_verification,PI-000060|A03,n_appr_inv,Approve Invoice,userTask,3,TK-0000245,EMP-0085,应付会计,2024-01-11 17:48:22.650237,2024-01-11 18:52:42.650237,approve,3860000
PI-000060,invoice_verification,PI-000060|A03,n_appr_inv,Approve Invoice,userTask,3,TK-0000244,EMP-0087,应付会计,2024-01-11 18:08:01.423430,2024-01-11 19:03:55.423430,approve,3354000
PI-000060,invoice_verification,PI-000060|A04,n_pay,Post Payment,serviceTask,4,TK-0000246,EMP-0090,出纳,2024-01-11 22:34:06.627755,2024-01-11 22:38:56.627755,approve,290000
PI-000060,invoice_verification,PI-000060|A05,n_clear,Clear Invoice,serviceTask,5,TK-0000247,EMP-0083,应付会计,2024-01-12 02:19:29.778121,2024-01-12 02:30:29.778121,approve,660000
PI-000061,purchase_requisition,PI-000061|A01,n_submit,Submit Purchase Requisition,userTask,1,TK-0000248,EMP-0034,采购申请人,2024-01-03 00:14:34.219792,2024-01-03 01:13:52.219792,approve,3558000
PI-000061,purchase_requisition,PI-000061|A02,n_mgr_appr,Approve Requisition by Manager,userTask,2,TK-0000250,EMP-0046,部门经理,2024-01-03 02:03:13.477018,2024-01-03 04:04:02.477018,approve,7249000
PI-000061,purchase_requisition,PI-000061|A02,n_mgr_appr,Approve Requisition by Manager,userTask,2,TK-0000249,EMP-0048,部门经理,2024-01-03 02:51:39.935725,2024-01-03 04:25:10.935725,approve,5611000
PI-000061,purchase_requisition,PI-000061|A03,n_convert,Convert to Purchase Order,serviceTask,3,TK-0000251,EMP-0053,采购专员,2024-01-03 06:37:21.341133,2024-01-03 07:07:33.341133,approve,1812000
PI-000062,purchase_order,PI-000062|A01,n_create_po,Create Purchase Order,serviceTask,1,TK-0000252,EMP-0053,采购专员,2024-01-03 11:32:00.756918,2024-01-03 11:48:29.756918,approve,989000
PI-000062,purchase_order,PI-000062|A02,n_dir_appr,Approve Purchase Order by Director,userTask,2,TK-0000253,EMP-0049,采购总监,2024-01-03 15:43:26.475544,2024-01-03 17:00:16.475544,reject,4610000
PI-000062,purchase_order,PI-000062|A03,n_revise_po,Revise Purchase Order,serviceTask,3,TK-0000254,EMP-0055,采购专员,2024-01-03 18:03:26.395287,2024-01-03 18:22:48.395287,approve,1162000
PI-000062,purchase_order,PI-000062|A04,n_create_po,Create Purchase Order,serviceTask,4,TK-0000255,EMP-0053,采购专员,2024-01-03 18:35:22.659427,2024-01-03 19:00:05.659427,approve,1483000
PI-000062,purchase_order,PI-000062|A05,n_dir_appr,Approve Purchase Order by Director,userTask,5,TK-0000256,EMP-0049,采购总监,2024-01-03 19:28:48.303082,2024-01-03 21:25:07.303082,approve,6979000
PI-000062,purchase_order,PI-000062|A06,n_send_po,Send Order to Supplier,serviceTask,6,TK-0000257,EMP-0055,采购专员,2024-01-03 23:36:57.916388,2024-01-03 23:56:30.916388,approve,1173000
PI-000063,goods_receipt,PI-000063|A01,n_post_gr,Post Goods Receipt,serviceTask,1,TK-0000258,EMP-0064,仓储专员,2024-01-05 04:19:56.832873,2024-01-05 04:32:28.832873,approve,752000
PI-000063,goods_receipt,PI-000063|A02,n_inspect,Quality Inspection,userTask,2,TK-0000259,EMP-0074,质检员,2024-01-05 08:04:12.798736,2024-01-05 10:52:54.798736,approve,10122000
PI-000063,goods_receipt,PI-000063|A03,n_putaway,Putaway to Warehouse,serviceTask,3,TK-0000260,EMP-0067,仓储专员,2024-01-05 14:39:11.167115,2024-01-05 15:57:34.167115,approve,4703000
PI-000064,invoice_verification,PI-000064|A01,n_enter_inv,Enter Incoming Invoice,userTask,1,TK-0000261,EMP-0082,财务专员,2024-01-07 16:39:21.593301,2024-01-07 16:50:38.593301,approve,677000
PI-000064,invoice_verification,PI-000064|A02,n_match,Three-Way Match,serviceTask,2,TK-0000262,EMP-0081,财务专员,2024-01-07 19:06:36.336592,2024-01-07 19:11:04.336592,approve,268000
PI-000064,invoice_verification,PI-000064|A03,n_appr_inv,Approve Invoice,userTask,3,TK-0000264,EMP-0083,应付会计,2024-01-07 19:15:21.962081,2024-01-07 20:24:12.962081,approve,4131000
PI-000064,invoice_verification,PI-000064|A03,n_appr_inv,Approve Invoice,userTask,3,TK-0000263,EMP-0085,应付会计,2024-01-07 20:17:40.221793,2024-01-07 20:52:05.221793,approve,2065000
PI-000064,invoice_verification,PI-000064|A04,n_pay,Post Payment,serviceTask,4,TK-0000265,EMP-0088,出纳,2024-01-08 00:21:24.803099,2024-01-08 00:26:53.803099,approve,329000
PI-000064,invoice_verification,PI-000064|A05,n_clear,Clear Invoice,serviceTask,5,TK-0000266,EMP-0084,应付会计,2024-01-08 02:41:38.121124,2024-01-08 02:51:52.121124,approve,614000
PI-000065,purchase_requisition,PI-000065|A01,n_submit,Submit Purchase Requisition,userTask,1,TK-0000267,EMP-0017,采购申请人,2024-01-03 04:59:14.800628,2024-01-03 06:15:53.800628,approve,4599000
PI-000065,purchase_requisition,PI-000065|A02,n_mgr_appr,Approve Requisition by Manager,userTask,2,TK-0000269,EMP-0046,部门经理,2024-01-03 06:26:44.192335,2024-01-03 07:09:53.192335,approve,2589000
PI-000065,purchase_requisition,PI-000065|A02,n_mgr_appr,Approve Requisition by Manager,userTask,2,TK-0000268,EMP-0044,部门经理,2024-01-03 06:37:40.667348,2024-01-03 07:48:18.667348,approve,4238000
PI-000065,purchase_requisition,PI-000065|A03,n_convert,Convert to Purchase Order,serviceTask,3,TK-0000270,EMP-0057,采购专员,2024-01-03 08:53:46.974631,2024-01-03 09:07:43.974631,approve,837000
PI-000066,purchase_order,PI-000066|A01,n_create_po,Create Purchase Order,serviceTask,1,TK-0000271,EMP-0053,采购专员,2024-01-04 11:54:33.368224,2024-01-04 12:29:53.368224,approve,2120000
PI-000066,purchase_order,PI-000066|A02,n_dir_appr,Approve Purchase Order by Director,userTask,2,TK-0000272,EMP-0051,采购总监,2024-01-04 13:10:22.886239,2024-01-04 13:58:44.886239,approve,2902000
PI-000066,purchase_order,PI-000066|A03,n_send_po,Send Order to Supplier,serviceTask,3,TK-0000273,EMP-0061,采购专员,2024-01-04 17:38:14.681751,2024-01-04 17:43:34.681751,approve,320000
PI-000067,goods_receipt,PI-000067|A01,n_post_gr,Post Goods Receipt,serviceTask,1,TK-0000274,EMP-0064,仓储专员,2024-01-05 04:14:40.482318,2024-01-05 04:29:12.482318,approve,872000
PI-000067,goods_receipt,PI-000067|A02,n_inspect,Quality Inspection,userTask,2,TK-0000275,EMP-0070,质检员,2024-01-05 06:01:52.509645,2024-01-05 06:36:35.509645,approve,2083000
PI-000067,goods_receipt,PI-000067|A03,n_putaway,Putaway to Warehouse,serviceTask,3,TK-0000276,EMP-0063,仓储专员,2024-01-05 09:15:13.183291,2024-01-05 09:28:52.183291,approve,819000
PI-000068,invoice_verification,PI-000068|A01,n_enter_inv,Enter Incoming Invoice,userTask,1,TK-0000277,EMP-0081,财务专员,2024-01-06 11:58:15.156414,2024-01-06 12:46:18.156414,approve,2883000
PI-000068,invoice_verification,PI-000068|A02,n_match,Three-Way Match,serviceTask,2,TK-0000278,EMP-0082,财务专员,2024-01-06 13:55:00.596657,2024-01-06 13:59:29.596657,approve,269000
PI-000068,invoice_verification,PI-000068|A03,n_appr_inv,Approve Invoice,userTask,3,TK-0000280,EMP-0084,应付会计,2024-01-06 14:24:35.666808,2024-01-06 14:38:23.666808,approve,828000
PI-000068,invoice_verification,PI-000068|A03,n_appr_inv,Approve Invoice,userTask,3,TK-0000279,EMP-0083,应付会计,2024-01-06 15:12:00.145775,2024-01-06 17:35:30.145775,approve,8610000
PI-000068,invoice_verification,PI-000068|A04,n_pay,Post Payment,serviceTask,4,TK-0000281,EMP-0090,出纳,2024-01-06 18:13:23.449154,2024-01-06 18:25:50.449154,approve,747000
PI-000068,invoice_verification,PI-000068|A05,n_clear,Clear Invoice,serviceTask,5,TK-0000282,EMP-0086,应付会计,2024-01-06 19:25:23.679616,2024-01-06 19:27:02.679616,approve,99000
PI-000069,invoice_verification,PI-000069|A01,n_enter_inv,Enter Incoming Invoice,userTask,1,TK-0000283,EMP-0079,财务专员,2024-01-11 18:59:51.920535,2024-01-11 19:22:59.920535,approve,1388000
PI-000069,invoice_verification,PI-000069|A02,n_match,Three-Way Match,serviceTask,2,TK-0000284,EMP-0077,财务专员,2024-01-11 22:07:43.618034,2024-01-11 22:17:35.618034,approve,592000
PI-000069,invoice_verification,PI-000069|A03,n_appr_inv,Approve Invoice,userTask,3,TK-0000285,EMP-0083,应付会计,2024-01-11 22:40:19.742685,2024-01-12 00:20:26.742685,approve,6007000
PI-000069,invoice_verification,PI-000069|A03,n_appr_inv,Approve Invoice,userTask,3,TK-0000286,EMP-0085,应付会计,2024-01-11 23:02:29.618440,2024-01-11 23:41:33.618440,approve,2344000
PI-000069,invoice_verification,PI-000069|A04,n_pay,Post Payment,serviceTask,4,TK-0000287,EMP-0089,出纳,2024-01-12 02:09:57.518381,2024-01-12 02:26:58.518381,approve,1021000
PI-000069,invoice_verification,PI-000069|A05,n_clear,Clear Invoice,serviceTask,5,TK-0000288,EMP-0086,应付会计,2024-01-12 04:17:27.214227,2024-01-12 04:24:09.214227,approve,402000
PI-000070,purchase_requisition,PI-000070|A01,n_submit,Submit Purchase Requisition,userTask,1,TK-0000289,EMP-0006,采购申请人,2024-01-03 05:22:07.728971,2024-01-03 05:37:45.728971,approve,938000
PI-000070,purchase_requisition,PI-000070|A02,n_mgr_appr,Approve Requisition by Manager,userTask,2,TK-0000291,EMP-0046,部门经理,2024-01-03 06:08:21.800290,2024-01-03 06:32:04.800290,approve,1423000
PI-000070,purchase_requisition,PI-000070|A02,n_mgr_appr,Approve Requisition by Manager,userTask,2,TK-0000290,EMP-0043,部门经理,2024-01-03 06:26:32.779933,2024-01-03 06:58:47.779933,approve,1935000
PI-000070,purchase_requisition,PI-000070|A03,n_convert,Convert to Purchase Order,serviceTask,3,TK-0000292,EMP-0053,采购专员,2024-01-03 08:28:39.641196,2024-01-03 08:38:31.641196,approve,592000
PI-000071,purchase_order,PI-000071|A01,n_create_po,Create Purchase Order,serviceTask,1,TK-0000293,EMP-0057,采购专员,2024-01-04 08:10:56.123525,2024-01-04 08:23:28.123525,approve,752000
PI-000071,purchase_order,PI-000071|A02,n_dir_appr,Approve Purchase Order by Director,userTask,2,TK-0000294,EMP-0049,采购总监,2024-01-04 09:45:03.119473,2024-01-04 10:11:18.119473,approve,1575000
PI-000071,purchase_order,PI-000071|A03,n_send_po,Send Order to Supplier,serviceTask,3,TK-0000295,EMP-0055,采购专员,2024-01-04 12:35:28.520656,2024-01-04 12:41:24.520656,approve,356000
PI-000072,goods_receipt,PI-000072|A01,n_post_gr,Post Goods Receipt,serviceTask,1,TK-0000296,EMP-0064,仓储专员,2024-01-06 13:54:30.035766,2024-01-06 14:11:57.035766,approve,1047000
PI-000072,goods_receipt,PI-000072|A02,n_inspect,Quality Inspection,userTask,2,TK-0000297,EMP-0073,质检员,2024-01-06 16:22:31.616123,2024-01-06 17:03:09.616123,approve,2438000
PI-000072,goods_receipt,PI-000072|A03,n_putaway,Putaway to Warehouse,serviceTask,3,TK-0000298,EMP-0063,仓储专员,2024-01-06 17:33:51.725019,2024-01-06 17:46:01.725019,approve,730000
PI-000073,invoice_verification,PI-000073|A01,n_enter_inv,Enter Incoming Invoice,userTask,1,TK-0000299,EMP-0080,财务专员,2024-01-10 04:27:23.362336,2024-01-10 04:50:21.362336,approve,1378000
PI-000073,invoice_verification,PI-000073|A02,n_match,Three-Way Match,serviceTask,2,TK-0000300,EMP-0078,财务专员,2024-01-10 06:40:06.839912,2024-01-10 06:44:36.839912,approve,270000
PI-000073,invoice_verification,PI-000073|A03,n_appr_inv,Approve Invoice,userTask,3,TK-0000301,EMP-0083,应付会计,2024-01-10 07:01:38.230482,2024-01-10 07:28:23.230482,approve,1605000
PI-000073,invoice_verification,PI-000073|A03,n_appr_inv,Approve Invoice,userTask,3,TK-0000302,EMP-0086,应付会计,2024-01-10 07:13:01.397483,2024-01-10 07:38:19.397483,approve,1518000
PI-000073,invoice_verification,PI-000073|A04,n_pay,Post Payment,serviceTask,4,TK-0000303,EMP-0089,出纳,2024-01-10 10:32:59.512083,2024-01-10 10:44:16.512083,approve,677000
PI-000073,invoice_verification,PI-000073|A05,n_clear,Clear Invoice,serviceTask,5,TK-0000304,EMP-0083,应付会计,2024-01-10 10:54:34.962207,2024-01-10 10:59:25.962207,approve,291000
PI-000074,purchase_requisition,PI-000074|A01,n_submit,Submit Purchase Requisition,userTask,1,TK-0000305,EMP-0016,采购申请人,2024-01-03 14:29:59.580262,2024-01-03 14:49:56.580262,approve,1197000
PI-000074,purchase_requisition,PI-000074|A02,n_mgr_appr,Approve Requisition by Manager,userTask,2,TK-0000307,EMP-0046,部门经理,2024-01-03 14:52:12.066413,2024-01-03 15:29:31.066413,approve,2239000
PI-000074,purchase_requisition,PI-000074|A02,n_mgr_appr,Approve Requisition by Manager,userTask,2,TK-0000308,EMP-0045,部门经理,2024-01-03 15:32:45.664169,2024-01-03 17:51:52.664169,approve,8347000
PI-000074,purchase_requisition,PI-000074|A02,n_mgr_appr,Approve Requisition by Manager,userTask,2,TK-0000306,EMP-0041,部门经理,2024-01-03 16:36:29.952145,2024-01-03 17:30:26.952145,approve,3237000
PI-000074,purchase_requisition,PI-000074|A03,n_convert,Convert to Purchase Order,serviceTask,3,TK-0000309,EMP-0057,采购专员,2024-01-03 19:13:29.051423,2024-01-03 19:22:48.051423,approve,559000
PI-000075,purchase_order,PI-000075|A01,n_create_po,Create Purchase Order,serviceTask,1,TK-0000310,EMP-0056,采购专员,2024-01-04 18:41:03.732108,2024-01-04 19:01:55.732108,approve,1252000
PI-000075,purchase_order,PI-000075|A02,n_dir_appr,Approve Purchase Order by Director,userTask,2,TK-0000311,EMP-0050,采购总监,2024-01-04 21:49:53.187346,2024-01-04 23:21:55.187346,reject,5522000
PI-000075,purchase_order,PI-000075|A03,n_revise_po,Revise Purchase Order,serviceTask,3,TK-0000312,EMP-0054,采购专员,2024-01-05 01:21:17.237387,2024-01-05 02:04:50.237387,approve,2613000
PI-000075,purchase_order,PI-000075|A04,n_create_po,Create Purchase Order,serviceTask,4,TK-0000313,EMP-0054,采购专员,2024-01-05 04:20:14.504706,2024-01-05 04:35:01.504706,approve,887000
PI-000075,purchase_order,PI-000075|A05,n_dir_appr,Approve Purchase Order by Director,userTask,5,TK-0000314,EMP-0050,采购总监,2024-01-05 08:23:42.476208,2024-01-05 09:51:39.476208,reject,5277000
PI-000075,purchase_order,PI-000075|A06,n_revise_po,Revise Purchase Order,serviceTask,6,TK-0000315,EMP-0059,采购专员,2024-01-05 11:32:48.270520,2024-01-05 11:56:57.270520,approve,1449000
PI-000075,purchase_order,PI-000075|A07,n_create_po,Create Purchase Order,serviceTask,7,TK-0000316,EMP-0054,采购专员,2024-01-05 12:21:22.926344,2024-01-05 12:31:59.926344,approve,637000
PI-000075,purchase_order,PI-000075|A08,n_dir_appr,Approve Purchase Order by Director,userTask,8,TK-0000317,EMP-0050,采购总监,2024-01-05 14:49:55.597847,2024-01-05 17:42:03.597847,approve,10328000
PI-000075,purchase_order,PI-000075|A09,n_send_po,Send Order to Supplier,serviceTask,9,TK-0000318,EMP-0056,采购专员,2024-01-05 20:49:12.691540,2024-01-05 20:58:25.691540,approve,553000
PI-000076,goods_receipt,PI-000076|A01,n_post_gr,Post Goods Receipt,serviceTask,1,TK-0000319,EMP-0069,仓储专员,2024-01-06 20:55:34.037855,2024-01-06 21:14:50.037855,approve,1156000
PI-000076,goods_receipt,PI-000076|A02,n_inspect,Quality Inspection,userTask,2,TK-0000320,EMP-0074,质检员,2024-01-06 23:48:32.103751,2024-01-07 00:16:46.103751,approve,1694000
PI-000076,goods_receipt,PI-000076|A03,n_putaway,Putaway to Warehouse,serviceTask,3,TK-0000321,EMP-0062,仓储专员,2024-01-07 02:35:44.152013,2024-01-07 03:08:45.152013,approve,1981000
PI-000077,goods_receipt,PI-000077|A01,n_post_gr,Post Goods Receipt,serviceTask,1,TK-0000322,EMP-0068,仓储专员,2024-01-09 17:53:25.379130,2024-01-09 17:57:39.379130,approve,254000
PI-000077,goods_receipt,PI-000077|A02,n_inspect,Quality Inspection,userTask,2,TK-0000323,EMP-0073,质检员,2024-01-09 19:57:40.747165,2024-01-09 20:48:46.747165,approve,3066000
PI-000077,goods_receipt,PI-000077|A03,n_putaway,Putaway to Warehouse,serviceTask,3,TK-0000324,EMP-0063,仓储专员,2024-01-09 22:28:26.943069,2024-01-09 23:48:34.943069,approve,4808000
PI-000078,invoice_verification,PI-000078|A01,n_enter_inv,Enter Incoming Invoice,userTask,1,TK-0000325,EMP-0076,财务专员,2024-01-13 02:15:45.718842,2024-01-13 02:37:17.718842,approve,1292000
PI-000078,invoice_verification,PI-000078|A02,n_match,Three-Way Match,serviceTask,2,TK-0000326,EMP-0081,财务专员,2024-01-13 03:33:29.120926,2024-01-13 03:40:40.120926,reject,431000
PI-000078,invoice_verification,PI-000078|A03,n_park,Park Invoice,userTask,3,TK-0000327,EMP-0080,财务专员,2024-01-13 05:54:17.199476,2024-01-13 06:44:52.199476,approve,3035000
PI-000078,invoice_verification,PI-000078|A04,n_handle_exc,Handle Invoice Exception,userTask,4,TK-0000328,EMP-0077,财务专员,2024-01-13 08:33:34.331355,2024-01-13 08:52:36.331355,approve,1142000
PI-000078,invoice_verification,PI-000078|A05,n_match,Three-Way Match,serviceTask,5,TK-0000329,EMP-0077,财务专员,2024-01-13 12:23:05.700862,2024-01-13 12:29:44.700862,approve,399000
PI-000078,invoice_verification,PI-000078|A06,n_appr_inv,Approve Invoice,userTask,6,TK-0000331,EMP-0085,应付会计,2024-01-13 12:37:02.074034,2024-01-13 13:03:59.074034,approve,1617000
PI-000078,invoice_verification,PI-000078|A06,n_appr_inv,Approve Invoice,userTask,6,TK-0000330,EMP-0086,应付会计,2024-01-13 13:58:14.020570,2024-01-13 15:23:46.020570,approve,5132000
PI-000078,invoice_verification,PI-000078|A07,n_pay,Post Payment,serviceTask,7,TK-0000332,EMP-0090,出纳,2024-01-13 16:21:55.311717,2024-01-13 17:05:15.311717,approve,2600000
PI-000078,invoice_verification,PI-000078|A08,n_clear,Clear Invoice,serviceTask,8,TK-0000333,EMP-0086,应付会计,2024-01-13 19:53:21.148833,2024-01-13 19:59:08.148833,approve,347000
PI-000079,purchase_requisition,PI-000079|A01,n_submit,Submit Purchase Requisition,userTask,1,TK-0000334,EMP-0007,采购申请人,2024-01-03 22:30:03.676984,2024-01-03 23:05:33.676984,approve,2130000
PI-000079,purchase_requisition,PI-000079|A02,n_mgr_appr,Approve Requisition by Manager,userTask,2,TK-0000335,EMP-0043,部门经理,2024-01-03 23:50:56.872244,2024-01-04 00:06:11.872244,approve,915000
PI-000079,purchase_requisition,PI-000079|A02,n_mgr_appr,Approve Requisition by Manager,userTask,2,TK-0000336,EMP-0044,部门经理,2024-01-04 00:00:54.908538,2024-01-04 01:17:56.908538,approve,4622000
PI-000079,purchase_requisition,PI-000079|A03,n_convert,Convert to Purchase Order,serviceTask,3,TK-0000337,EMP-0054,采购专员,2024-01-04 04:19:46.392154,2024-01-04 04:31:40.392154,approve,714000
PI-000080,purchase_order,PI-000080|A01,n_create_po,Create Purchase Order,serviceTask,1,TK-0000338,EMP-0052,采购专员,2024-01-05 01:22:47.468275,2024-01-05 01:42:28.468275,approve,1181000
PI-000080,purchase_order,PI-000080|A02,n_dir_appr,Approve Purchase Order by Director,userTask,2,TK-0000339,EMP-0050,采购总监,2024-01-05 04:19:19.462097,2024-01-05 12:09:10.462097,approve,28191000
PI-000080,purchase_order,PI-000080|A03,n_send_po,Send Order to Supplier,serviceTask,3,TK-0000340,EMP-0055,采购专员,2024-01-05 14:11:34.575929,2024-01-05 14:17:55.575929,approve,381000
PI-000081,goods_receipt,PI-000081|A01,n_post_gr,Post Goods Receipt,serviceTask,1,TK-0000341,EMP-0069,仓储专员,2024-01-06 21:41:57.303641,2024-01-06 21:47:53.303641,approve,356000
PI-000081,goods_receipt,PI-000081|A02,n_inspect,Quality Inspection,userTask,2,TK-0000342,EMP-0073,质检员,2024-01-06 23:51:56.513161,2024-01-07 00:53:15.513161,reject,3679000
PI-000081,goods_receipt,PI-000081|A03,n_return,Return to Supplier,serviceTask,3,TK-0000343,EMP-0063,仓储专员,2024-01-07 03:28:47.088926,2024-01-07 04:05:42.088926,approve,2215000
PI-000082,invoice_verification,PI-000082|A01,n_enter_inv,Enter Incoming Invoice,userTask,1,TK-0000344,EMP-0080,财务专员,2024-01-12 02:43:44.672424,2024-01-12 03:49:59.672424,approve,3975000
PI-000082,invoice_verification,PI-000082|A02,n_match,Three-Way Match,serviceTask,2,TK-0000345,EMP-0081,财务专员,2024-01-12 06:46:32.085546,2024-01-12 06:49:51.085546,reject,199000
PI-000082,invoice_verification,PI-000082|A03,n_park,Park Invoice,userTask,3,TK-0000346,EMP-0079,财务专员,2024-01-12 09:31:22.807608,2024-01-12 09:56:32.807608,approve,1510000
PI-000082,invoice_verification,PI-000082|A04,n_handle_exc,Handle Invoice Exception,userTask,4,TK-0000347,EMP-0077,财务专员,2024-01-12 12:46:23.952126,2024-01-12 13:54:31.952126,approve,4088000
PI-000082,invoice_verification,PI-000082|A05,n_match,Three-Way Match,serviceTask,5,TK-0000348,EMP-0077,财务专员,2024-01-12 16:55:43.799142,2024-01-12 17:01:22.799142,reject,339000
PI-000082,invoice_verification,PI-000082|A06,n_park,Park Invoice,userTask,6,TK-0000349,EMP-0076,财务专员,2024-01-12 19:02:58.479864,2024-01-12 19:23:14.479864,approve,1216000
PI-000082,invoice_verification,PI-000082|A07,n_handle_exc,Handle Invoice Exception,userTask,7,TK-0000350,EMP-0077,财务专员,2024-01-12 20:54:38.877532,2024-01-12 21:37:51.877532,approve,2593000
PI-000082,invoice_verification,PI-000082|A08,n_match,Three-Way Match,serviceTask,8,TK-0000351,EMP-0076,财务专员,2024-01-12 22:36:32.379898,2024-01-12 22:44:37.379898,approve,485000
PI-000082,invoice_verification,PI-000082|A09,n_appr_inv,Approve Invoice,userTask,9,TK-0000353,EMP-0086,应付会计,2024-01-12 22:59:38.693190,2024-01-12 23:14:03.693190,approve,865000
PI-000082,invoice_verification,PI-000082|A09,n_appr_inv,Approve Invoice,userTask,9,TK-0000352,EMP-0085,应付会计,2024-01-13 00:35:26.943060,2024-01-13 02:20:54.943060,approve,6328000
PI-000082,invoice_verification,PI-000082|A10,n_pay,Post Payment,serviceTask,10,TK-0000354,EMP-0088,出纳,2024-01-13 04:23:53.720350,2024-01-13 04:45:29.720350,approve,1296000
PI-000082,invoice_verification,PI-000082|A11,n_clear,Clear Invoice,serviceTask,11,TK-0000355,EMP-0083,应付会计,2024-01-13 08:34:42.239995,2024-01-13 08:36:58.239995,approve,136000
PI-000083,invoice_verification,PI-000083|A01,n_enter_inv,Enter Incoming Invoice,userTask,1,TK-0000356,EMP-0075,财务专员,2024-01-15 04:06:40.867872,2024-01-15 04:14:29.867872,approve,469000
PI-000083,invoice_verification,PI-000083|A02,n_match,Three-Way Match,serviceTask,2,TK-0000357,EMP-0080,财务专员,2024-01-15 06:38:32.710055,2024-01-15 06:46:15.710055,approve,463000
PI-000083,invoice_verification,PI-000083|A03,n_appr_inv,Approve Invoice,userTask,3,TK-0000359,EMP-0083,应付会计,2024-01-15 06:48:49.100029,2024-01-15 07:10:47.100029,approve,1318000
PI-000083,invoice_verification,PI-000083|A03,n_appr_inv,Approve Invoice,userTask,3,TK-0000358,EMP-0084,应付会计,2024-01-15 08:38:29.253030,2024-01-15 10:03:38.253030,approve,5109000
PI-000083,invoice_verification,PI-000083|A04,n_pay,Post Payment,serviceTask,4,TK-0000360,EMP-0090,出纳,2024-01-15 12:59:31.985080,2024-01-15 13:03:52.985080,approve,261000
PI-000083,invoice_verification,PI-000083|A05,n_clear,Clear Invoice,serviceTask,5,TK-0000361,EMP-0086,应付会计,2024-01-15 16:54:45.694439,2024-01-15 16:59:18.694439,approve,273000
PI-000084,purchase_requisition,PI-000084|A01,n_submit,Submit Purchase Requisition,userTask,1,TK-0000362,EMP-0027,采购申请人,2024-01-04 04:39:53.456749,2024-01-04 05:05:20.456749,approve,1527000
PI-000084,purchase_requisition,PI-000084|A02,n_mgr_appr,Approve Requisition by Manager,userTask,2,TK-0000363,EMP-0044,部门经理,2024-01-04 05:40:21.294228,2024-01-04 06:00:01.294228,reject,1180000
PI-000084,purchase_requisition,PI-000084|A02,n_mgr_appr,Approve Requisition by Manager,userTask,2,TK-0000364,EMP-0043,部门经理,2024-01-04 05:47:58.981859,2024-01-04 07:18:46.981859,reject,5448000
PI-000084,purchase_requisition,PI-000084|A03,n_revise,Revise Requisition,userTask,3,TK-0000365,EMP-0027,采购申请人,2024-01-04 08:11:25.229890,2024-01-04 09:41:17.229890,approve,5392000
PI-000084,purchase_requisition,PI-000084|A04,n_submit,Submit Purchase Requisition,userTask,4,TK-0000366,EMP-0027,采购申请人,2024-01-04 10:24:54.917118,2024-01-04 10:48:14.917118,approve,1400000
PI-000084,purchase_requisition,PI-000084|A05,n_convert,Convert to Purchase Order,serviceTask,5,TK-0000367,EMP-0055,采购专员,2024-01-04 12:39:26.947903,2024-01-04 12:46:51.947903,approve,445000
PI-000085,purchase_order,PI-000085|A01,n_create_po,Create Purchase Order,serviceTask,1,TK-0000368,EMP-0055,采购专员,2024-01-05 00:51:37.731504,2024-01-05 01:04:46.731504,approve,789000
PI-000085,purchase_order,PI-000085|A02,n_send_po,Send Order to Supplier,serviceTask,2,TK-0000369,EMP-0054,采购专员,2024-01-05 01:17:04.989020,2024-01-05 01:21:07.989020,approve,243000
PI-000086,goods_receipt,PI-000086|A01,n_post_gr,Post Goods Receipt,serviceTask,1,TK-0000370,EMP-0065,仓储专员,2024-01-05 13:43:58.919766,2024-01-05 14:06:15.919766,approve,1337000
PI-000086,goods_receipt,PI-000086|A02,n_inspect,Quality Inspection,userTask,2,TK-0000371,EMP-0074,质检员,2024-01-05 16:29:00.194172,2024-01-05 18:21:50.194172,approve,6770000
PI-000086,goods_receipt,PI-000086|A03,n_putaway,Putaway to Warehouse,serviceTask,3,TK-0000372,EMP-0067,仓储专员,2024-01-05 18:55:37.834168,2024-01-05 20:09:17.834168,approve,4420000
PI-000087,goods_receipt,PI-000087|A01,n_post_gr,Post Goods Receipt,serviceTask,1,TK-0000373,EMP-0064,仓储专员,2024-01-07 05:10:54.409755,2024-01-07 05:22:01.409755,approve,667000
PI-000087,goods_receipt,PI-000087|A02,n_inspect,Quality Inspection,userTask,2,TK-0000374,EMP-0072,质检员,2024-01-07 07:24:15.781456,2024-01-07 09:12:59.781456,approve,6524000
PI-000087,goods_receipt,PI-000087|A03,n_putaway,Putaway to Warehouse,serviceTask,3,TK-0000375,EMP-0068,仓储专员,2024-01-07 10:04:52.136530,2024-01-07 11:24:19.136530,approve,4767000
PI-000088,invoice_verification,PI-000088|A01,n_enter_inv,Enter Incoming Invoice,userTask,1,TK-0000376,EMP-0080,财务专员,2024-01-12 12:08:17.637060,2024-01-12 12:50:08.637060,approve,2511000
PI-000088,invoice_verification,PI-000088|A02,n_match,Three-Way Match,serviceTask,2,TK-0000377,EMP-0079,财务专员,2024-01-12 13:37:24.040879,2024-01-12 13:43:27.040879,approve,363000
PI-000088,invoice_verification,PI-000088|A03,n_appr_inv,Approve Invoice,userTask,3,TK-0000379,EMP-0085,应付会计,2024-01-12 14:00:54.554843,2024-01-12 15:27:52.554843,approve,5218000
PI-000088,invoice_verification,PI-000088|A03,n_appr_inv,Approve Invoice,userTask,3,TK-0000378,EMP-0086,应付会计,2024-01-12 15:16:38.251841,2024-01-12 15:28:58.251841,approve,740000
PI-000088,invoice_verification,PI-000088|A04,n_pay,Post Payment,serviceTask,4,TK-0000380,EMP-0088,出纳,2024-01-12 16:15:21.267024,2024-01-12 16:36:38.267024,approve,1277000
PI-000088,invoice_verification,PI-000088|A05,n_clear,Clear Invoice,serviceTask,5,TK-0000381,EMP-0087,应付会计,2024-01-12 16:48:15.979657,2024-01-12 16:55:23.979657,approve,428000
PI-000089,purchase_requisition,PI-000089|A01,n_submit,Submit Purchase Requisition,userTask,1,TK-0000382,EMP-0032,采购申请人,2024-01-04 10:31:34.315878,2024-01-04 10:59:52.315878,approve,1698000
PI-000089,purchase_requisition,PI-000089|A02,n_mgr_appr,Approve Requisition by Manager,userTask,2,TK-0000384,EMP-0048,部门经理,2024-01-04 11:08:18.319538,2024-01-04 12:11:21.319538,approve,3783000
PI-000089,purchase_requisition,PI-000089|A02,n_mgr_appr,Approve Requisition by Manager,userTask,2,TK-0000383,EMP-0046,部门经理,2024-01-04 11:25:16.788999,2024-01-04 12:45:09.788999,approve,4793000
PI-000089,purchase_requisition,PI-000089|A03,n_convert,Convert to Purchase Order,serviceTask,3,TK-0000385,EMP-0058,采购专员,2024-01-04 15:07:52.623950,2024-01-04 15:15:21.623950,approve,449000
PI-000090,purchase_order,PI-000090|A01,n_create_po,Create Purchase Order,serviceTask,1,TK-0000386,EMP-0056,采购专员,2024-01-04 20:27:31.983790,2024-01-04 21:03:53.983790,approve,2182000
PI-000090,purchase_order,PI-000090|A02,n_send_po,Send Order to Supplier,serviceTask,2,TK-0000387,EMP-0052,采购专员,2024-01-04 21:51:41.336550,2024-01-04 21:53:16.336550,approve,95000
PI-000091,goods_receipt,PI-000091|A01,n_post_gr,Post Goods Receipt,serviceTask,1,TK-0000388,EMP-0067,仓储专员,2024-01-07 04:48:10.067808,2024-01-07 05:12:13.067808,approve,1443000
PI-000091,goods_receipt,PI-000091|A02,n_inspect,Quality Inspection,userTask,2,TK-0000389,EMP-0072,质检员,2024-01-07 06:06:29.616218,2024-01-07 07:10:47.616218,approve,3858000
PI-000091,goods_receipt,PI-000091|A03,n_putaway,Putaway to Warehouse,serviceTask,3,TK-0000390,EMP-0062,仓储专员,2024-01-07 08:46:29.329299,2024-01-07 10:01:05.329299,approve,4476000
PI-000092,invoice_verification,PI-000092|A01,n_enter_inv,Enter Incoming Invoice,userTask,1,TK-0000391,EMP-0078,财务专员,2024-01-09 22:21:33.497081,2024-01-09 22:38:57.497081,approve,1044000
PI-000092,invoice_verification,PI-000092|A02,n_match,Three-Way Match,serviceTask,2,TK-0000392,EMP-0077,财务专员,2024-01-10 02:12:37.327956,2024-01-10 02:18:55.327956,reject,378000
PI-000092,invoice_verification,PI-000092|A03,n_park,Park Invoice,userTask,3,TK-0000393,EMP-0075,财务专员,2024-01-10 02:47:43.063091,2024-01-10 03:00:38.063091,approve,775000
PI-000092,invoice_verification,PI-000092|A04,n_handle_exc,Handle Invoice Exception,userTask,4,TK-0000394,EMP-0079,财务专员,2024-01-10 05:40:52.493378,2024-01-10 06:26:42.493378,approve,2750000
PI-000092,invoice_verification,PI-000092|A05,n_match,Three-Way Match,serviceTask,5,TK-0000395,EMP-0082,财务专员,2024-01-10 07:07:48.111455,2024-01-10 07:13:46.111455,approve,358000
PI-000092,invoice_verification,PI-000092|A06,n_appr_inv,Approve Invoice,userTask,6,TK-0000397,EMP-0083,应付会计,2024-01-10 07:20:31.249065,2024-01-10 08:51:20.249065,approve,5449000
PI-000092,invoice_verification,PI-000092|A06,n_appr_inv,Approve Invoice,userTask,6,TK-0000396,EMP-0084,应付会计,2024-01-10 07:21:43.687735,2024-01-10 07:50:19.687735,approve,1716000
PI-000092,invoice_verification,PI-000092|A07,n_pay,Post Payment,serviceTask,7,TK-0000398,EMP-0089,出纳,2024-01-10 12:26:38.021581,2024-01-10 12:32:05.021581,approve,327000
PI-000092,invoice_verification,PI-000092|A08,n_clear,Clear Invoice,serviceTask,8,TK-0000399,EMP-0085,应付会计,2024-01-10 16:05:10.468549,2024-01-10 16:09:41.468549,approve,271000
PI-000093,purchase_requisition,PI-000093|A01,n_submit,Submit Purchase Requisition,userTask,1,TK-0000400,EMP-0015,采购申请人,2024-01-04 17:17:22.048310,2024-01-04 17:23:10.048310,approve,348000
PI-000093,purchase_requisition,PI-000093|A02,n_mgr_appr,Approve Requisition by Manager,userTask,2,TK-0000402,EMP-0047,部门经理,2024-01-04 18:05:01.044715,2024-01-04 21:29:32.044715,approve,12271000
PI-000093,purchase_requisition,PI-000093|A02,n_mgr_appr,Approve Requisition by Manager,userTask,2,TK-0000401,EMP-0041,部门经理,2024-01-04 18:12:41.080378,2024-01-04 20:24:44.080378,approve,7923000
PI-000093,purchase_requisition,PI-000093|A03,n_convert,Convert to Purchase Order,serviceTask,3,TK-0000403,EMP-0058,采购专员,2024-01-05 01:06:41.203254,2024-01-05 01:23:27.203254,approve,1006000
PI-000094,purchase_order,PI-000094|A01,n_create_po,Create Purchase Order,serviceTask,1,TK-0000404,EMP-0055,采购专员,2024-01-05 06:23:48.566853,2024-01-05 07:01:28.566853,approve,2260000
PI-000094,purchase_order,PI-000094|A02,n_send_po,Send Order to Supplier,serviceTask,2,TK-0000405,EMP-0053,采购专员,2024-01-05 07:26:55.653769,2024-01-05 07:32:43.653769,approve,348000
PI-000095,goods_receipt,PI-000095|A01,n_post_gr,Post Goods Receipt,serviceTask,1,TK-0000406,EMP-0063,仓储专员,2024-01-05 23:43:35.005457,2024-01-05 23:56:37.005457,approve,782000
PI-000095,goods_receipt,PI-000095|A02,n_inspect,Quality Inspection,userTask,2,TK-0000407,EMP-0072,质检员,2024-01-06 03:27:55.304691,2024-01-06 03:47:43.304691,approve,1188000
PI-000095,goods_receipt,PI-000095|A03,n_putaway,Putaway to Warehouse,serviceTask,3,TK-0000408,EMP-0064,仓储专员,2024-01-06 04:57:26.644094,2024-01-06 05:07:29.644094,approve,603000
PI-000096,invoice_verification,PI-000096|A01,n_enter_inv,Enter Incoming Invoice,userTask,1,TK-0000409,EMP-0082,财务专员,2024-01-08 03:16:05.343380,2024-01-08 03:59:16.343380,approve,2591000
PI-000096,invoice_verification,PI-000096|A02,n_match,Three-Way Match,serviceTask,2,TK-0000410,EMP-0076,财务专员,2024-01-08 07:52:48.546042,2024-01-08 07:57:48.546042,approve,300000
PI-000096,invoice_verification,PI-000096|A03,n_appr_inv,Approve Invoice,userTask,3,TK-0000412,EMP-0086,应付会计,2024-01-08 08:52:47.292205,2024-01-08 09:33:03.292205,approve,2416000
PI-000096,invoice_verification,PI-000096|A03,n_appr_inv,Approve Invoice,userTask,3,TK-0000411,EMP-0085,应付会计,2024-01-08 09:12:22.902056,2024-01-08 09:33:02.902056,approve,1240000
PI-000096,invoice_verification,PI-000096|A04,n_pay,Post Payment,serviceTask,4,TK-0000413,EMP-0089,出纳,2024-01-08 12:50:59.637438,2024-01-08 13:03:14.637438,approve,735000
PI-000096,invoice_verification,PI-000096|A05,n_clear,Clear Invoice,serviceTask,5,TK-0000414,EMP-0087,应付会计,2024-01-08 14:43:02.367926,2024-01-08 14:55:12.367926,approve,730000
PI-000097,invoice_verification,PI-000097|A01,n_enter_inv,Enter Incoming Invoice,userTask,1,TK-0000415,EMP-0075,财务专员,2024-01-13 01:30:05.580849,2024-01-13 01:43:17.580849,approve,792000
PI-000097,invoice_verification,PI-000097|A02,n_match,Three-Way Match,serviceTask,2,TK-0000416,EMP-0082,财务专员,2024-01-13 03:46:59.862736,2024-01-13 03:56:36.862736,approve,577000
PI-000097,invoice_verification,PI-000097|A03,n_appr_inv,Approve Invoice,userTask,3,TK-0000418,EMP-0086,应付会计,2024-01-13 04:50:29.694619,2024-01-13 07:01:10.694619,approve,7841000
PI-000097,invoice_verification,PI-000097|A03,n_appr_inv,Approve Invoice,userTask,3,TK-0000417,EMP-0084,应付会计,2024-01-13 05:09:06.336450,2024-01-13 05:49:23.336450,approve,2417000
PI-000097,invoice_verification,PI-000097|A04,n_pay,Post Payment,serviceTask,4,TK-0000419,EMP-0089,出纳,2024-01-13 07:17:50.774323,2024-01-13 07:25:33.774323,approve,463000
PI-000097,invoice_verification,PI-000097|A05,n_clear,Clear Invoice,serviceTask,5,TK-0000420,EMP-0084,应付会计,2024-01-13 08:33:47.852791,2024-01-13 08:39:09.852791,approve,322000
PI-000098,purchase_requisition,PI-000098|A01,n_submit,Submit Purchase Requisition,userTask,1,TK-0000421,EMP-0001,采购申请人,2024-01-04 20:58:03.979208,2024-01-04 21:03:29.979208,approve,326000
PI-000098,purchase_requisition,PI-000098|A02,n_convert,Convert to Purchase Order,serviceTask,2,TK-0000422,EMP-0056,采购专员,2024-01-04 22:48:05.655097,2024-01-04 22:56:02.655097,approve,477000
PI-000099,purchase_order,PI-000099|A01,n_create_po,Create Purchase Order,serviceTask,1,TK-0000423,EMP-0057,采购专员,2024-01-05 19:28:19.896009,2024-01-05 20:19:04.896009,approve,3045000
PI-000099,purchase_order,PI-000099|A02,n_dir_appr,Approve Purchase Order by Director,userTask,2,TK-0000424,EMP-0050,采购总监,2024-01-05 21:08:20.773154,2024-01-05 22:40:49.773154,approve,5549000
PI-000099,purchase_order,PI-000099|A03,n_send_po,Send Order to Supplier,serviceTask,3,TK-0000425,EMP-0061,采购专员,2024-01-06 00:20:47.560964,2024-01-06 00:24:40.560964,approve,233000
PI-000100,goods_receipt,PI-000100|A01,n_post_gr,Post Goods Receipt,serviceTask,1,TK-0000426,EMP-0065,仓储专员,2024-01-07 21:13:32.339705,2024-01-07 21:30:00.339705,approve,988000
PI-000100,goods_receipt,PI-000100|A02,n_inspect,Quality Inspection,userTask,2,TK-0000427,EMP-0072,质检员,2024-01-08 00:53:40.751049,2024-01-08 01:23:06.751049,approve,1766000
PI-000100,goods_receipt,PI-000100|A03,n_putaway,Putaway to Warehouse,serviceTask,3,TK-0000428,EMP-0064,仓储专员,2024-01-08 05:10:38.370710,2024-01-08 07:10:54.370710,approve,7216000
PI-000101,invoice_verification,PI-000101|A01,n_enter_inv,Enter Incoming Invoice,userTask,1,TK-0000429,EMP-0080,财务专员,2024-01-10 13:03:37.600403,2024-01-10 13:08:21.600403,approve,284000
PI-000101,invoice_verification,PI-000101|A02,n_match,Three-Way Match,serviceTask,2,TK-0000430,EMP-0076,财务专员,2024-01-10 15:04:19.897925,2024-01-10 15:09:35.897925,approve,316000
PI-000101,invoice_verification,PI-000101|A03,n_appr_inv,Approve Invoice,userTask,3,TK-0000431,EMP-0083,应付会计,2024-01-10 15:30:23.718213,2024-01-10 15:57:34.718213,approve,1631000
PI-000101,invoice_verification,PI-000101|A03,n_appr_inv,Approve Invoice,userTask,3,TK-0000432,EMP-0084,应付会计,2024-01-10 15:44:37.422411,2024-01-10 17:47:37.422411,approve,7380000
PI-000101,invoice_verification,PI-000101|A04,n_pay,Post Payment,serviceTask,4,TK-0000433,EMP-0090,出纳,2024-01-10 18:35:00.452855,2024-01-10 18:40:38.452855,approve,338000
PI-000101,invoice_verification,PI-000101|A05,n_clear,Clear Invoice,serviceTask,5,TK-0000434,EMP-0085,应付会计,2024-01-10 21:14:44.888320,2024-01-10 21:23:28.888320,approve,524000
PI-000102,purchase_requisition,PI-000102|A01,n_submit,Submit Purchase Requisition,userTask,1,TK-0000435,EMP-0006,采购申请人,2024-01-05 03:02:31.242165,2024-01-05 03:26:50.242165,approve,1459000
PI-000102,purchase_requisition,PI-000102|A02,n_mgr_appr,Approve Requisition by Manager,userTask,2,TK-0000436,EMP-0044,部门经理,2024-01-05 03:32:18.696619,2024-01-05 04:58:31.696619,approve,5173000
PI-000102,purchase_requisition,PI-000102|A02,n_mgr_appr,Approve Requisition by Manager,userTask,2,TK-0000438,EMP-0046,部门经理,2024-01-05 03:58:01.853111,2024-01-05 04:44:47.853111,approve,2806000
PI-000102,purchase_requisition,PI-000102|A02,n_mgr_appr,Approve Requisition by Manager,userTask,2,TK-0000437,EMP-0041,部门经理,2024-01-05 04:19:42.150436,2024-01-05 05:06:21.150436,approve,2799000
PI-000102,purchase_requisition,PI-000102|A03,n_convert,Convert to Purchase Order,serviceTask,3,TK-0000439,EMP-0059,采购专员,2024-01-05 08:02:23.580387,2024-01-05 08:14:17.580387,approve,714000
PI-000103,purchase_order,PI-000103|A01,n_create_po,Create Purchase Order,serviceTask,1,TK-0000440,EMP-0052,采购专员,2024-01-05 22:08:59.792406,2024-01-05 22:40:19.792406,approve,1880000
PI-000103,purchase_order,PI-000103|A02,n_dir_appr,Approve Purchase Order by Director,userTask,2,TK-0000441,EMP-0049,采购总监,2024-01-06 01:18:55.095825,2024-01-06 02:35:30.095825,reject,4595000
PI-000103,purchase_order,PI-000103|A03,n_revise_po,Revise Purchase Order,serviceTask,3,TK-0000442,EMP-0054,采购专员,2024-01-06 03:28:47.574136,2024-01-06 03:51:16.574136,approve,1349000
PI-000103,purchase_order,PI-000103|A04,n_create_po,Create Purchase Order,serviceTask,4,TK-0000443,EMP-0061,采购专员,2024-01-06 06:18:36.018287,2024-01-06 06:26:54.018287,approve,498000
PI-000103,purchase_order,PI-000103|A05,n_dir_appr,Approve Purchase Order by Director,userTask,5,TK-0000444,EMP-0049,采购总监,2024-01-06 07:56:00.716182,2024-01-06 09:15:06.716182,approve,4746000
PI-000103,purchase_order,PI-000103|A06,n_send_po,Send Order to Supplier,serviceTask,6,TK-0000445,EMP-0059,采购专员,2024-01-06 10:37:48.227170,2024-01-06 10:44:08.227170,approve,380000
PI-000104,goods_receipt,PI-000104|A01,n_post_gr,Post Goods Receipt,serviceTask,1,TK-0000446,EMP-0066,仓储专员,2024-01-07 22:36:35.849063,2024-01-07 22:43:17.849063,approve,402000
PI-000104,goods_receipt,PI-000104|A02,n_inspect,Quality Inspection,userTask,2,TK-0000447,EMP-0072,质检员,2024-01-08 00:28:24.381473,2024-01-08 00:41:32.381473,approve,788000
PI-000104,goods_receipt,PI-000104|A03,n_putaway,Putaway to Warehouse,serviceTask,3,TK-0000448,EMP-0066,仓储专员,2024-01-08 04:12:58.886550,2024-01-08 04:28:51.886550,approve,953000
PI-000105,invoice_verification,PI-000105|A01,n_enter_inv,Enter Incoming Invoice,userTask,1,TK-0000449,EMP-0077,财务专员,2024-01-12 11:41:06.434983,2024-01-12 12:13:12.434983,approve,1926000
PI-000105,invoice_verification,PI-000105|A02,n_match,Three-Way Match,serviceTask,2,TK-0000450,EMP-0081,财务专员,2024-01-12 15:52:20.732317,2024-01-12 15:59:57.732317,reject,457000
PI-000105,invoice_verification,PI-000105|A03,n_park,Park Invoice,userTask,3,TK-0000451,EMP-0080,财务专员,2024-01-12 18:28:37.886029,2024-01-12 18:47:50.886029,approve,1153000
PI-000105,invoice_verification,PI-000105|A04,n_handle_exc,Handle Invoice Exception,userTask,4,TK-0000452,EMP-0082,财务专员,2024-01-12 19:03:39.095817,2024-01-12 19:43:10.095817,approve,2371000
PI-000105,invoice_verification,PI-000105|A05,n_match,Three-Way Match,serviceTask,5,TK-0000453,EMP-0078,财务专员,2024-01-12 23:37:58.423178,2024-01-12 23:48:51.423178,approve,653000
PI-000105,invoice_verification,PI-000105|A06,n_appr_inv,Approve Invoice,userTask,6,TK-0000455,EMP-0084,应付会计,2024-01-12 23:59:28.740672,2024-01-13 00:56:49.740672,approve,3441000
PI-000105,invoice_verification,PI-000105|A06,n_appr_inv,Approve Invoice,userTask,6,TK-0000454,EMP-0086,应付会计,2024-01-13 00:49:16.737952,2024-01-13 02:15:46.737952,approve,5190000
PI-000105,invoice_verification,PI-000105|A07,n_pay,Post Payment,serviceTask,7,TK-0000456,EMP-0090,出纳,2024-01-13 05:40:15.460556,2024-01-13 05:44:38.460556,approve,263000
PI-000105,invoice_verification,PI-000105|A08,n_clear,Clear Invoice,serviceTask,8,TK-0000457,EMP-0085,应付会计,2024-01-13 06:01:28.405631,2024-01-13 06:03:49.405631,approve,141000
PI-000106,purchase_requisition,PI-000106|A01,n_submit,Submit Purchase Requisition,userTask,1,TK-0000458,EMP-0030,采购申请人,2024-01-05 05:45:27.643831,2024-01-05 05:55:30.643831,approve,603000
PI-000106,purchase_requisition,PI-000106|A02,n_mgr_appr,Approve Requisition by Manager,userTask,2,TK-0000460,EMP-0047,部门经理,2024-01-05 06:26:59.659167,2024-01-05 06:47:31.659167,approve,1232000
PI-000106,purchase_requisition,PI-000106|A02,n_mgr_appr,Approve Requisition by Manager,userTask,2,TK-0000459,EMP-0042,部门经理,2024-01-05 07:09:59.646436,2024-01-05 08:23:40.646436,approve,4421000
PI-000106,purchase_requisition,PI-000106|A03,n_convert,Convert to Purchase Order,serviceTask,3,TK-0000461,EMP-0052,采购专员,2024-01-05 11:40:34.546917,2024-01-05 11:59:08.546917,approve,1114000
PI-000107,purchase_order,PI-000107|A01,n_create_po,Create Purchase Order,serviceTask,1,TK-0000462,EMP-0060,采购专员,2024-01-06 05:30:16.272506,2024-01-06 05:49:36.272506,approve,1160000
PI-000107,purchase_order,PI-000107|A02,n_dir_appr,Approve Purchase Order by Director,userTask,2,TK-0000463,EMP-0051,采购总监,2024-01-06 07:30:46.144183,2024-01-06 08:33:07.144183,approve,3741000
PI-000107,purchase_order,PI-000107|A03,n_send_po,Send Order to Supplier,serviceTask,3,TK-0000464,EMP-0055,采购专员,2024-01-06 10:25:31.492900,2024-01-06 10:42:00.492900,approve,989000
PI-000108,goods_receipt,PI-000108|A01,n_post_gr,Post Goods Receipt,serviceTask,1,TK-0000465,EMP-0062,仓储专员,2024-01-09 10:25:12.382700,2024-01-09 10:35:04.382700,approve,592000
PI-000108,goods_receipt,PI-000108|A02,n_inspect,Quality Inspection,userTask,2,TK-0000466,EMP-0071,质检员,2024-01-09 13:22:39.012448,2024-01-09 13:33:51.012448,approve,672000
PI-000108,goods_receipt,PI-000108|A03,n_putaway,Putaway to Warehouse,serviceTask,3,TK-0000467,EMP-0068,仓储专员,2024-01-09 15:17:14.185364,2024-01-09 16:03:09.185364,approve,2755000
PI-000109,invoice_verification,PI-000109|A01,n_enter_inv,Enter Incoming Invoice,userTask,1,TK-0000468,EMP-0077,财务专员,2024-01-11 07:52:35.767695,2024-01-11 08:57:32.767695,approve,3897000
PI-000109,invoice_verification,PI-000109|A02,n_match,Three-Way Match,serviceTask,2,TK-0000469,EMP-0080,财务专员,2024-01-11 11:49:50.196120,2024-01-11 11:52:54.196120,approve,184000
PI-000109,invoice_verification,PI-000109|A03,n_appr_inv,Approve Invoice,userTask,3,TK-0000471,EMP-0085,应付会计,2024-01-11 12:28:42.361943,2024-01-11 18:27:46.361943,approve,21544000
PI-000109,invoice_verification,PI-000109|A03,n_appr_inv,Approve Invoice,userTask,3,TK-0000470,EMP-0084,应付会计,2024-01-11 13:19:35.629937,2024-01-11 15:01:50.629937,approve,6135000
PI-000109,invoice_verification,PI-000109|A04,n_pay,Post Payment,serviceTask,4,TK-0000472,EMP-0089,出纳,2024-01-11 21:42:43.459332,2024-01-11 21:55:03.459332,approve,740000
PI-000109,invoice_verification,PI-000109|A05,n_clear,Clear Invoice,serviceTask,5,TK-0000473,EMP-0083,应付会计,2024-01-11 22:47:02.083415,2024-01-11 22:55:37.083415,approve,515000
PI-000110,purchase_requisition,PI-000110|A01,n_submit,Submit Purchase Requisition,userTask,1,TK-0000474,EMP-0004,采购申请人,2024-01-05 08:09:55.543095,2024-01-05 08:31:28.543095,approve,1293000
PI-000110,purchase_requisition,PI-000110|A02,n_mgr_appr,Approve Requisition by Manager,userTask,2,TK-0000476,EMP-0045,部门经理,2024-01-05 09:05:29.936694,2024-01-05 11:01:40.936694,approve,6971000
PI-000110,purchase_requisition,PI-000110|A02,n_mgr_appr,Approve Requisition by Manager,userTask,2,TK-0000475,EMP-0044,部门经理,2024-01-05 09:09:33.249811,2024-01-05 11:27:19.249811,approve,8266000
PI-000110,purchase_requisition,PI-000110|A02,n_mgr_appr,Approve Requisition by Manager,userTask,2,TK-0000477,EMP-0046,部门经理,2024-01-05 09:23:56.554056,2024-01-05 11:24:26.554056,approve,7230000
PI-000110,purchase_requisition,PI-000110|A03,n_convert,Convert to Purchase Order,serviceTask,3,TK-0000478,EMP-0061,采购专员,2024-01-05 12:18:29.463864,2024-01-05 12:32:27.463864,approve,838000
PI-000111,purchase_order,PI-000111|A01,n_create_po,Create Purchase Order,serviceTask,1,TK-0000479,EMP-0054,采购专员,2024-01-05 21:58:14.563315,2024-01-05 22:07:53.563315,approve,579000
PI-000111,purchase_order,PI-000111|A02,n_send_po,Send Order to Supplier,serviceTask,2,TK-0000480,EMP-0054,采购专员,2024-01-06 01:51:07.221477,2024-01-06 01:59:28.221477,approve,501000
PI-000112,goods_receipt,PI-000112|A01,n_post_gr,Post Goods Receipt,serviceTask,1,TK-0000481,EMP-0063,仓储专员,2024-01-07 19:55:54.019583,2024-01-07 20:00:48.019583,approve,294000
PI-000112,goods_receipt,PI-000112|A02,n_inspect,Quality Inspection,userTask,2,TK-0000482,EMP-0071,质检员,2024-01-07 22:41:41.035701,2024-01-07 23:15:27.035701,approve,2026000
PI-000112,goods_receipt,PI-000112|A03,n_putaway,Putaway to Warehouse,serviceTask,3,TK-0000483,EMP-0069,仓储专员,2024-01-08 03:14:39.533966,2024-01-08 03:29:48.533966,approve,909000
PI-000113,invoice_verification,PI-000113|A01,n_enter_inv,Enter Incoming Invoice,userTask,1,TK-0000484,EMP-0076,财务专员,2024-01-11 16:16:02.832903,2024-01-11 16:42:46.832903,approve,1604000
PI-000113,invoice_verification,PI-000113|A02,n_match,Three-Way Match,serviceTask,2,TK-0000485,EMP-0080,财务专员,2024-01-11 18:48:38.590678,2024-01-11 18:56:47.590678,approve,489000
PI-000113,invoice_verification,PI-000113|A03,n_appr_inv,Approve Invoice,userTask,3,TK-0000487,EMP-0083,应付会计,2024-01-11 19:02:35.432619,2024-01-11 21:05:59.432619,approve,7404000
PI-000113,invoice_verification,PI-000113|A03,n_appr_inv,Approve Invoice,userTask,3,TK-0000486,EMP-0087,应付会计,2024-01-11 20:50:50.252234,2024-01-11 21:43:11.252234,approve,3141000
PI-000113,invoice_verification,PI-000113|A04,n_pay,Post Payment,serviceTask,4,TK-0000488,EMP-0089,出纳,2024-01-12 01:04:34.129830,2024-01-12 01:12:24.129830,approve,470000
PI-000113,invoice_verification,PI-000113|A05,n_clear,Clear Invoice,serviceTask,5,TK-0000489,EMP-0084,应付会计,2024-01-12 01:22:59.046370,2024-01-12 01:30:50.046370,approve,471000
PI-000114,purchase_requisition,PI-000114|A01,n_submit,Submit Purchase Requisition,userTask,1,TK-0000490,EMP-0017,采购申请人,2024-01-05 10:01:10.459472,2024-01-05 10:18:32.459472,approve,1042000
PI-000114,purchase_requisition,PI-000114|A02,n_mgr_appr,Approve Requisition by Manager,userTask,2,TK-0000492,EMP-0047,部门经理,2024-01-05 10:37:21.090836,2024-01-05 12:23:09.090836,approve,6348000
PI-000114,purchase_requisition,PI-000114|A02,n_mgr_appr,Approve Requisition by Manager,userTask,2,TK-0000491,EMP-0042,部门经理,2024-01-05 11:49:19.521586,2024-01-05 12:31:51.521586,approve,2552000
PI-000114,purchase_requisition,PI-000114|A03,n_convert,Convert to Purchase Order,serviceTask,3,TK-0000493,EMP-0058,采购专员,2024-01-05 14:09:42.618527,2024-01-05 14:24:07.618527,approve,865000
PI-000115,purchase_order,PI-000115|A01,n_create_po,Create Purchase Order,serviceTask,1,TK-0000494,EMP-0061,采购专员,2024-01-05 20:38:40.681523,2024-01-05 21:13:27.681523,approve,2087000
PI-000115,purchase_order,PI-000115|A02,n_dir_appr,Approve Purchase Order by Director,userTask,2,TK-0000495,EMP-0050,采购总监,2024-01-05 22:08:13.172418,2024-01-05 23:01:23.172418,approve,3190000
PI-000115,purchase_order,PI-000115|A03,n_send_po,Send Order to Supplier,serviceTask,3,TK-0000496,EMP-0053,采购专员,2024-01-05 23:49:00.320003,2024-01-05 23:54:26.320003,approve,326000
PI-000116,goods_receipt,PI-000116|A01,n_post_gr,Post Goods Receipt,serviceTask,1,TK-0000497,EMP-0065,仓储专员,2024-01-06 23:11:41.661975,2024-01-06 23:21:57.661975,approve,616000
PI-000116,goods_receipt,PI-000116|A02,n_inspect,Quality Inspection,userTask,2,TK-0000498,EMP-0074,质检员,2024-01-07 01:40:10.414666,2024-01-07 02:05:22.414666,approve,1512000
PI-000116,goods_receipt,PI-000116|A03,n_putaway,Putaway to Warehouse,serviceTask,3,TK-0000499,EMP-0068,仓储专员,2024-01-07 03:15:23.600340,2024-01-07 03:33:06.600340,approve,1063000
PI-000117,goods_receipt,PI-000117|A01,n_post_gr,Post Goods Receipt,serviceTask,1,TK-0000500,EMP-0063,仓储专员,2024-01-08 23:32:57.181766,2024-01-08 23:52:45.181766,approve,1188000
PI-000117,goods_receipt,PI-000117|A02,n_inspect,Quality Inspection,userTask,2,TK-0000501,EMP-0070,质检员,2024-01-09 02:48:41.879444,2024-01-09 04:33:18.879444,approve,6277000
PI-000117,goods_receipt,PI-000117|A03,n_putaway,Putaway to Warehouse,serviceTask,3,TK-0000502,EMP-0065,仓储专员,2024-01-09 08:11:17.759885,2024-01-09 08:45:38.759885,approve,2061000
PI-000118,invoice_verification,PI-000118|A01,n_enter_inv,Enter Incoming Invoice,userTask,1,TK-0000503,EMP-0079,财务专员,2024-01-11 07:48:12.345574,2024-01-11 08:13:14.345574,approve,1502000
PI-000118,invoice_verification,PI-000118|A02,n_match,Three-Way Match,serviceTask,2,TK-0000504,EMP-0078,财务专员,2024-01-11 11:37:30.889519,2024-01-11 11:58:15.889519,reject,1245000
PI-000118,invoice_verification,PI-000118|A03,n_park,Park Invoice,userTask,3,TK-0000505,EMP-0082,财务专员,2024-01-11 12:40:40.925612,2024-01-11 13:04:41.925612,approve,1441000
PI-000118,invoice_verification,PI-000118|A04,n_handle_exc,Handle Invoice Exception,userTask,4,TK-0000506,EMP-0077,财务专员,2024-01-11 16:02:38.394917,2024-01-11 17:00:48.394917,approve,3490000
PI-000118,invoice_verification,PI-000118|A05,n_match,Three-Way Match,serviceTask,5,TK-0000507,EMP-0076,财务专员,2024-01-11 18:07:55.830240,2024-01-11 18:10:58.830240,approve,183000
PI-000118,invoice_verification,PI-000118|A06,n_appr_inv,Approve Invoice,userTask,6,TK-0000509,EMP-0087,应付会计,2024-01-11 18:56:00.676021,2024-01-11 19:58:17.676021,approve,3737000
PI-000118,invoice_verification,PI-000118|A06,n_appr_inv,Approve Invoice,userTask,6,TK-0000508,EMP-0086,应付会计,2024-01-11 19:57:21.538911,2024-01-11 20:59:42.538911,approve,3741000
PI-000118,invoice_verification,PI-000118|A07,n_pay,Post Payment,serviceTask,7,TK-0000510,EMP-0089,出纳,2024-01-11 22:30:33.223481,2024-01-11 23:07:17.223481,approve,2204000
PI-000118,invoice_verification,PI-000118|A08,n_clear,Clear Invoice,serviceTask,8,TK-0000511,EMP-0086,应付会计,2024-01-12 03:00:51.928409,2024-01-12 03:04:16.928409,approve,205000
PI-000119,purchase_requisition,PI-000119|A01,n_submit,Submit Purchase Requisition,userTask,1,TK-0000512,EMP-0031,采购申请人,2024-01-05 14:08:40.909472,2024-01-05 14:21:29.909472,approve,769000
PI-000119,purchase_requisition,PI-000119|A02,n_mgr_appr,Approve Requisition by Manager,userTask,2,TK-0000514,EMP-0048,部门经理,2024-01-05 14:51:16.184429,2024-01-05 15:30:55.184429,reject,2379000
PI-000119,purchase_requisition,PI-000119|A02,n_mgr_appr,Approve Requisition by Manager,userTask,2,TK-0000513,EMP-0044,部门经理,2024-01-05 15:59:47.000615,2024-01-05 17:39:42.000615,reject,5995000
PI-000119,purchase_requisition,PI-000119|A03,n_revise,Revise Requisition,userTask,3,TK-0000515,EMP-0031,采购申请人,2024-01-05 17:54:50.335687,2024-01-05 18:39:16.335687,approve,2666000
PI-000119,purchase_requisition,PI-000119|A04,n_submit,Submit Purchase Requisition,userTask,4,TK-0000516,EMP-0031,采购申请人,2024-01-05 18:53:28.926887,2024-01-05 19:20:52.926887,approve,1644000
PI-000119,purchase_requisition,PI-000119|A05,n_mgr_appr,Approve Requisition by Manager,userTask,5,TK-0000517,EMP-0045,部门经理,2024-01-05 19:50:47.421470,2024-01-05 21:07:12.421470,approve,4585000
PI-000119,purchase_requisition,PI-000119|A05,n_mgr_appr,Approve Requisition by Manager,userTask,5,TK-0000518,EMP-0041,部门经理,2024-01-05 19:50:49.132916,2024-01-05 20:24:40.132916,approve,2031000
PI-000119,purchase_requisition,PI-000119|A06,n_convert,Convert to Purchase Order,serviceTask,6,TK-0000519,EMP-0054,采购专员,2024-01-05 23:38:39.706989,2024-01-05 23:48:48.706989,approve,609000
PI-000120,purchase_order,PI-000120|A01,n_create_po,Create Purchase Order,serviceTask,1,TK-0000520,EMP-0060,采购专员,2024-01-06 06:52:14.186435,2024-01-06 07:07:22.186435,approve,908000
PI-000120,purchase_order,PI-000120|A02,n_send_po,Send Order to Supplier,serviceTask,2,TK-0000521,EMP-0059,采购专员,2024-01-06 10:44:14.862314,2024-01-06 10:57:33.862314,approve,799000
PI-000121,goods_receipt,PI-000121|A01,n_post_gr,Post Goods Receipt,serviceTask,1,TK-0000522,EMP-0062,仓储专员,2024-01-09 07:41:41.282991,2024-01-09 08:12:26.282991,approve,1845000
PI-000121,goods_receipt,PI-000121|A02,n_inspect,Quality Inspection,userTask,2,TK-0000523,EMP-0070,质检员,2024-01-09 11:01:23.046572,2024-01-09 11:12:38.046572,approve,675000
PI-000121,goods_receipt,PI-000121|A03,n_putaway,Putaway to Warehouse,serviceTask,3,TK-0000524,EMP-0067,仓储专员,2024-01-09 13:36:03.624587,2024-01-09 15:17:13.624587,approve,6070000
PI-000122,invoice_verification,PI-000122|A01,n_enter_inv,Enter Incoming Invoice,userTask,1,TK-0000525,EMP-0076,财务专员,2024-01-12 03:49:41.865179,2024-01-12 04:43:24.865179,approve,3223000
PI-000122,invoice_verification,PI-000122|A02,n_match,Three-Way Match,serviceTask,2,TK-0000526,EMP-0075,财务专员,2024-01-12 07:04:14.483935,2024-01-12 07:18:43.483935,approve,869000
PI-000122,invoice_verification,PI-000122|A03,n_appr_inv,Approve Invoice,userTask,3,TK-0000527,EMP-0086,应付会计,2024-01-12 07:53:46.473909,2024-01-12 08:49:00.473909,approve,3314000
PI-000122,invoice_verification,PI-000122|A03,n_appr_inv,Approve Invoice,userTask,3,TK-0000528,EMP-0085,应付会计,2024-01-12 07:56:12.828691,2024-01-12 10:09:26.828691,approve,7994000
PI-000122,invoice_verification,PI-000122|A04,n_pay,Post Payment,serviceTask,4,TK-0000529,EMP-0090,出纳,2024-01-12 13:18:38.245370,2024-01-12 13:30:14.245370,approve,696000
PI-000122,invoice_verification,PI-000122|A05,n_clear,Clear Invoice,serviceTask,5,TK-0000530,EMP-0085,应付会计,2024-01-12 17:27:32.211893,2024-01-12 17:36:36.211893,approve,544000
PI-000123,invoice_verification,PI-000123|A01,n_enter_inv,Enter Incoming Invoice,userTask,1,TK-0000531,EMP-0078,财务专员,2024-01-17 03:38:48.827579,2024-01-17 04:12:03.827579,approve,1995000
PI-000123,invoice_verification,PI-000123|A02,n_match,Three-Way Match,serviceTask,2,TK-0000532,EMP-0080,财务专员,2024-01-17 07:25:15.865219,2024-01-17 07:37:35.865219,approve,740000
PI-000123,invoice_verification,PI-000123|A03,n_appr_inv,Approve Invoice,userTask,3,TK-0000534,EMP-0084,应付会计,2024-01-17 07:54:51.425372,2024-01-17 08:28:28.425372,approve,2017000
PI-000123,invoice_verification,PI-000123|A03,n_appr_inv,Approve Invoice,userTask,3,TK-0000533,EMP-0083,应付会计,2024-01-17 08:36:50.378974,2024-01-17 09:33:53.378974,approve,3423000
PI-000123,invoice_verification,PI-000123|A04,n_pay,Post Payment,serviceTask,4,TK-0000535,EMP-0089,出纳,2024-01-17 12:03:10.293803,2024-01-17 12:16:15.293803,approve,785000
PI-000123,invoice_verification,PI-000123|A05,n_clear,Clear Invoice,serviceTask,5,TK-0000536,EMP-0084,应付会计,2024-01-17 14:51:43.401338,2024-01-17 14:57:11.401338,approve,328000
PI-000124,purchase_requisition,PI-000124|A01,n_submit,Submit Purchase Requisition,userTask,1,TK-0000537,EMP-0019,采购申请人,2024-01-05 21:47:05.008731,2024-01-05 22:25:17.008731,approve,2292000
PI-000124,purchase_requisition,PI-000124|A02,n_mgr_appr,Approve Requisition by Manager,userTask,2,TK-0000539,EMP-0047,部门经理,2024-01-05 22:38:54.088864,2024-01-06 01:42:21.088864,approve,11007000
PI-000124,purchase_requisition,PI-000124|A02,n_mgr_appr,Approve Requisition by Manager,userTask,2,TK-0000538,EMP-0045,部门经理,2024-01-05 23:16:13.101192,2024-01-06 00:40:44.101192,approve,5071000
PI-000124,purchase_requisition,PI-000124|A03,n_convert,Convert to Purchase Order,serviceTask,3,TK-0000540,EMP-0061,采购专员,2024-01-06 03:09:09.231864,2024-01-06 03:30:43.231864,approve,1294000
PI-000125,purchase_order,PI-000125|A01,n_create_po,Create Purchase Order,serviceTask,1,TK-0000541,EMP-0060,采购专员,2024-01-06 17:08:39.925532,2024-01-06 17:44:58.925532,approve,2179000
PI-000125,purchase_order,PI-000125|A02,n_send_po,Send Order to Supplier,serviceTask,2,TK-0000542,EMP-0061,采购专员,2024-01-06 19:43:38.107059,2024-01-06 19:46:46.107059,approve,188000
PI-000126,goods_receipt,PI-000126|A01,n_post_gr,Post Goods Receipt,serviceTask,1,TK-0000543,EMP-0065,仓储专员,2024-01-07 05:14:34.253709,2024-01-07 05:22:02.253709,approve,448000
PI-000126,goods_receipt,PI-000126|A02,n_inspect,Quality Inspection,userTask,2,TK-0000544,EMP-0070,质检员,2024-01-07 08:11:43.795297,2024-01-07 08:41:55.795297,approve,1812000
PI-000126,goods_receipt,PI-000126|A03,n_putaway,Putaway to Warehouse,serviceTask,3,TK-0000545,EMP-0067,仓储专员,2024-01-07 09:04:47.801667,2024-01-07 10:25:29.801667,approve,4842000
PI-000127,invoice_verification,PI-000127|A01,n_enter_inv,Enter Incoming Invoice,userTask,1,TK-0000546,EMP-0078,财务专员,2024-01-12 06:19:42.214711,2024-01-12 06:26:05.214711,approve,383000
PI-000127,invoice_verification,PI-000127|A02,n_match,Three-Way Match,serviceTask,2,TK-0000547,EMP-0078,财务专员,2024-01-12 09:47:17.875480,2024-01-12 10:02:15.875480,approve,898000
PI-000127,invoice_verification,PI-000127|A03,n_appr_inv,Approve Invoice,userTask,3,TK-0000549,EMP-0083,应付会计,2024-01-12 10:32:14.251923,2024-01-12 11:38:45.251923,approve,3991000
PI-000127,invoice_verification,PI-000127|A03,n_appr_inv,Approve Invoice,userTask,3,TK-0000548,EMP-0086,应付会计,2024-01-12 11:35:09.160547,2024-01-12 12:27:49.160547,approve,3160000
PI-000127,invoice_verification,PI-000127|A04,n_pay,Post Payment,serviceTask,4,TK-0000550,EMP-0090,出纳,2024-01-12 15:56:58.801129,2024-01-12 16:02:52.801129,approve,354000
PI-000127,invoice_verification,PI-000127|A05,n_clear,Clear Invoice,serviceTask,5,TK-0000551,EMP-0085,应付会计,2024-01-12 17:41:22.902049,2024-01-12 17:49:50.902049,approve,508000
PI-000128,purchase_requisition,PI-000128|A01,n_submit,Submit Purchase Requisition,userTask,1,TK-0000552,EMP-0035,采购申请人,2024-01-06 02:03:01.145252,2024-01-06 02:26:35.145252,approve,1414000
PI-000128,purchase_requisition,PI-000128|A02,n_mgr_appr,Approve Requisition by Manager,userTask,2,TK-0000554,EMP-0045,部门经理,2024-01-06 02:39:26.435750,2024-01-06 03:20:03.435750,reject,2437000
PI-000128,purchase_requisition,PI-000128|A02,n_mgr_appr,Approve Requisition by Manager,userTask,2,TK-0000553,EMP-0047,部门经理,2024-01-06 02:43:10.305252,2024-01-06 03:01:11.305252,reject,1081000
PI-000128,purchase_requisition,PI-000128|A03,n_revise,Revise Requisition,userTask,3,TK-0000555,EMP-0035,采购申请人,2024-01-06 04:08:16.618556,2024-01-06 04:42:26.618556,approve,2050000
PI-000128,purchase_requisition,PI-000128|A04,n_submit,Submit Purchase Requisition,userTask,4,TK-0000556,EMP-0035,采购申请人,2024-01-06 06:13:14.218162,2024-01-06 06:33:20.218162,approve,1206000
PI-000128,purchase_requisition,PI-000128|A05,n_convert,Convert to Purchase Order,serviceTask,5,TK-0000557,EMP-0055,采购专员,2024-01-06 09:49:40.306526,2024-01-06 10:28:22.306526,approve,2322000
PI-000129,purchase_order,PI-000129|A01,n_create_po,Create Purchase Order,serviceTask,1,TK-0000558,EMP-0060,采购专员,2024-01-07 00:53:17.437102,2024-01-07 01:03:01.437102,approve,584000
PI-000129,purchase_order,PI-000129|A02,n_send_po,Send Order to Supplier,serviceTask,2,TK-0000559,EMP-0052,采购专员,2024-01-07 02:41:38.903918,2024-01-07 02:48:00.903918,approve,382000
PI-000130,goods_receipt,PI-000130|A01,n_post_gr,Post Goods Receipt,serviceTask,1,TK-0000560,EMP-0066,仓储专员,2024-01-08 00:24:55.100563,2024-01-08 00:35:06.100563,approve,611000
PI-000130,goods_receipt,PI-000130|A02,n_inspect,Quality Inspection,userTask,2,TK-0000561,EMP-0074,质检员,2024-01-08 02:55:26.212413,2024-01-08 03:51:20.212413,approve,3354000
PI-000130,goods_receipt,PI-000130|A03,n_putaway,Putaway to Warehouse,serviceTask,3,TK-0000562,EMP-0069,仓储专员,2024-01-08 06:58:24.107989,2024-01-08 07:26:23.107989,approve,1679000
PI-000131,invoice_verification,PI-000131|A01,n_enter_inv,Enter Incoming Invoice,userTask,1,TK-0000563,EMP-0080,财务专员,2024-01-12 17:53:35.115313,2024-01-12 18:24:56.115313,approve,1881000
PI-000131,invoice_verification,PI-000131|A02,n_match,Three-Way Match,serviceTask,2,TK-0000564,EMP-0080,财务专员,2024-01-12 19:23:33.988258,2024-01-12 19:29:24.988258,reject,351000
PI-000131,invoice_verification,PI-000131|A03,n_park,Park Invoice,userTask,3,TK-0000565,EMP-0079,财务专员,2024-01-12 23:03:01.442731,2024-01-12 23:40:14.442731,approve,2233000
PI-000131,invoice_verification,PI-000131|A04,n_handle_exc,Handle Invoice Exception,userTask,4,TK-0000566,EMP-0077,财务专员,2024-01-13 00:28:27.238138,2024-01-13 01:46:25.238138,approve,4678000
PI-000131,invoice_verification,PI-000131|A05,n_match,Three-Way Match,serviceTask,5,TK-0000567,EMP-0076,财务专员,2024-01-13 05:31:34.028768,2024-01-13 05:39:17.028768,reject,463000
PI-000131,invoice_verification,PI-000131|A06,n_park,Park Invoice,userTask,6,TK-0000568,EMP-0076,财务专员,2024-01-13 06:08:42.419265,2024-01-13 06:32:03.419265,approve,1401000
PI-000131,invoice_verification,PI-000131|A07,n_handle_exc,Handle Invoice Exception,userTask,7,TK-0000569,EMP-0081,财务专员,2024-01-13 07:49:45.545480,2024-01-13 08:29:01.545480,approve,2356000
PI-000131,invoice_verification,PI-000131|A08,n_match,Three-Way Match,serviceTask,8,TK-0000570,EMP-0077,财务专员,2024-01-13 10:37:48.612445,2024-01-13 10:38:51.612445,approve,63000
PI-000131,invoice_verification,PI-000131|A09,n_appr_inv,Approve Invoice,userTask,9,TK-0000571,EMP-0087,应付会计,2024-01-13 10:59:23.905310,2024-01-13 13:40:19.905310,approve,9656000
PI-000131,invoice_verification,PI-000131|A09,n_appr_inv,Approve Invoice,userTask,9,TK-0000572,EMP-0086,应付会计,2024-01-13 11:15:07.704069,2024-01-13 11:55:44.704069,approve,2437000
PI-000131,invoice_verification,PI-000131|A10,n_pay,Post Payment,serviceTask,10,TK-0000573,EMP-0089,出纳,2024-01-13 15:48:20.688551,2024-01-13 16:03:37.688551,approve,917000
PI-000131,invoice_verification,PI-000131|A11,n_clear,Clear Invoice,serviceTask,11,TK-0000574,EMP-0087,应付会计,2024-01-13 17:02:00.199621,2024-01-13 17:04:56.199621,approve,176000
PI-000132,purchase_requisition,PI-000132|A01,n_submit,Submit Purchase Requisition,userTask,1,TK-0000575,EMP-0001,采购申请人,2024-01-06 02:26:53.758680,2024-01-06 02:50:58.758680,approve,1445000
PI-000132,purchase_requisition,PI-000132|A02,n_convert,Convert to Purchase Order,serviceTask,2,TK-0000576,EMP-0059,采购专员,2024-01-06 04:06:23.266984,2024-01-06 04:54:56.266984,approve,2913000
PI-000133,purchase_order,PI-000133|A01,n_create_po,Create Purchase Order,serviceTask,1,TK-0000577,EMP-0056,采购专员,2024-01-06 14:58:03.712852,2024-01-06 15:18:31.712852,approve,1228000
PI-000133,purchase_order,PI-000133|A02,n_dir_appr,Approve Purchase Order by Director,userTask,2,TK-0000578,EMP-0050,采购总监,2024-01-06 16:30:25.656503,2024-01-06 23:24:19.656503,approve,24834000
PI-000133,purchase_order,PI-000133|A03,n_send_po,Send Order to Supplier,serviceTask,3,TK-0000579,EMP-0054,采购专员,2024-01-07 00:01:26.055367,2024-01-07 00:03:33.055367,approve,127000
PI-000134,goods_receipt,PI-000134|A01,n_post_gr,Post Goods Receipt,serviceTask,1,TK-0000580,EMP-0063,仓储专员,2024-01-08 16:41:43.500118,2024-01-08 16:47:05.500118,approve,322000
PI-000134,goods_receipt,PI-000134|A02,n_inspect,Quality Inspection,userTask,2,TK-0000581,EMP-0070,质检员,2024-01-08 18:48:04.971818,2024-01-08 19:22:13.971818,reject,2049000
PI-000134,goods_receipt,PI-000134|A03,n_return,Return to Supplier,serviceTask,3,TK-0000582,EMP-0069,仓储专员,2024-01-08 22:11:00.752537,2024-01-08 23:00:47.752537,approve,2987000
PI-000135,invoice_verification,PI-000135|A01,n_enter_inv,Enter Incoming Invoice,userTask,1,TK-0000583,EMP-0079,财务专员,2024-01-10 03:21:48.708987,2024-01-10 04:00:57.708987,approve,2349000
PI-000135,invoice_verification,PI-000135|A02,n_match,Three-Way Match,serviceTask,2,TK-0000584,EMP-0082,财务专员,2024-01-10 05:04:02.695882,2024-01-10 05:14:57.695882,approve,655000
PI-000135,invoice_verification,PI-000135|A03,n_appr_inv,Approve Invoice,userTask,3,TK-0000585,EMP-0085,应付会计,2024-01-10 05:38:12.114793,2024-01-10 08:04:30.114793,approve,8778000
PI-000135,invoice_verification,PI-000135|A03,n_appr_inv,Approve Invoice,userTask,3,TK-0000586,EMP-0087,应付会计,2024-01-10 05:48:50.234089,2024-01-10 06:09:40.234089,approve,1250000
PI-000135,invoice_verification,PI-000135|A04,n_pay,Post Payment,serviceTask,4,TK-0000587,EMP-0089,出纳,2024-01-10 11:38:04.140815,2024-01-10 11:59:02.140815,approve,1258000
PI-000135,invoice_verification,PI-000135|A05,n_clear,Clear Invoice,serviceTask,5,TK-0000588,EMP-0086,应付会计,2024-01-10 13:20:17.780991,2024-01-10 13:23:44.780991,approve,207000
PI-000136,purchase_requisition,PI-000136|A01,n_submit,Submit Purchase Requisition,userTask,1,TK-0000589,EMP-0001,采购申请人,2024-01-06 09:57:37.997811,2024-01-06 10:18:42.997811,approve,1265000
PI-000136,purchase_requisition,PI-000136|A02,n_mgr_appr,Approve Requisition by Manager,userTask,2,TK-0000591,EMP-0043,部门经理,2024-01-06 10:28:00.877364,2024-01-06 14:37:17.877364,approve,14957000
PI-000136,purchase_requisition,PI-000136|A02,n_mgr_appr,Approve Requisition by Manager,userTask,2,TK-0000590,EMP-0041,部门经理,2024-01-06 11:37:50.564598,2024-01-06 14:49:06.564598,approve,11476000
PI-000136,purchase_requisition,PI-000136|A03,n_convert,Convert to Purchase Order,serviceTask,3,TK-0000592,EMP-0055,采购专员,2024-01-06 14:59:07.639539,2024-01-06 15:04:59.639539,approve,352000
PI-000137,purchase_order,PI-000137|A01,n_create_po,Create Purchase Order,serviceTask,1,TK-0000593,EMP-0060,采购专员,2024-01-07 11:49:52.657208,2024-01-07 12:05:55.657208,approve,963000
PI-000137,purchase_order,PI-000137|A02,n_dir_appr,Approve Purchase Order by Director,userTask,2,TK-0000594,EMP-0051,采购总监,2024-01-07 14:09:49.661242,2024-01-07 16:02:39.661242,approve,6770000
PI-000137,purchase_order,PI-000137|A03,n_send_po,Send Order to Supplier,serviceTask,3,TK-0000595,EMP-0053,采购专员,2024-01-07 18:42:21.542027,2024-01-07 18:47:44.542027,approve,323000
PI-000138,goods_receipt,PI-000138|A01,n_post_gr,Post Goods Receipt,serviceTask,1,TK-0000596,EMP-0062,仓储专员,2024-01-08 06:53:17.355281,2024-01-08 06:59:16.355281,approve,359000
PI-000138,goods_receipt,PI-000138|A02,n_inspect,Quality Inspection,userTask,2,TK-0000597,EMP-0073,质检员,2024-01-08 09:38:53.045023,2024-01-08 10:28:48.045023,approve,2995000
PI-000138,goods_receipt,PI-000138|A03,n_putaway,Putaway to Warehouse,serviceTask,3,TK-0000598,EMP-0063,仓储专员,2024-01-08 10:36:52.559172,2024-01-08 11:03:50.559172,approve,1618000
PI-000139,invoice_verification,PI-000139|A01,n_enter_inv,Enter Incoming Invoice,userTask,1,TK-0000599,EMP-0075,财务专员,2024-01-12 17:43:42.198190,2024-01-12 17:55:36.198190,approve,714000
PI-000139,invoice_verification,PI-000139|A02,n_match,Three-Way Match,serviceTask,2,TK-0000600,EMP-0076,财务专员,2024-01-12 18:24:23.472393,2024-01-12 18:29:06.472393,approve,283000
PI-000139,invoice_verification,PI-000139|A03,n_appr_inv,Approve Invoice,userTask,3,TK-0000602,EMP-0086,应付会计,2024-01-12 19:10:13.706515,2024-01-12 20:26:39.706515,approve,4586000
PI-000139,invoice_verification,PI-000139|A03,n_appr_inv,Approve Invoice,userTask,3,TK-0000601,EMP-0087,应付会计,2024-01-12 19:59:54.620189,2024-01-12 21:46:17.620189,approve,6383000
PI-000139,invoice_verification,PI-000139|A04,n_pay,Post Payment,serviceTask,4,TK-0000603,EMP-0088,出纳,2024-01-13 00:00:32.133268,2024-01-13 00:12:43.133268,approve,731000
PI-000139,invoice_verification,PI-000139|A05,n_clear,Clear Invoice,serviceTask,5,TK-0000604,EMP-0087,应付会计,2024-01-13 02:01:49.604865,2024-01-13 02:06:26.604865,approve,277000
PI-000140,purchase_order,PI-000140|A01,n_create_po,Create Purchase Order,serviceTask,1,TK-0000605,EMP-0056,采购专员,2024-01-07 01:53:26.096157,2024-01-07 01:57:02.096157,approve,216000
PI-000140,purchase_order,PI-000140|A02,n_dir_appr,Approve Purchase Order by Director,userTask,2,TK-0000606,EMP-0049,采购总监,2024-01-07 04:03:40.388117,2024-01-07 05:09:47.388117,approve,3967000
PI-000140,purchase_order,PI-000140|A03,n_send_po,Send Order to Supplier,serviceTask,3,TK-0000607,EMP-0056,采购专员,2024-01-07 08:50:46.868487,2024-01-07 08:55:55.868487,approve,309000
PI-000141,goods_receipt,PI-000141|A01,n_post_gr,Post Goods Receipt,serviceTask,1,TK-0000608,EMP-0066,仓储专员,2024-01-09 04:07:34.968700,2024-01-09 04:10:20.968700,approve,166000
PI-000141,goods_receipt,PI-000141|A02,n_inspect,Quality Inspection,userTask,2,TK-0000609,EMP-0073,质检员,2024-01-09 04:55:58.893821,2024-01-09 07:34:37.893821,approve,9519000
PI-000141,goods_receipt,PI-000141|A03,n_putaway,Putaway to Warehouse,serviceTask,3,TK-0000610,EMP-0066,仓储专员,2024-01-09 07:48:24.833327,2024-01-09 08:42:59.833327,approve,3275000
PI-000142,goods_receipt,PI-000142|A01,n_post_gr,Post Goods Receipt,serviceTask,1,TK-0000611,EMP-0062,仓储专员,2024-01-12 02:10:03.843039,2024-01-12 02:24:14.843039,approve,851000
PI-000142,goods_receipt,PI-000142|A02,n_inspect,Quality Inspection,userTask,2,TK-0000612,EMP-0074,质检员,2024-01-12 03:04:23.921309,2024-01-12 03:49:33.921309,approve,2710000
PI-000142,goods_receipt,PI-000142|A03,n_putaway,Putaway to Warehouse,serviceTask,3,TK-0000613,EMP-0068,仓储专员,2024-01-12 07:42:45.588760,2024-01-12 08:44:03.588760,approve,3678000
PI-000143,invoice_verification,PI-000143|A01,n_enter_inv,Enter Incoming Invoice,userTask,1,TK-0000614,EMP-0082,财务专员,2024-01-13 08:13:30.879601,2024-01-13 08:23:39.879601,approve,609000
PI-000143,invoice_verification,PI-000143|A02,n_match,Three-Way Match,serviceTask,2,TK-0000615,EMP-0077,财务专员,2024-01-13 11:27:44.543768,2024-01-13 11:35:30.543768,approve,466000
PI-000143,invoice_verification,PI-000143|A03,n_appr_inv,Approve Invoice,userTask,3,TK-0000617,EMP-0083,应付会计,2024-01-13 12:10:55.087234,2024-01-13 12:33:31.087234,approve,1356000
PI-000143,invoice_verification,PI-000143|A03,n_appr_inv,Approve Invoice,userTask,3,TK-0000616,EMP-0084,应付会计,2024-01-13 12:11:07.717694,2024-01-13 12:49:25.717694,approve,2298000
PI-000143,invoice_verification,PI-000143|A04,n_pay,Post Payment,serviceTask,4,TK-0000618,EMP-0088,出纳,2024-01-13 14:09:48.128610,2024-01-13 14:23:16.128610,approve,808000
PI-000143,invoice_verification,PI-000143|A05,n_clear,Clear Invoice,serviceTask,5,TK-0000619,EMP-0085,应付会计,2024-01-13 16:53:04.844632,2024-01-13 17:10:18.844632,approve,1034000
PI-000144,purchase_requisition,PI-000144|A01,n_submit,Submit Purchase Requisition,userTask,1,TK-0000620,EMP-0015,采购申请人,2024-01-06 12:16:46.293338,2024-01-06 12:27:27.293338,approve,641000
PI-000144,purchase_requisition,PI-000144|A02,n_mgr_appr,Approve Requisition by Manager,userTask,2,TK-0000622,EMP-0048,部门经理,2024-01-06 13:09:58.961545,2024-01-06 14:23:38.961545,approve,4420000
PI-000144,purchase_requisition,PI-000144|A02,n_mgr_appr,Approve Requisition by Manager,userTask,2,TK-0000621,EMP-0045,部门经理,2024-01-06 13:28:00.175017,2024-01-06 14:50:45.175017,approve,4965000
PI-000144,purchase_requisition,PI-000144|A03,n_convert,Convert to Purchase Order,serviceTask,3,TK-0000623,EMP-0061,采购专员,2024-01-06 15:59:30.243481,2024-01-06 16:04:08.243481,approve,278000
PI-000145,purchase_order,PI-000145|A01,n_create_po,Create Purchase Order,serviceTask,1,TK-0000624,EMP-0061,采购专员,2024-01-06 21:04:29.722600,2024-01-06 21:11:32.722600,approve,423000
PI-000145,purchase_order,PI-000145|A02,n_send_po,Send Order to Supplier,serviceTask,2,TK-0000625,EMP-0052,采购专员,2024-01-06 21:25:53.231486,2024-01-06 21:36:15.231486,approve,622000
PI-000146,goods_receipt,PI-000146|A01,n_post_gr,Post Goods Receipt,serviceTask,1,TK-0000626,EMP-0066,仓储专员,2024-01-08 03:44:38.210391,2024-01-08 04:26:18.210391,approve,2500000
PI-000146,goods_receipt,PI-000146|A02,n_inspect,Quality Inspection,userTask,2,TK-0000627,EMP-0070,质检员,2024-01-08 08:13:10.537836,2024-01-08 09:43:27.537836,approve,5417000
PI-000146,goods_receipt,PI-000146|A03,n_putaway,Putaway to Warehouse,serviceTask,3,TK-0000628,EMP-0064,仓储专员,2024-01-08 10:09:05.447578,2024-01-08 10:52:06.447578,approve,2581000
PI-000147,invoice_verification,PI-000147|A01,n_enter_inv,Enter Incoming Invoice,userTask,1,TK-0000629,EMP-0080,财务专员,2024-01-13 09:17:36.056576,2024-01-13 09:24:36.056576,approve,420000
PI-000147,invoice_verification,PI-000147|A02,n_match,Three-Way Match,serviceTask,2,TK-0000630,EMP-0078,财务专员,2024-01-13 12:52:18.542604,2024-01-13 12:55:58.542604,approve,220000
PI-000147,invoice_verification,PI-000147|A03,n_appr_inv,Approve Invoice,userTask,3,TK-0000632,EMP-0084,应付会计,2024-01-13 13:04:50.530376,2024-01-13 13:12:56.530376,approve,486000
PI-000147,invoice_verification,PI-000147|A03,n_appr_inv,Approve Invoice,userTask,3,TK-0000631,EMP-0087,应付会计,2024-01-13 13:37:29.266459,2024-01-13 16:48:22.266459,approve,11453000
PI-000147,invoice_verification,PI-000147|A04,n_pay,Post Payment,serviceTask,4,TK-0000633,EMP-0089,出纳,2024-01-13 20:20:12.126251,2024-01-13 20:30:16.126251,approve,604000
PI-000147,invoice_verification,PI-000147|A05,n_clear,Clear Invoice,serviceTask,5,TK-0000634,EMP-0085,应付会计,2024-01-13 21:10:58.720737,2024-01-13 21:14:51.720737,approve,233000
PI-000148,purchase_requisition,PI-000148|A01,n_submit,Submit Purchase Requisition,userTask,1,TK-0000635,EMP-0040,采购申请人,2024-01-06 17:45:02.173570,2024-01-06 18:20:33.173570,approve,2131000
PI-000148,purchase_requisition,PI-000148|A02,n_mgr_appr,Approve Requisition by Manager,userTask,2,TK-0000637,EMP-0042,部门经理,2024-01-06 18:24:25.332415,2024-01-06 19:01:53.332415,approve,2248000
PI-000148,purchase_requisition,PI-000148|A02,n_mgr_appr,Approve Requisition by Manager,userTask,2,TK-0000638,EMP-0044,部门经理,2024-01-06 19:05:36.609553,2024-01-06 20:04:32.609553,approve,3536000
PI-000148,purchase_requisition,PI-000148|A02,n_mgr_appr,Approve Requisition by Manager,userTask,2,TK-0000636,EMP-0046,部门经理,2024-01-06 19:22:04.148190,2024-01-06 19:57:02.148190,approve,2098000
PI-000148,purchase_requisition,PI-000148|A03,n_convert,Convert to Purchase Order,serviceTask,3,TK-0000639,EMP-0058,采购专员,2024-01-06 23:11:57.237093,2024-01-06 23:32:51.237093,approve,1254000
PI-000149,purchase_order,PI-000149|A01,n_create_po,Create Purchase Order,serviceTask,1,TK-0000640,EMP-0055,采购专员,2024-01-07 12:53:58.720362,2024-01-07 13:03:18.720362,approve,560000
PI-000149,purchase_order,PI-000149|A02,n_send_po,Send Order to Supplier,serviceTask,2,TK-0000641,EMP-0052,采购专员,2024-01-07 13:52:55.610156,2024-01-07 13:55:35.610156,approve,160000
PI-000150,goods_receipt,PI-000150|A01,n_post_gr,Post Goods Receipt,serviceTask,1,TK-0000642,EMP-0064,仓储专员,2024-01-10 10:09:28.344028,2024-01-10 10:24:01.344028,approve,873000
PI-000150,goods_receipt,PI-000150|A02,n_inspect,Quality Inspection,userTask,2,TK-0000643,EMP-0074,质检员,2024-01-10 14:09:24.922682,2024-01-10 15:08:29.922682,approve,3545000
PI-000150,goods_receipt,PI-000150|A03,n_putaway,Putaway to Warehouse,serviceTask,3,TK-0000644,EMP-0064,仓储专员,2024-01-10 17:00:06.821056,2024-01-10 17:16:32.821056,approve,986000
PI-000151,goods_receipt,PI-000151|A01,n_post_gr,Post Goods Receipt,serviceTask,1,TK-0000645,EMP-0063,仓储专员,2024-01-12 22:50:47.775955,2024-01-12 22:56:56.775955,approve,369000
PI-000151,goods_receipt,PI-000151|A02,n_inspect,Quality Inspection,userTask,2,TK-0000646,EMP-0073,质检员,2024-01-13 01:11:16.652942,2024-01-13 01:20:56.652942,approve,580000
PI-000151,goods_receipt,PI-000151|A03,n_putaway,Putaway to Warehouse,serviceTask,3,TK-0000647,EMP-0064,仓储专员,2024-01-13 02:07:58.674324,2024-01-13 02:54:29.674324,approve,2791000
PI-000152,invoice_verification,PI-000152|A01,n_enter_inv,Enter Incoming Invoice,userTask,1,TK-0000648,EMP-0077,财务专员,2024-01-16 11:25:18.502044,2024-01-16 11:50:05.502044,approve,1487000
PI-000152,invoice_verification,PI-000152|A02,n_match,Three-Way Match,serviceTask,2,TK-0000649,EMP-0078,财务专员,2024-01-16 14:13:28.460857,2024-01-16 14:21:04.460857,approve,456000
PI-000152,invoice_verification,PI-000152|A03,n_appr_inv,Approve Invoice,userTask,3,TK-0000651,EMP-0085,应付会计,2024-01-16 14:25:54.698281,2024-01-16 14:40:41.698281,approve,887000
PI-000152,invoice_verification,PI-000152|A03,n_appr_inv,Approve Invoice,userTask,3,TK-0000650,EMP-0087,应付会计,2024-01-16 15:37:20.846525,2024-01-16 16:51:35.846525,approve,4455000
PI-000152,invoice_verification,PI-000152|A04,n_pay,Post Payment,serviceTask,4,TK-0000652,EMP-0088,出纳,2024-01-16 19:33:20.497781,2024-01-16 19:54:44.497781,approve,1284000
PI-000152,invoice_verification,PI-000152|A05,n_clear,Clear Invoice,serviceTask,5,TK-0000653,EMP-0083,应付会计,2024-01-16 20:25:19.813586,2024-01-16 20:28:06.813586,approve,167000
PI-000153,purchase_requisition,PI-000153|A01,n_submit,Submit Purchase Requisition,userTask,1,TK-0000654,EMP-0036,采购申请人,2024-01-06 21:59:15.265665,2024-01-06 22:39:29.265665,approve,2414000
PI-000153,purchase_requisition,PI-000153|A02,n_mgr_appr,Approve Requisition by Manager,userTask,2,TK-0000655,EMP-0045,部门经理,2024-01-06 22:59:57.631610,2024-01-07 00:22:45.631610,approve,4968000
PI-000153,purchase_requisition,PI-000153|A02,n_mgr_appr,Approve Requisition by Manager,userTask,2,TK-0000656,EMP-0044,部门经理,2024-01-06 23:12:03.409177,2024-01-07 00:18:10.409177,approve,3967000
PI-000153,purchase_requisition,PI-000153|A03,n_convert,Convert to Purchase Order,serviceTask,3,TK-0000657,EMP-0060,采购专员,2024-01-07 04:19:45.000229,2024-01-07 04:29:08.000229,approve,563000
PI-000154,purchase_order,PI-000154|A01,n_create_po,Create Purchase Order,serviceTask,1,TK-0000658,EMP-0054,采购专员,2024-01-08 01:39:56.687476,2024-01-08 01:49:28.687476,approve,572000
PI-000154,purchase_order,PI-000154|A02,n_dir_appr,Approve Purchase Order by Director,userTask,2,TK-0000659,EMP-0049,采购总监,2024-01-08 04:47:46.991572,2024-01-08 05:23:51.991572,approve,2165000
PI-000154,purchase_order,PI-000154|A03,n_send_po,Send Order to Supplier,serviceTask,3,TK-0000660,EMP-0057,采购专员,2024-01-08 07:40:33.850191,2024-01-08 07:43:35.850191,approve,182000
PI-000155,goods_receipt,PI-000155|A01,n_post_gr,Post Goods Receipt,serviceTask,1,TK-0000661,EMP-0067,仓储专员,2024-01-08 15:06:50.367139,2024-01-08 15:38:36.367139,approve,1906000
PI-000155,goods_receipt,PI-000155|A02,n_inspect,Quality Inspection,userTask,2,TK-0000662,EMP-0071,质检员,2024-01-08 17:36:45.454015,2024-01-08 20:42:00.454015,reject,11115000
PI-000155,goods_receipt,PI-000155|A03,n_return,Return to Supplier,serviceTask,3,TK-0000663,EMP-0068,仓储专员,2024-01-09 00:25:02.292687,2024-01-09 00:36:31.292687,approve,689000
PI-000156,invoice_verification,PI-000156|A01,n_enter_inv,Enter Incoming Invoice,userTask,1,TK-0000664,EMP-0080,财务专员,2024-01-09 09:59:41.557450,2024-01-09 10:51:05.557450,approve,3084000
PI-000156,invoice_verification,PI-000156|A02,n_match,Three-Way Match,serviceTask,2,TK-0000665,EMP-0075,财务专员,2024-01-09 12:15:47.606543,2024-01-09 12:21:34.606543,approve,347000
PI-000156,invoice_verification,PI-000156|A03,n_appr_inv,Approve Invoice,userTask,3,TK-0000667,EMP-0083,应付会计,2024-01-09 12:41:49.064449,2024-01-09 13:00:58.064449,approve,1149000
PI-000156,invoice_verification,PI-000156|A03,n_appr_inv,Approve Invoice,userTask,3,TK-0000666,EMP-0087,应付会计,2024-01-09 14:06:00.303007,2024-01-09 16:25:20.303007,approve,8360000
PI-000156,invoice_verification,PI-000156|A04,n_pay,Post Payment,serviceTask,4,TK-0000668,EMP-0088,出纳,2024-01-09 17:57:39.631441,2024-01-09 18:18:48.631441,approve,1269000
PI-000156,invoice_verification,PI-000156|A05,n_clear,Clear Invoice,serviceTask,5,TK-0000669,EMP-0084,应付会计,2024-01-09 18:50:11.092380,2024-01-09 19:18:10.092380,approve,1679000
PI-000157,purchase_requisition,PI-000157|A01,n_submit,Submit Purchase Requisition,userTask,1,TK-0000670,EMP-0002,采购申请人,2024-01-07 03:17:08.662457,2024-01-07 03:38:29.662457,approve,1281000
PI-000157,purchase_requisition,PI-000157|A02,n_mgr_appr,Approve Requisition by Manager,userTask,2,TK-0000672,EMP-0042,部门经理,2024-01-07 04:10:47.422616,2024-01-07 05:55:09.422616,approve,6262000
PI-000157,purchase_requisition,PI-000157|A02,n_mgr_appr,Approve Requisition by Manager,userTask,2,TK-0000671,EMP-0043,部门经理,2024-01-07 05:06:49.199820,2024-01-07 05:57:24.199820,approve,3035000
PI-000157,purchase_requisition,PI-000157|A03,n_convert,Convert to Purchase Order,serviceTask,3,TK-0000673,EMP-0052,采购专员,2024-01-07 06:26:37.949715,2024-01-07 07:01:44.949715,approve,2107000
PI-000158,purchase_order,PI-000158|A01,n_create_po,Create Purchase Order,serviceTask,1,TK-0000674,EMP-0056,采购专员,2024-01-08 02:21:28.160346,2024-01-08 02:41:47.160346,approve,1219000
PI-000158,purchase_order,PI-000158|A02,n_send_po,Send Order to Supplier,serviceTask,2,TK-0000675,EMP-0057,采购专员,2024-01-08 03:50:28.994968,2024-01-08 03:56:01.994968,approve,333000
PI-000159,goods_receipt,PI-000159|A01,n_post_gr,Post Goods Receipt,serviceTask,1,TK-0000676,EMP-0063,仓储专员,2024-01-08 11:13:10.076645,2024-01-08 11:17:47.076645,approve,277000
PI-000159,goods_receipt,PI-000159|A02,n_inspect,Quality Inspection,userTask,2,TK-0000677,EMP-0073,质检员,2024-01-08 13:47:37.122906,2024-01-08 14:00:43.122906,approve,786000
PI-000159,goods_receipt,PI-000159|A03,n_putaway,Putaway to Warehouse,serviceTask,3,TK-0000678,EMP-0063,仓储专员,2024-01-08 17:54:32.037539,2024-01-08 18:47:50.037539,approve,3198000
PI-000160,invoice_verification,PI-000160|A01,n_enter_inv,Enter Incoming Invoice,userTask,1,TK-0000679,EMP-0082,财务专员,2024-01-11 07:02:36.752460,2024-01-11 07:50:02.752460,approve,2846000
PI-000160,invoice_verification,PI-000160|A02,n_match,Three-Way Match,serviceTask,2,TK-0000680,EMP-0080,财务专员,2024-01-11 11:00:24.532220,2024-01-11 11:18:55.532220,approve,1111000
PI-000160,invoice_verification,PI-000160|A03,n_appr_inv,Approve Invoice,userTask,3,TK-0000682,EMP-0087,应付会计,2024-01-11 11:54:15.412558,2024-01-11 12:45:03.412558,approve,3048000
PI-000160,invoice_verification,PI-000160|A03,n_appr_inv,Approve Invoice,userTask,3,TK-0000681,EMP-0086,应付会计,2024-01-11 13:01:11.319431,2024-01-11 13:34:39.319431,approve,2008000
PI-000160,invoice_verification,PI-000160|A04,n_pay,Post Payment,serviceTask,4,TK-0000683,EMP-0088,出纳,2024-01-11 14:56:14.082600,2024-01-11 15:24:43.082600,approve,1709000
PI-000160,invoice_verification,PI-000160|A05,n_clear,Clear Invoice,serviceTask,5,TK-0000684,EMP-0086,应付会计,2024-01-11 17:48:29.639590,2024-01-11 17:52:26.639590,approve,237000
PI-000161,purchase_requisition,PI-000161|A01,n_submit,Submit Purchase Requisition,userTask,1,TK-0000685,EMP-0005,采购申请人,2024-01-07 09:24:07.696610,2024-01-07 09:41:28.696610,approve,1041000
PI-000161,purchase_requisition,PI-000161|A02,n_mgr_appr,Approve Requisition by Manager,userTask,2,TK-0000687,EMP-0041,部门经理,2024-01-07 10:31:09.336832,2024-01-07 15:43:23.336832,approve,18734000
PI-000161,purchase_requisition,PI-000161|A02,n_mgr_appr,Approve Requisition by Manager,userTask,2,TK-0000686,EMP-0048,部门经理,2024-01-07 10:54:34.622242,2024-01-07 11:48:51.622242,approve,3257000
PI-000161,purchase_requisition,PI-000161|A03,n_convert,Convert to Purchase Order,serviceTask,3,TK-0000688,EMP-0052,采购专员,2024-01-07 16:09:39.852200,2024-01-07 16:47:29.852200,approve,2270000
PI-000162,purchase_order,PI-000162|A01,n_create_po,Create Purchase Order,serviceTask,1,TK-0000689,EMP-0058,采购专员,2024-01-08 12:09:21.393704,2024-01-08 12:28:43.393704,approve,1162000
PI-000162,purchase_order,PI-000162|A02,n_dir_appr,Approve Purchase Order by Director,userTask,2,TK-0000690,EMP-0049,采购总监,2024-01-08 14:00:29.436503,2024-01-08 15:36:14.436503,approve,5745000
PI-000162,purchase_order,PI-000162|A03,n_send_po,Send Order to Supplier,serviceTask,3,TK-0000691,EMP-0057,采购专员,2024-01-08 16:07:01.182771,2024-01-08 16:11:06.182771,approve,245000
PI-000163,goods_receipt,PI-000163|A01,n_post_gr,Post Goods Receipt,serviceTask,1,TK-0000692,EMP-0064,仓储专员,2024-01-11 05:35:30.091845,2024-01-11 05:55:38.091845,approve,1208000
PI-000163,goods_receipt,PI-000163|A02,n_inspect,Quality Inspection,userTask,2,TK-0000693,EMP-0070,质检员,2024-01-11 06:32:52.897628,2024-01-11 09:30:14.897628,approve,10642000
PI-000163,goods_receipt,PI-000163|A03,n_putaway,Putaway to Warehouse,serviceTask,3,TK-0000694,EMP-0069,仓储专员,2024-01-11 11:05:39.375149,2024-01-11 11:22:34.375149,approve,1015000
PI-000164,invoice_verification,PI-000164|A01,n_enter_inv,Enter Incoming Invoice,userTask,1,TK-0000695,EMP-0080,财务专员,2024-01-15 02:11:51.675169,2024-01-15 02:20:23.675169,approve,512000
PI-000164,invoice_verification,PI-000164|A02,n_match,Three-Way Match,serviceTask,2,TK-0000696,EMP-0076,财务专员,2024-01-15 02:58:47.108636,2024-01-15 03:06:25.108636,approve,458000
PI-000164,invoice_verification,PI-000164|A03,n_appr_inv,Approve Invoice,userTask,3,TK-0000698,EMP-0085,应付会计,2024-01-15 03:09:02.634869,2024-01-15 03:36:49.634869,approve,1667000
PI-000164,invoice_verification,PI-000164|A03,n_appr_inv,Approve Invoice,userTask,3,TK-0000697,EMP-0083,应付会计,2024-01-15 04:21:55.078522,2024-01-15 06:43:42.078522,approve,8507000
PI-000164,invoice_verification,PI-000164|A04,n_pay,Post Payment,serviceTask,4,TK-0000699,EMP-0089,出纳,2024-01-15 08:27:38.405633,2024-01-15 08:36:51.405633,approve,553000
PI-000164,invoice_verification,PI-000164|A05,n_clear,Clear Invoice,serviceTask,5,TK-0000700,EMP-0085,应付会计,2024-01-15 11:32:41.706802,2024-01-15 11:39:11.706802,approve,390000
PI-000165,purchase_requisition,PI-000165|A01,n_submit,Submit Purchase Requisition,userTask,1,TK-0000701,EMP-0004,采购申请人,2024-01-07 09:38:13.767139,2024-01-07 09:47:17.767139,approve,544000
PI-000165,purchase_requisition,PI-000165|A02,n_mgr_appr,Approve Requisition by Manager,userTask,2,TK-0000702,EMP-0045,部门经理,2024-01-07 09:53:55.767908,2024-01-07 10:28:00.767908,reject,2045000
PI-000165,purchase_requisition,PI-000165|A02,n_mgr_appr,Approve Requisition by Manager,userTask,2,TK-0000703,EMP-0047,部门经理,2024-01-07 10:23:37.127176,2024-01-07 10:51:45.127176,reject,1688000
PI-000165,purchase_requisition,PI-000165|A02,n_mgr_appr,Approve Requisition by Manager,userTask,2,TK-0000704,EMP-0043,部门经理,2024-01-07 10:36:09.052745,2024-01-07 10:59:09.052745,reject,1380000
PI-000165,purchase_requisition,PI-000165|A03,n_revise,Revise Requisition,userTask,3,TK-0000705,EMP-0004,采购申请人,2024-01-07 14:26:43.456180,2024-01-07 14:59:15.456180,approve,1952000
PI-000165,purchase_requisition,PI-000165|A04,n_submit,Submit Purchase Requisition,userTask,4,TK-0000706,EMP-0004,采购申请人,2024-01-07 18:43:44.036331,2024-01-07 18:54:42.036331,approve,658000
PI-000165,purchase_requisition,PI-000165|A05,n_mgr_appr,Approve Requisition by Manager,userTask,5,TK-0000709,EMP-0045,部门经理,2024-01-07 19:19:49.668245,2024-01-07 19:43:15.668245,approve,1406000
PI-000165,purchase_requisition,PI-000165|A05,n_mgr_appr,Approve Requisition by Manager,userTask,5,TK-0000708,EMP-0042,部门经理,2024-01-07 19:40:31.120412,2024-01-07 20:14:59.120412,approve,2068000
PI-000165,purchase_requisition,PI-000165|A05,n_mgr_appr,Approve Requisition by Manager,userTask,5,TK-0000707,EMP-0043,部门经理,2024-01-07 20:24:09.127996,2024-01-07 20:59:49.127996,approve,2140000
PI-000165,purchase_requisition,PI-000165|A06,n_convert,Convert to Purchase Order,serviceTask,6,TK-0000710,EMP-0058,采购专员,2024-01-07 23:45:26.618412,2024-01-07 23:53:47.618412,approve,501000
PI-000166,purchase_order,PI-000166|A01,n_create_po,Create Purchase Order,serviceTask,1,TK-0000711,EMP-0056,采购专员,2024-01-08 16:50:58.333805,2024-01-08 16:54:40.333805,approve,222000
PI-000166,purchase_order,PI-000166|A02,n_dir_appr,Approve Purchase Order by Director,userTask,2,TK-0000712,EMP-0051,采购总监,2024-01-08 19:37:33.980738,2024-01-08 22:34:36.980738,approve,10623000
PI-000166,purchase_order,PI-000166|A03,n_send_po,Send Order to Supplier,serviceTask,3,TK-0000713,EMP-0057,采购专员,2024-01-09 00:48:18.317769,2024-01-09 01:05:27.317769,approve,1029000
PI-000167,goods_receipt,PI-000167|A01,n_post_gr,Post Goods Receipt,serviceTask,1,TK-0000714,EMP-0062,仓储专员,2024-01-11 06:02:04.659756,2024-01-11 06:39:41.659756,approve,2257000
PI-000167,goods_receipt,PI-000167|A02,n_inspect,Quality Inspection,userTask,2,TK-0000715,EMP-0070,质检员,2024-01-11 07:04:59.707630,2024-01-11 08:00:01.707630,approve,3302000
PI-000167,goods_receipt,PI-000167|A03,n_putaway,Putaway to Warehouse,serviceTask,3,TK-0000716,EMP-0064,仓储专员,2024-01-11 11:35:35.330618,2024-01-11 12:16:40.330618,approve,2465000
PI-000168,goods_receipt,PI-000168|A01,n_post_gr,Post Goods Receipt,serviceTask,1,TK-0000717,EMP-0067,仓储专员,2024-01-12 10:42:57.434277,2024-01-12 11:02:04.434277,approve,1147000
PI-000168,goods_receipt,PI-000168|A02,n_inspect,Quality Inspection,userTask,2,TK-0000718,EMP-0070,质检员,2024-01-12 12:07:45.598619,2024-01-12 13:18:48.598619,approve,4263000
PI-000168,goods_receipt,PI-000168|A03,n_putaway,Putaway to Warehouse,serviceTask,3,TK-0000719,EMP-0065,仓储专员,2024-01-12 15:47:13.855197,2024-01-12 16:01:14.855197,approve,841000
PI-000169,invoice_verification,PI-000169|A01,n_enter_inv,Enter Incoming Invoice,userTask,1,TK-0000720,EMP-0079,财务专员,2024-01-15 23:08:09.222058,2024-01-15 23:15:42.222058,approve,453000
PI-000169,invoice_verification,PI-000169|A02,n_match,Three-Way Match,serviceTask,2,TK-0000721,EMP-0082,财务专员,2024-01-15 23:55:41.067342,2024-01-16 00:06:09.067342,approve,628000
PI-000169,invoice_verification,PI-000169|A03,n_appr_inv,Approve Invoice,userTask,3,TK-0000723,EMP-0086,应付会计,2024-01-16 00:55:15.786618,2024-01-16 01:20:54.786618,approve,1539000
PI-000169,invoice_verification,PI-000169|A03,n_appr_inv,Approve Invoice,userTask,3,TK-0000722,EMP-0087,应付会计,2024-01-16 01:06:08.229382,2024-01-16 01:38:51.229382,approve,1963000
PI-000169,invoice_verification,PI-000169|A04,n_pay,Post Payment,serviceTask,4,TK-0000724,EMP-0090,出纳,2024-01-16 04:56:04.700279,2024-01-16 05:07:29.700279,approve,685000
PI-000169,invoice_verification,PI-000169|A05,n_clear,Clear Invoice,serviceTask,5,TK-0000725,EMP-0085,应付会计,2024-01-16 06:30:51.200230,2024-01-16 06:35:31.200230,approve,280000
PI-000170,purchase_requisition,PI-000170|A01,n_submit,Submit Purchase Requisition,userTask,1,TK-0000726,EMP-0024,采购申请人,2024-01-07 17:02:43.705596,2024-01-07 17:33:43.705596,approve,1860000
PI-000170,purchase_requisition,PI-000170|A02,n_mgr_appr,Approve Requisition by Manager,userTask,2,TK-0000729,EMP-0047,部门经理,2024-01-07 18:17:28.397437,2024-01-07 19:32:07.397437,approve,4479000
PI-000170,purchase_requisition,PI-000170|A02,n_mgr_appr,Approve Requisition by Manager,userTask,2,TK-0000728,EMP-0046,部门经理,2024-01-07 18:18:22.633753,2024-01-07 18:53:28.633753,approve,2106000
PI-000170,purchase_requisition,PI-000170|A02,n_mgr_appr,Approve Requisition by Manager,userTask,2,TK-0000727,EMP-0042,部门经理,2024-01-07 18:20:02.607334,2024-01-07 18:35:28.607334,approve,926000
PI-000170,purchase_requisition,PI-000170|A03,n_convert,Convert to Purchase Order,serviceTask,3,TK-0000730,EMP-0056,采购专员,2024-01-07 21:34:32.943973,2024-01-07 21:42:00.943973,approve,448000
PI-000171,purchase_order,PI-000171|A01,n_create_po,Create Purchase Order,serviceTask,1,TK-0000731,EMP-0052,采购专员,2024-01-08 10:18:27.949140,2024-01-08 11:38:12.949140,approve,4785000
PI-000171,purchase_order,PI-000171|A02,n_dir_appr,Approve Purchase Order by Director,userTask,2,TK-0000732,EMP-0051,采购总监,2024-01-08 11:58:14.751516,2024-01-08 14:16:38.751516,approve,8304000
PI-000171,purchase_order,PI-000171|A03,n_send_po,Send Order to Supplier,serviceTask,3,TK-0000733,EMP-0053,采购专员,2024-01-08 17:30:41.546302,2024-01-08 17:33:48.546302,approve,187000
PI-000172,goods_receipt,PI-000172|A01,n_post_gr,Post Goods Receipt,serviceTask,1,TK-0000734,EMP-0063,仓储专员,2024-01-08 23:18:38.867225,2024-01-08 23:24:22.867225,approve,344000
PI-000172,goods_receipt,PI-000172|A02,n_inspect,Quality Inspection,userTask,2,TK-0000735,EMP-0073,质检员,2024-01-09 00:26:38.256219,2024-01-09 01:17:02.256219,approve,3024000
PI-000172,goods_receipt,PI-000172|A03,n_putaway,Putaway to Warehouse,serviceTask,3,TK-0000736,EMP-0068,仓储专员,2024-01-09 04:24:47.285310,2024-01-09 04:34:26.285310,approve,579000
PI-000173,invoice_verification,PI-000173|A01,n_enter_inv,Enter Incoming Invoice,userTask,1,TK-0000737,EMP-0081,财务专员,2024-01-12 14:58:37.903725,2024-01-12 15:47:27.903725,approve,2930000
PI-000173,invoice_verification,PI-000173|A02,n_match,Three-Way Match,serviceTask,2,TK-0000738,EMP-0079,财务专员,2024-01-12 17:55:23.428509,2024-01-12 17:56:50.428509,reject,87000
PI-000173,invoice_verification,PI-000173|A03,n_park,Park Invoice,userTask,3,TK-0000739,EMP-0077,财务专员,2024-01-12 20:50:22.930963,2024-01-12 21:13:32.930963,approve,1390000
PI-000173,invoice_verification,PI-000173|A04,n_handle_exc,Handle Invoice Exception,userTask,4,TK-0000740,EMP-0079,财务专员,2024-01-12 22:40:17.666256,2024-01-12 23:02:51.666256,approve,1354000
PI-000173,invoice_verification,PI-000173|A05,n_match,Three-Way Match,serviceTask,5,TK-0000741,EMP-0078,财务专员,2024-01-13 00:56:57.111956,2024-01-13 01:06:38.111956,approve,581000
PI-000173,invoice_verification,PI-000173|A06,n_appr_inv,Approve Invoice,userTask,6,TK-0000742,EMP-0086,应付会计,2024-01-13 01:31:54.746296,2024-01-13 02:33:48.746296,approve,3714000
PI-000173,invoice_verification,PI-000173|A06,n_appr_inv,Approve Invoice,userTask,6,TK-0000743,EMP-0087,应付会计,2024-01-13 01:46:02.227667,2024-01-13 02:17:42.227667,approve,1900000
PI-000173,invoice_verification,PI-000173|A07,n_pay,Post Payment,serviceTask,7,TK-0000744,EMP-0089,出纳,2024-01-13 02:48:59.522801,2024-01-13 03:00:44.522801,approve,705000
PI-000173,invoice_verification,PI-000173|A08,n_clear,Clear Invoice,serviceTask,8,TK-0000745,EMP-0086,应付会计,2024-01-13 05:25:01.686739,2024-01-13 05:29:38.686739,approve,277000
PI-000174,purchase_requisition,PI-000174|A01,n_submit,Submit Purchase Requisition,userTask,1,TK-0000746,EMP-0008,采购申请人,2024-01-07 20:43:48.599369,2024-01-07 21:04:26.599369,approve,1238000
PI-000174,purchase_requisition,PI-000174|A02,n_mgr_appr,Approve Requisition by Manager,userTask,2,TK-0000748,EMP-0045,部门经理,2024-01-07 21:48:11.577201,2024-01-07 22:28:00.577201,approve,2389000
PI-000174,purchase_requisition,PI-000174|A02,n_mgr_appr,Approve Requisition by Manager,userTask,2,TK-0000747,EMP-0044,部门经理,2024-01-07 22:01:46.036390,2024-01-07 22:53:03.036390,approve,3077000
PI-000174,purchase_requisition,PI-000174|A03,n_convert,Convert to Purchase Order,serviceTask,3,TK-0000749,EMP-0054,采购专员,2024-01-07 23:24:09.677105,2024-01-07 23:33:27.677105,approve,558000
PI-000175,purchase_order,PI-000175|A01,n_create_po,Create Purchase Order,serviceTask,1,TK-0000750,EMP-0058,采购专员,2024-01-08 16:29:14.134137,2024-01-08 16:30:14.134137,approve,60000
PI-000175,purchase_order,PI-000175|A02,n_dir_appr,Approve Purchase Order by Director,userTask,2,TK-0000751,EMP-0051,采购总监,2024-01-08 18:15:50.490306,2024-01-08 20:58:59.490306,approve,9789000
PI-000175,purchase_order,PI-000175|A03,n_send_po,Send Order to Supplier,serviceTask,3,TK-0000752,EMP-0061,采购专员,2024-01-09 00:46:21.648506,2024-01-09 00:50:51.648506,approve,270000
PI-000176,goods_receipt,PI-000176|A01,n_post_gr,Post Goods Receipt,serviceTask,1,TK-0000753,EMP-0063,仓储专员,2024-01-10 14:15:06.945281,2024-01-10 14:21:01.945281,approve,355000
PI-000176,goods_receipt,PI-000176|A02,n_inspect,Quality Inspection,userTask,2,TK-0000754,EMP-0071,质检员,2024-01-10 14:57:13.184506,2024-01-10 15:19:39.184506,approve,1346000
PI-000176,goods_receipt,PI-000176|A03,n_putaway,Putaway to Warehouse,serviceTask,3,TK-0000755,EMP-0066,仓储专员,2024-01-10 16:02:40.604459,2024-01-10 16:29:26.604459,approve,1606000
PI-000177,invoice_verification,PI-000177|A01,n_enter_inv,Enter Incoming Invoice,userTask,1,TK-0000756,EMP-0077,财务专员,2024-01-11 15:44:52.959077,2024-01-11 16:03:33.959077,approve,1121000
PI-000177,invoice_verification,PI-000177|A02,n_match,Three-Way Match,serviceTask,2,TK-0000757,EMP-0076,财务专员,2024-01-11 17:39:00.756755,2024-01-11 17:52:02.756755,approve,782000
PI-000177,invoice_verification,PI-000177|A03,n_appr_inv,Approve Invoice,userTask,3,TK-0000759,EMP-0085,应付会计,2024-01-11 18:00:28.920327,2024-01-11 18:33:11.920327,approve,1963000
PI-000177,invoice_verification,PI-000177|A03,n_appr_inv,Approve Invoice,userTask,3,TK-0000758,EMP-0083,应付会计,2024-01-11 19:21:39.506172,2024-01-12 00:46:48.506172,approve,19509000
PI-000177,invoice_verification,PI-000177|A04,n_pay,Post Payment,serviceTask,4,TK-0000760,EMP-0088,出纳,2024-01-12 03:24:07.740655,2024-01-12 03:45:07.740655,approve,1260000
PI-000177,invoice_verification,PI-000177|A05,n_clear,Clear Invoice,serviceTask,5,TK-0000761,EMP-0084,应付会计,2024-01-12 07:40:43.388529,2024-01-12 07:44:55.388529,approve,252000
PI-000178,purchase_requisition,PI-000178|A01,n_submit,Submit Purchase Requisition,userTask,1,TK-0000762,EMP-0038,采购申请人,2024-01-08 01:46:48.395286,2024-01-08 02:06:26.395286,approve,1178000
PI-000178,purchase_requisition,PI-000178|A02,n_mgr_appr,Approve Requisition by Manager,userTask,2,TK-0000764,EMP-0044,部门经理,2024-01-08 02:25:23.475235,2024-01-08 04:29:22.475235,reject,7439000
PI-000178,purchase_requisition,PI-000178|A02,n_mgr_appr,Approve Requisition by Manager,userTask,2,TK-0000765,EMP-0045,部门经理,2024-01-08 03:03:16.266608,2024-01-08 04:00:03.266608,reject,3407000
PI-000178,purchase_requisition,PI-000178|A02,n_mgr_appr,Approve Requisition by Manager,userTask,2,TK-0000763,EMP-0048,部门经理,2024-01-08 03:12:00.505220,2024-01-08 04:46:53.505220,reject,5693000
PI-000178,purchase_requisition,PI-000178|A03,n_revise,Revise Requisition,userTask,3,TK-0000766,EMP-0038,采购申请人,2024-01-08 08:36:41.944932,2024-01-08 08:57:36.944932,approve,1255000
PI-000178,purchase_requisition,PI-000178|A04,n_submit,Submit Purchase Requisition,userTask,4,TK-0000767,EMP-0038,采购申请人,2024-01-08 10:59:15.180095,2024-01-08 12:03:13.180095,approve,3838000
PI-000178,purchase_requisition,PI-000178|A05,n_mgr_appr,Approve Requisition by Manager,userTask,5,TK-0000769,EMP-0043,部门经理,2024-01-08 12:38:47.072122,2024-01-08 15:03:04.072122,approve,8657000
PI-000178,purchase_requisition,PI-000178|A05,n_mgr_appr,Approve Requisition by Manager,userTask,5,TK-0000768,EMP-0048,部门经理,2024-01-08 12:56:32.076909,2024-01-08 13:58:42.076909,approve,3730000
PI-000178,purchase_requisition,PI-000178|A06,n_convert,Convert to Purchase Order,serviceTask,6,TK-0000770,EMP-0060,采购专员,2024-01-08 18:25:54.973094,2024-01-08 18:34:59.973094,approve,545000
PI-000179,purchase_order,PI-000179|A01,n_create_po,Create Purchase Order,serviceTask,1,TK-0000771,EMP-0054,采购专员,2024-01-09 20:25:32.216899,2024-01-09 21:22:03.216899,approve,3391000
PI-000179,purchase_order,PI-000179|A02,n_dir_appr,Approve Purchase Order by Director,userTask,2,TK-0000772,EMP-0049,采购总监,2024-01-10 01:20:35.416736,2024-01-10 03:06:12.416736,approve,6337000
PI-000179,purchase_order,PI-000179|A03,n_send_po,Send Order to Supplier,serviceTask,3,TK-0000773,EMP-0052,采购专员,2024-01-10 05:47:36.718006,2024-01-10 05:48:36.718006,approve,60000
PI-000180,goods_receipt,PI-000180|A01,n_post_gr,Post Goods Receipt,serviceTask,1,TK-0000774,EMP-0067,仓储专员,2024-01-12 14:18:03.646868,2024-01-12 14:59:40.646868,approve,2497000
PI-000180,goods_receipt,PI-000180|A02,n_inspect,Quality Inspection,userTask,2,TK-0000775,EMP-0072,质检员,2024-01-12 16:56:02.787367,2024-01-12 17:13:00.787367,approve,1018000
PI-000180,goods_receipt,PI-000180|A03,n_putaway,Putaway to Warehouse,serviceTask,3,TK-0000776,EMP-0063,仓储专员,2024-01-12 20:09:56.918717,2024-01-12 20:42:42.918717,approve,1966000
PI-000181,goods_receipt,PI-000181|A01,n_post_gr,Post Goods Receipt,serviceTask,1,TK-0000777,EMP-0065,仓储专员,2024-01-13 23:55:33.652401,2024-01-14 00:08:35.652401,approve,782000
PI-000181,goods_receipt,PI-000181|A02,n_inspect,Quality Inspection,userTask,2,TK-0000778,EMP-0074,质检员,2024-01-14 01:46:17.025343,2024-01-14 02:30:00.025343,reject,2623000
PI-000181,goods_receipt,PI-000181|A03,n_return,Return to Supplier,serviceTask,3,TK-0000779,EMP-0067,仓储专员,2024-01-14 04:08:25.593105,2024-01-14 05:03:28.593105,approve,3303000
PI-000182,invoice_verification,PI-000182|A01,n_enter_inv,Enter Incoming Invoice,userTask,1,TK-0000780,EMP-0076,财务专员,2024-01-15 21:43:26.334689,2024-01-15 22:04:16.334689,approve,1250000
PI-000182,invoice_verification,PI-000182|A02,n_match,Three-Way Match,serviceTask,2,TK-0000781,EMP-0081,财务专员,2024-01-16 01:00:29.672457,2024-01-16 01:04:45.672457,approve,256000
PI-000182,invoice_verification,PI-000182|A03,n_appr_inv,Approve Invoice,userTask,3,TK-0000782,EMP-0086,应付会计,2024-01-16 01:17:21.871347,2024-01-16 01:39:00.871347,approve,1299000
PI-000182,invoice_verification,PI-000182|A03,n_appr_inv,Approve Invoice,userTask,3,TK-0000783,EMP-0085,应付会计,2024-01-16 01:59:47.820984,2024-01-16 02:39:27.820984,approve,2380000
PI-000182,invoice_verification,PI-000182|A04,n_pay,Post Payment,serviceTask,4,TK-0000784,EMP-0088,出纳,2024-01-16 03:31:17.352601,2024-01-16 03:52:19.352601,approve,1262000
PI-000182,invoice_verification,PI-000182|A05,n_clear,Clear Invoice,serviceTask,5,TK-0000785,EMP-0085,应付会计,2024-01-16 07:13:27.003944,2024-01-16 07:16:57.003944,approve,210000
PI-000183,invoice_verification,PI-000183|A01,n_enter_inv,Enter Incoming Invoice,userTask,1,TK-0000786,EMP-0082,财务专员,2024-01-16 12:08:09.630039,2024-01-16 12:41:13.630039,approve,1984000
PI-000183,invoice_verification,PI-000183|A02,n_match,Three-Way Match,serviceTask,2,TK-0000787,EMP-0078,财务专员,2024-01-16 12:52:54.670486,2024-01-16 13:07:52.670486,approve,898000
PI-000183,invoice_verification,PI-000183|A03,n_appr_inv,Approve Invoice,userTask,3,TK-0000789,EMP-0086,应付会计,2024-01-16 13:37:29.292168,2024-01-16 14:42:39.292168,approve,3910000
PI-000183,invoice_verification,PI-000183|A03,n_appr_inv,Approve Invoice,userTask,3,TK-0000788,EMP-0087,应付会计,2024-01-16 14:17:55.135155,2024-01-16 17:02:06.135155,approve,9851000
PI-000183,invoice_verification,PI-000183|A04,n_pay,Post Payment,serviceTask,4,TK-0000790,EMP-0090,出纳,2024-01-16 17:11:13.520790,2024-01-16 17:17:14.520790,approve,361000
PI-000183,invoice_verification,PI-000183|A05,n_clear,Clear Invoice,serviceTask,5,TK-0000791,EMP-0086,应付会计,2024-01-16 20:48:38.794218,2024-01-16 20:52:11.794218,approve,213000
PI-000184,purchase_requisition,PI-000184|A01,n_submit,Submit Purchase Requisition,userTask,1,TK-0000792,EMP-0023,采购申请人,2024-01-08 05:08:04.739521,2024-01-08 05:17:22.739521,approve,558000
PI-000184,purchase_requisition,PI-000184|A02,n_mgr_appr,Approve Requisition by Manager,userTask,2,TK-0000795,EMP-0048,部门经理,2024-01-08 05:27:42.876465,2024-01-08 06:00:24.876465,reject,1962000
PI-000184,purchase_requisition,PI-000184|A02,n_mgr_appr,Approve Requisition by Manager,userTask,2,TK-0000794,EMP-0047,部门经理,2024-01-08 05:40:24.318438,2024-01-08 06:44:20.318438,reject,3836000
PI-000184,purchase_requisition,PI-000184|A02,n_mgr_appr,Approve Requisition by Manager,userTask,2,TK-0000793,EMP-0046,部门经理,2024-01-08 06:54:21.892244,2024-01-08 07:18:32.892244,reject,1451000
PI-000184,purchase_requisition,PI-000184|A03,n_revise,Revise Requisition,userTask,3,TK-0000796,EMP-0023,采购申请人,2024-01-08 10:59:57.686267,2024-01-08 11:23:47.686267,approve,1430000
PI-000184,purchase_requisition,PI-000184|A04,n_submit,Submit Purchase Requisition,userTask,4,TK-0000797,EMP-0023,采购申请人,2024-01-08 14:44:12.873389,2024-01-08 15:40:00.873389,approve,3348000
PI-000184,purchase_requisition,PI-000184|A05,n_convert,Convert to Purchase Order,serviceTask,5,TK-0000798,EMP-0060,采购专员,2024-01-08 18:32:27.787887,2024-01-08 19:06:40.787887,approve,2053000
PI-000185,purchase_order,PI-000185|A01,n_create_po,Create Purchase Order,serviceTask,1,TK-0000799,EMP-0061,采购专员,2024-01-09 16:56:38.269826,2024-01-09 17:02:37.269826,approve,359000
PI-000185,purchase_order,PI-000185|A02,n_dir_appr,Approve Purchase Order by Director,userTask,2,TK-0000800,EMP-0051,采购总监,2024-01-09 18:00:51.969298,2024-01-09 18:54:30.969298,approve,3219000
PI-000185,purchase_order,PI-000185|A03,n_send_po,Send Order to Supplier,serviceTask,3,TK-0000801,EMP-0053,采购专员,2024-01-09 19:17:47.036993,2024-01-09 19:37:15.036993,approve,1168000
PI-000186,goods_receipt,PI-000186|A01,n_post_gr,Post Goods Receipt,serviceTask,1,TK-0000802,EMP-0062,仓储专员,2024-01-10 18:22:13.338569,2024-01-10 18:28:54.338569,approve,401000
PI-000186,goods_receipt,PI-000186|A02,n_inspect,Quality Inspection,userTask,2,TK-0000803,EMP-0072,质检员,2024-01-10 22:16:52.300201,2024-01-10 22:53:03.300201,approve,2171000
PI-000186,goods_receipt,PI-000186|A03,n_putaway,Putaway to Warehouse,serviceTask,3,TK-0000804,EMP-0065,仓储专员,2024-01-11 00:56:42.520331,2024-01-11 01:55:22.520331,approve,3520000
PI-000187,goods_receipt,PI-000187|A01,n_post_gr,Post Goods Receipt,serviceTask,1,TK-0000805,EMP-0069,仓储专员,2024-01-11 20:25:21.526367,2024-01-11 20:39:53.526367,approve,872000
PI-000187,goods_receipt,PI-000187|A02,n_inspect,Quality Inspection,userTask,2,TK-0000806,EMP-0072,质检员,2024-01-12 00:35:29.872219,2024-01-12 01:12:47.872219,approve,2238000
PI-000187,goods_receipt,PI-000187|A03,n_putaway,Putaway to Warehouse,serviceTask,3,TK-0000807,EMP-0067,仓储专员,2024-01-12 01:46:50.849394,2024-01-12 03:14:00.849394,approve,5230000
PI-000188,invoice_verification,PI-000188|A01,n_enter_inv,Enter Incoming Invoice,userTask,1,TK-0000808,EMP-0079,财务专员,2024-01-12 23:25:53.966523,2024-01-13 00:08:19.966523,approve,2546000
PI-000188,invoice_verification,PI-000188|A02,n_match,Three-Way Match,serviceTask,2,TK-0000809,EMP-0081,财务专员,2024-01-13 00:57:41.834821,2024-01-13 01:04:59.834821,approve,438000
PI-000188,invoice_verification,PI-000188|A03,n_appr_inv,Approve Invoice,userTask,3,TK-0000811,EMP-0086,应付会计,2024-01-13 01:15:18.753936,2024-01-13 01:52:39.753936,approve,2241000
PI-000188,invoice_verification,PI-000188|A03,n_appr_inv,Approve Invoice,userTask,3,TK-0000810,EMP-0083,应付会计,2024-01-13 02:00:22.437439,2024-01-13 03:01:55.437439,approve,3693000
PI-000188,invoice_verification,PI-000188|A04,n_pay,Post Payment,serviceTask,4,TK-0000812,EMP-0088,出纳,2024-01-13 03:22:07.854236,2024-01-13 03:50:33.854236,approve,1706000
PI-000188,invoice_verification,PI-000188|A05,n_clear,Clear Invoice,serviceTask,5,TK-0000813,EMP-0086,应付会计,2024-01-13 04:24:24.800801,2024-01-13 04:50:41.800801,approve,1577000
PI-000189,invoice_verification,PI-000189|A01,n_enter_inv,Enter Incoming Invoice,userTask,1,TK-0000814,EMP-0081,财务专员,2024-01-16 05:49:31.990209,2024-01-16 06:01:01.990209,approve,690000
PI-000189,invoice_verification,PI-000189|A02,n_match,Three-Way Match,serviceTask,2,TK-0000815,EMP-0078,财务专员,2024-01-16 08:33:42.021727,2024-01-16 08:38:51.021727,approve,309000
PI-000189,invoice_verification,PI-000189|A03,n_appr_inv,Approve Invoice,userTask,3,TK-0000817,EMP-0086,应付会计,2024-01-16 09:09:17.092981,2024-01-16 09:41:36.092981,approve,1939000
PI-000189,invoice_verification,PI-000189|A03,n_appr_inv,Approve Invoice,userTask,3,TK-0000816,EMP-0083,应付会计,2024-01-16 10:15:00.868492,2024-01-16 10:32:20.868492,approve,1040000
PI-000189,invoice_verification,PI-000189|A04,n_pay,Post Payment,serviceTask,4,TK-0000818,EMP-0090,出纳,2024-01-16 10:41:30.021028,2024-01-16 10:49:29.021028,approve,479000
PI-000189,invoice_verification,PI-000189|A05,n_clear,Clear Invoice,serviceTask,5,TK-0000819,EMP-0083,应付会计,2024-01-16 11:02:12.344153,2024-01-16 11:11:58.344153,approve,586000
PI-000190,purchase_requisition,PI-000190|A01,n_submit,Submit Purchase Requisition,userTask,1,TK-0000820,EMP-0032,采购申请人,2024-01-08 13:46:06.732306,2024-01-08 14:15:30.732306,approve,1764000
PI-000190,purchase_requisition,PI-000190|A02,n_mgr_appr,Approve Requisition by Manager,userTask,2,TK-0000821,EMP-0041,部门经理,2024-01-08 14:50:48.130098,2024-01-08 16:02:19.130098,approve,4291000
PI-000190,purchase_requisition,PI-000190|A02,n_mgr_appr,Approve Requisition by Manager,userTask,2,TK-0000822,EMP-0044,部门经理,2024-01-08 14:56:44.909793,2024-01-08 16:30:34.909793,approve,5630000
PI-000190,purchase_requisition,PI-000190|A03,n_convert,Convert to Purchase Order,serviceTask,3,TK-0000823,EMP-0054,采购专员,2024-01-08 19:52:15.681336,2024-01-08 19:57:11.681336,approve,296000
PI-000191,purchase_order,PI-000191|A01,n_create_po,Create Purchase Order,serviceTask,1,TK-0000824,EMP-0056,采购专员,2024-01-09 18:22:44.637600,2024-01-09 18:29:05.637600,approve,381000
PI-000191,purchase_order,PI-000191|A02,n_dir_appr,Approve Purchase Order by Director,userTask,2,TK-0000825,EMP-0051,采购总监,2024-01-09 22:05:55.516417,2024-01-09 22:41:43.516417,approve,2148000
PI-000191,purchase_order,PI-000191|A03,n_send_po,Send Order to Supplier,serviceTask,3,TK-0000826,EMP-0058,采购专员,2024-01-10 01:00:45.501341,2024-01-10 01:04:41.501341,approve,236000
PI-000192,goods_receipt,PI-000192|A01,n_post_gr,Post Goods Receipt,serviceTask,1,TK-0000827,EMP-0067,仓储专员,2024-01-11 06:43:34.367711,2024-01-11 06:48:03.367711,approve,269000
PI-000192,goods_receipt,PI-000192|A02,n_inspect,Quality Inspection,userTask,2,TK-0000828,EMP-0074,质检员,2024-01-11 07:43:21.897190,2024-01-11 08:13:28.897190,reject,1807000
PI-000192,goods_receipt,PI-000192|A03,n_return,Return to Supplier,serviceTask,3,TK-0000829,EMP-0063,仓储专员,2024-01-11 11:07:08.563677,2024-01-11 11:51:11.563677,approve,2643000
PI-000193,invoice_verification,PI-000193|A01,n_enter_inv,Enter Incoming Invoice,userTask,1,TK-0000830,EMP-0076,财务专员,2024-01-13 20:01:57.652532,2024-01-13 20:09:22.652532,approve,445000
PI-000193,invoice_verification,PI-000193|A02,n_match,Three-Way Match,serviceTask,2,TK-0000831,EMP-0078,财务专员,2024-01-13 21:51:44.483466,2024-01-13 21:56:03.483466,approve,259000
PI-000193,invoice_verification,PI-000193|A03,n_appr_inv,Approve Invoice,userTask,3,TK-0000833,EMP-0084,应付会计,2024-01-13 22:52:24.810447,2024-01-13 23:47:45.810447,approve,3321000
PI-000193,invoice_verification,PI-000193|A03,n_appr_inv,Approve Invoice,userTask,3,TK-0000832,EMP-0087,应付会计,2024-01-13 23:07:23.702203,2024-01-14 00:33:42.702203,approve,5179000
PI-000193,invoice_verification,PI-000193|A04,n_pay,Post Payment,serviceTask,4,TK-0000834,EMP-0089,出纳,2024-01-14 04:18:21.068872,2024-01-14 04:34:22.068872,approve,961000
PI-000193,invoice_verification,PI-000193|A05,n_clear,Clear Invoice,serviceTask,5,TK-0000835,EMP-0086,应付会计,2024-01-14 05:14:05.254884,2024-01-14 05:15:39.254884,approve,94000
PI-000194,purchase_requisition,PI-000194|A01,n_submit,Submit Purchase Requisition,userTask,1,TK-0000836,EMP-0021,采购申请人,2024-01-08 15:52:09.752718,2024-01-08 16:10:35.752718,approve,1106000
PI-000194,purchase_requisition,PI-000194|A02,n_mgr_appr,Approve Requisition by Manager,userTask,2,TK-0000837,EMP-0044,部门经理,2024-01-08 16:43:50.300326,2024-01-08 18:48:45.300326,approve,7495000
PI-000194,purchase_requisition,PI-000194|A02,n_mgr_appr,Approve Requisition by Manager,userTask,2,TK-0000838,EMP-0041,部门经理,2024-01-08 16:45:03.943755,2024-01-08 17:33:20.943755,approve,2897000
PI-000194,purchase_requisition,PI-000194|A03,n_convert,Convert to Purchase Order,serviceTask,3,TK-0000839,EMP-0054,采购专员,2024-01-08 19:00:36.200659,2024-01-08 19:16:47.200659,approve,971000
PI-000195,purchase_order,PI-000195|A01,n_create_po,Create Purchase Order,serviceTask,1,TK-0000840,EMP-0054,采购专员,2024-01-09 17:36:07.238091,2024-01-09 17:53:54.238091,approve,1067000
PI-000195,purchase_order,PI-000195|A02,n_dir_appr,Approve Purchase Order by Director,userTask,2,TK-0000841,EMP-0051,采购总监,2024-01-09 18:58:04.731715,2024-01-09 21:43:03.731715,approve,9899000
PI-000195,purchase_order,PI-000195|A03,n_send_po,Send Order to Supplier,serviceTask,3,TK-0000842,EMP-0057,采购专员,2024-01-10 01:03:39.643444,2024-01-10 01:25:20.643444,approve,1301000
PI-000196,goods_receipt,PI-000196|A01,n_post_gr,Post Goods Receipt,serviceTask,1,TK-0000843,EMP-0062,仓储专员,2024-01-11 12:11:22.503432,2024-01-11 12:19:33.503432,approve,491000
PI-000196,goods_receipt,PI-000196|A02,n_inspect,Quality Inspection,userTask,2,TK-0000844,EMP-0071,质检员,2024-01-11 13:49:51.775405,2024-01-11 17:01:39.775405,approve,11508000
PI-000196,goods_receipt,PI-000196|A03,n_putaway,Putaway to Warehouse,serviceTask,3,TK-0000845,EMP-0062,仓储专员,2024-01-11 20:24:24.544233,2024-01-11 21:53:06.544233,approve,5322000
PI-000197,invoice_verification,PI-000197|A01,n_enter_inv,Enter Incoming Invoice,userTask,1,TK-0000846,EMP-0076,财务专员,2024-01-16 19:14:51.541287,2024-01-16 19:29:01.541287,approve,850000
PI-000197,invoice_verification,PI-000197|A02,n_match,Three-Way Match,serviceTask,2,TK-0000847,EMP-0079,财务专员,2024-01-16 20:44:44.064225,2024-01-16 20:46:09.064225,approve,85000
PI-000197,invoice_verification,PI-000197|A03,n_appr_inv,Approve Invoice,userTask,3,TK-0000848,EMP-0086,应付会计,2024-01-16 21:22:39.916252,2024-01-16 22:10:47.916252,approve,2888000
PI-000197,invoice_verification,PI-000197|A03,n_appr_inv,Approve Invoice,userTask,3,TK-0000849,EMP-0083,应付会计,2024-01-16 21:41:53.274550,2024-01-16 22:17:11.274550,approve,2118000
PI-000197,invoice_verification,PI-000197|A04,n_pay,Post Payment,serviceTask,4,TK-0000850,EMP-0088,出纳,2024-01-17 01:35:55.326757,2024-01-17 01:55:21.326757,approve,1166000
PI-000197,invoice_verification,PI-000197|A05,n_clear,Clear Invoice,serviceTask,5,TK-0000851,EMP-0087,应付会计,2024-01-17 04:51:43.492241,2024-01-17 04:58:14.492241,approve,391000
PI-000198,purchase_requisition,PI-000198|A01,n_submit,Submit Purchase Requisition,userTask,1,TK-0000852,EMP-0012,采购申请人,2024-01-08 22:43:37.085927,2024-01-08 23:14:54.085927,approve,1877000
PI-000198,purchase_requisition,PI-000198|A02,n_mgr_appr,Approve Requisition by Manager,userTask,2,TK-0000854,EMP-0048,部门经理,2024-01-08 23:24:38.700037,2024-01-08 23:47:31.700037,approve,1373000
PI-000198,purchase_requisition,PI-000198|A02,n_mgr_appr,Approve Requisition by Manager,userTask,2,TK-0000853,EMP-0047,部门经理,2024-01-09 01:07:56.071655,2024-01-09 01:45:47.071655,approve,2271000
PI-000198,purchase_requisition,PI-000198|A03,n_convert,Convert to Purchase Order,serviceTask,3,TK-0000855,EMP-0053,采购专员,2024-01-09 03:28:11.471241,2024-01-09 04:19:20.471241,approve,3069000
PI-000199,purchase_order,PI-000199|A01,n_create_po,Create Purchase Order,serviceTask,1,TK-0000856,EMP-0061,采购专员,2024-01-09 07:27:29.696775,2024-01-09 07:51:21.696775,approve,1432000
PI-000199,purchase_order,PI-000199|A02,n_send_po,Send Order to Supplier,serviceTask,2,TK-0000857,EMP-0059,采购专员,2024-01-09 08:24:12.720896,2024-01-09 08:31:03.720896,approve,411000
PI-000200,goods_receipt,PI-000200|A01,n_post_gr,Post Goods Receipt,serviceTask,1,TK-0000858,EMP-0066,仓储专员,2024-01-11 07:27:11.166838,2024-01-11 07:34:47.166838,approve,456000
PI-000200,goods_receipt,PI-000200|A02,n_inspect,Quality Inspection,userTask,2,TK-0000859,EMP-0072,质检员,2024-01-11 08:35:07.514156,2024-01-11 09:16:43.514156,reject,2496000
PI-000200,goods_receipt,PI-000200|A03,n_return,Return to Supplier,serviceTask,3,TK-0000860,EMP-0063,仓储专员,2024-01-11 09:24:09.029572,2024-01-11 09:42:24.029572,approve,1095000
PI-000201,invoice_verification,PI-000201|A01,n_enter_inv,Enter Incoming Invoice,userTask,1,TK-0000861,EMP-0079,财务专员,2024-01-15 00:15:24.156186,2024-01-15 00:42:16.156186,approve,1612000
PI-000201,invoice_verification,PI-000201|A02,n_match,Three-Way Match,serviceTask,2,TK-0000862,EMP-0080,财务专员,2024-01-15 04:41:30.182244,2024-01-15 04:54:16.182244,approve,766000
PI-000201,invoice_verification,PI-000201|A03,n_appr_inv,Approve Invoice,userTask,3,TK-0000864,EMP-0086,应付会计,2024-01-15 05:15:56.517285,2024-01-15 06:03:52.517285,approve,2876000
PI-000201,invoice_verification,PI-000201|A03,n_appr_inv,Approve Invoice,userTask,3,TK-0000863,EMP-0085,应付会计,2024-01-15 06:16:27.890190,2024-01-15 06:39:19.890190,approve,1372000
PI-000201,invoice_verification,PI-000201|A04,n_pay,Post Payment,serviceTask,4,TK-0000865,EMP-0089,出纳,2024-01-15 07:17:39.210040,2024-01-15 08:16:45.210040,approve,3546000
PI-000201,invoice_verification,PI-000201|A05,n_clear,Clear Invoice,serviceTask,5,TK-0000866,EMP-0085,应付会计,2024-01-15 11:53:54.586777,2024-01-15 11:55:01.586777,approve,67000
PI-000202,purchase_requisition,PI-000202|A01,n_submit,Submit Purchase Requisition,userTask,1,TK-0000867,EMP-0028,采购申请人,2024-01-09 04:46:03.288855,2024-01-09 05:49:50.288855,approve,3827000
PI-000202,purchase_requisition,PI-000202|A02,n_mgr_appr,Approve Requisition by Manager,userTask,2,TK-0000868,EMP-0048,部门经理,2024-01-09 06:13:38.818057,2024-01-09 07:11:00.818057,approve,3442000
PI-000202,purchase_requisition,PI-000202|A02,n_mgr_appr,Approve Requisition by Manager,userTask,2,TK-0000869,EMP-0043,部门经理,2024-01-09 06:43:45.498614,2024-01-09 07:43:05.498614,approve,3560000
PI-000202,purchase_requisition,PI-000202|A03,n_convert,Convert to Purchase Order,serviceTask,3,TK-0000870,EMP-0059,采购专员,2024-01-09 09:43:56.637169,2024-01-09 10:01:05.637169,approve,1029000
PI-000203,purchase_order,PI-000203|A01,n_create_po,Create Purchase Order,serviceTask,1,TK-0000871,EMP-0055,采购专员,2024-01-09 17:51:14.134961,2024-01-09 19:30:08.134961,approve,5934000
PI-000203,purchase_order,PI-000203|A02,n_dir_appr,Approve Purchase Order by Director,userTask,2,TK-0000872,EMP-0050,采购总监,2024-01-09 21:02:55.307126,2024-01-09 22:15:16.307126,approve,4341000
PI-000203,purchase_order,PI-000203|A03,n_send_po,Send Order to Supplier,serviceTask,3,TK-0000873,EMP-0059,采购专员,2024-01-10 00:06:58.489890,2024-01-10 00:09:15.489890,approve,137000
PI-000204,goods_receipt,PI-000204|A01,n_post_gr,Post Goods Receipt,serviceTask,1,TK-0000874,EMP-0062,仓储专员,2024-01-12 13:15:35.676439,2024-01-12 13:29:25.676439,approve,830000
PI-000204,goods_receipt,PI-000204|A02,n_inspect,Quality Inspection,userTask,2,TK-0000875,EMP-0071,质检员,2024-01-12 17:21:12.871707,2024-01-12 18:35:48.871707,approve,4476000
PI-000204,goods_receipt,PI-000204|A03,n_putaway,Putaway to Warehouse,serviceTask,3,TK-0000876,EMP-0064,仓储专员,2024-01-12 19:09:09.359683,2024-01-12 19:38:34.359683,approve,1765000
PI-000205,invoice_verification,PI-000205|A01,n_enter_inv,Enter Incoming Invoice,userTask,1,TK-0000877,EMP-0080,财务专员,2024-01-13 16:57:48.082919,2024-01-13 17:20:13.082919,approve,1345000
PI-000205,invoice_verification,PI-000205|A02,n_match,Three-Way Match,serviceTask,2,TK-0000878,EMP-0081,财务专员,2024-01-13 17:46:25.218046,2024-01-13 17:53:19.218046,approve,414000
PI-000205,invoice_verification,PI-000205|A03,n_appr_inv,Approve Invoice,userTask,3,TK-0000880,EMP-0085,应付会计,2024-01-13 18:36:42.669527,2024-01-13 21:06:00.669527,approve,8958000
PI-000205,invoice_verification,PI-000205|A03,n_appr_inv,Approve Invoice,userTask,3,TK-0000879,EMP-0083,应付会计,2024-01-13 19:50:14.793401,2024-01-13 21:21:27.793401,approve,5473000
PI-000205,invoice_verification,PI-000205|A04,n_pay,Post Payment,serviceTask,4,TK-0000881,EMP-0088,出纳,2024-01-13 22:34:46.706046,2024-01-13 22:40:06.706046,approve,320000
PI-000205,invoice_verification,PI-000205|A05,n_clear,Clear Invoice,serviceTask,5,TK-0000882,EMP-0084,应付会计,2024-01-14 02:36:23.731932,2024-01-14 02:44:36.731932,approve,493000
PI-000206,purchase_requisition,PI-000206|A01,n_submit,Submit Purchase Requisition,userTask,1,TK-0000883,EMP-0037,采购申请人,2024-01-09 06:11:31.920669,2024-01-09 06:34:08.920669,approve,1357000
PI-000206,purchase_requisition,PI-000206|A02,n_mgr_appr,Approve Requisition by Manager,userTask,2,TK-0000884,EMP-0042,部门经理,2024-01-09 06:41:01.174656,2024-01-09 08:23:44.174656,approve,6163000
PI-000206,purchase_requisition,PI-000206|A02,n_mgr_appr,Approve Requisition by Manager,userTask,2,TK-0000886,EMP-0045,部门经理,2024-01-09 06:54:21.453987,2024-01-09 09:56:14.453987,approve,10913000
PI-000206,purchase_requisition,PI-000206|A02,n_mgr_appr,Approve Requisition by Manager,userTask,2,TK-0000885,EMP-0047,部门经理,2024-01-09 07:21:44.816951,2024-01-09 08:04:25.816951,approve,2561000
PI-000206,purchase_requisition,PI-000206|A03,n_convert,Convert to Purchase Order,serviceTask,3,TK-0000887,EMP-0057,采购专员,2024-01-09 13:48:25.200724,2024-01-09 14:05:43.200724,approve,1038000
PI-000207,purchase_order,PI-000207|A01,n_create_po,Create Purchase Order,serviceTask,1,TK-0000888,EMP-0061,采购专员,2024-01-10 04:44:02.892865,2024-01-10 04:48:15.892865,approve,253000
PI-000207,purchase_order,PI-000207|A02,n_send_po,Send Order to Supplier,serviceTask,2,TK-0000889,EMP-0058,采购专员,2024-01-10 08:02:21.327228,2024-01-10 08:09:01.327228,approve,400000
PI-000208,goods_receipt,PI-000208|A01,n_post_gr,Post Goods Receipt,serviceTask,1,TK-0000890,EMP-0065,仓储专员,2024-01-12 21:31:01.853122,2024-01-12 21:48:34.853122,approve,1053000
PI-000208,goods_receipt,PI-000208|A02,n_inspect,Quality Inspection,userTask,2,TK-0000891,EMP-0071,质检员,2024-01-13 00:47:11.667785,2024-01-13 01:26:47.667785,reject,2376000
PI-000208,goods_receipt,PI-000208|A03,n_return,Return to Supplier,serviceTask,3,TK-0000892,EMP-0065,仓储专员,2024-01-13 02:19:06.539507,2024-01-13 03:16:54.539507,approve,3468000
PI-000209,invoice_verification,PI-000209|A01,n_enter_inv,Enter Incoming Invoice,userTask,1,TK-0000893,EMP-0082,财务专员,2024-01-16 20:58:14.903112,2024-01-16 21:30:35.903112,approve,1941000
PI-000209,invoice_verification,PI-000209|A02,n_match,Three-Way Match,serviceTask,2,TK-0000894,EMP-0082,财务专员,2024-01-16 23:36:14.218785,2024-01-16 23:41:54.218785,approve,340000
PI-000209,invoice_verification,PI-000209|A03,n_appr_inv,Approve Invoice,userTask,3,TK-0000896,EMP-0086,应付会计,2024-01-17 00:21:22.924533,2024-01-17 01:06:09.924533,approve,2687000
PI-000209,invoice_verification,PI-000209|A03,n_appr_inv,Approve Invoice,userTask,3,TK-0000895,EMP-0085,应付会计,2024-01-17 01:29:09.288887,2024-01-17 01:43:55.288887,approve,886000
PI-000209,invoice_verification,PI-000209|A04,n_pay,Post Payment,serviceTask,4,TK-0000897,EMP-0090,出纳,2024-01-17 02:34:05.327182,2024-01-17 02:43:28.327182,approve,563000
PI-000209,invoice_verification,PI-000209|A05,n_clear,Clear Invoice,serviceTask,5,TK-0000898,EMP-0085,应付会计,2024-01-17 06:25:04.799095,2024-01-17 06:51:41.799095,approve,1597000
PI-000210,invoice_verification,PI-000210|A01,n_enter_inv,Enter Incoming Invoice,userTask,1,TK-0000899,EMP-0081,财务专员,2024-01-21 02:04:30.951030,2024-01-21 02:59:12.951030,approve,3282000
PI-000210,invoice_verification,PI-000210|A02,n_match,Three-Way Match,serviceTask,2,TK-0000900,EMP-0077,财务专员,2024-01-21 05:30:20.928566,2024-01-21 05:33:09.928566,approve,169000
PI-000210,invoice_verification,PI-000210|A03,n_appr_inv,Approve Invoice,userTask,3,TK-0000902,EMP-0086,应付会计,2024-01-21 05:37:53.660256,2024-01-21 06:18:39.660256,approve,2446000
PI-000210,invoice_verification,PI-000210|A03,n_appr_inv,Approve Invoice,userTask,3,TK-0000901,EMP-0084,应付会计,2024-01-21 05:49:46.164272,2024-01-21 06:26:52.164272,approve,2226000
PI-000210,invoice_verification,PI-000210|A04,n_pay,Post Payment,serviceTask,4,TK-0000903,EMP-0090,出纳,2024-01-21 06:39:22.941382,2024-01-21 06:44:08.941382,approve,286000
PI-000210,invoice_verification,PI-000210|A05,n_clear,Clear Invoice,serviceTask,5,TK-0000904,EMP-0083,应付会计,2024-01-21 09:01:12.879809,2024-01-21 09:02:12.879809,approve,60000
PI-000211,purchase_requisition,PI-000211|A01,n_submit,Submit Purchase Requisition,userTask,1,TK-0000905,EMP-0036,采购申请人,2024-01-09 14:31:23.011103,2024-01-09 15:34:44.011103,approve,3801000
PI-000211,purchase_requisition,PI-000211|A02,n_mgr_appr,Approve Requisition by Manager,userTask,2,TK-0000906,EMP-0042,部门经理,2024-01-09 16:03:21.176078,2024-01-09 16:35:53.176078,approve,1952000
PI-000211,purchase_requisition,PI-000211|A02,n_mgr_appr,Approve Requisition by Manager,userTask,2,TK-0000907,EMP-0047,部门经理,2024-01-09 16:17:48.419601,2024-01-09 18:10:08.419601,approve,6740000
PI-000211,purchase_requisition,PI-000211|A03,n_convert,Convert to Purchase Order,serviceTask,3,TK-0000908,EMP-0057,采购专员,2024-01-09 19:33:46.385708,2024-01-09 19:42:35.385708,approve,529000
PI-000212,purchase_order,PI-000212|A01,n_create_po,Create Purchase Order,serviceTask,1,TK-0000909,EMP-0060,采购专员,2024-01-10 13:34:20.267426,2024-01-10 13:37:13.267426,approve,173000
PI-000212,purchase_order,PI-000212|A02,n_dir_appr,Approve Purchase Order by Director,userTask,2,TK-0000910,EMP-0051,采购总监,2024-01-10 16:48:57.231010,2024-01-10 18:04:47.231010,approve,4550000
PI-000212,purchase_order,PI-000212|A03,n_send_po,Send Order to Supplier,serviceTask,3,TK-0000911,EMP-0060,采购专员,2024-01-10 21:51:32.595058,2024-01-10 21:53:56.595058,approve,144000
PI-000213,goods_receipt,PI-000213|A01,n_post_gr,Post Goods Receipt,serviceTask,1,TK-0000912,EMP-0062,仓储专员,2024-01-13 02:01:27.025433,2024-01-13 02:06:35.025433,approve,308000
PI-000213,goods_receipt,PI-000213|A02,n_inspect,Quality Inspection,userTask,2,TK-0000913,EMP-0072,质检员,2024-01-13 05:45:15.180463,2024-01-13 06:53:42.180463,approve,4107000
PI-000213,goods_receipt,PI-000213|A03,n_putaway,Putaway to Warehouse,serviceTask,3,TK-0000914,EMP-0065,仓储专员,2024-01-13 10:27:17.055052,2024-01-13 11:11:38.055052,approve,2661000
PI-000214,goods_receipt,PI-000214|A01,n_post_gr,Post Goods Receipt,serviceTask,1,TK-0000915,EMP-0068,仓储专员,2024-01-13 22:01:00.739141,2024-01-13 22:17:41.739141,approve,1001000
PI-000214,goods_receipt,PI-000214|A02,n_inspect,Quality Inspection,userTask,2,TK-0000916,EMP-0070,质检员,2024-01-14 00:22:56.308797,2024-01-14 00:54:53.308797,approve,1917000
PI-000214,goods_receipt,PI-000214|A03,n_putaway,Putaway to Warehouse,serviceTask,3,TK-0000917,EMP-0066,仓储专员,2024-01-14 01:56:36.199683,2024-01-14 03:36:34.199683,approve,5998000
PI-000215,invoice_verification,PI-000215|A01,n_enter_inv,Enter Incoming Invoice,userTask,1,TK-0000918,EMP-0080,财务专员,2024-01-16 03:26:35.938537,2024-01-16 03:48:13.938537,approve,1298000
PI-000215,invoice_verification,PI-000215|A02,n_match,Three-Way Match,serviceTask,2,TK-0000919,EMP-0078,财务专员,2024-01-16 07:02:29.903163,2024-01-16 07:31:01.903163,approve,1712000
PI-000215,invoice_verification,PI-000215|A03,n_appr_inv,Approve Invoice,userTask,3,TK-0000921,EMP-0087,应付会计,2024-01-16 07:41:09.003957,2024-01-16 08:09:43.003957,approve,1714000
PI-000215,invoice_verification,PI-000215|A03,n_appr_inv,Approve Invoice,userTask,3,TK-0000920,EMP-0085,应付会计,2024-01-16 08:52:43.667543,2024-01-16 10:53:56.667543,approve,7273000
PI-000215,invoice_verification,PI-000215|A04,n_pay,Post Payment,serviceTask,4,TK-0000922,EMP-0090,出纳,2024-01-16 13:15:48.071090,2024-01-16 13:37:49.071090,approve,1321000
PI-000215,invoice_verification,PI-000215|A05,n_clear,Clear Invoice,serviceTask,5,TK-0000923,EMP-0086,应付会计,2024-01-16 16:57:30.041665,2024-01-16 17:12:07.041665,approve,877000
PI-000216,invoice_verification,PI-000216|A01,n_enter_inv,Enter Incoming Invoice,userTask,1,TK-0000924,EMP-0081,财务专员,2024-01-19 13:44:46.790121,2024-01-19 14:17:47.790121,approve,1981000
PI-000216,invoice_verification,PI-000216|A02,n_match,Three-Way Match,serviceTask,2,TK-0000925,EMP-0082,财务专员,2024-01-19 17:14:44.999264,2024-01-19 17:21:50.999264,approve,426000
PI-000216,invoice_verification,PI-000216|A03,n_appr_inv,Approve Invoice,userTask,3,TK-0000927,EMP-0083,应付会计,2024-01-19 17:32:56.801414,2024-01-19 19:36:33.801414,approve,7417000
PI-000216,invoice_verification,PI-000216|A03,n_appr_inv,Approve Invoice,userTask,3,TK-0000926,EMP-0084,应付会计,2024-01-19 18:46:42.847130,2024-01-19 19:34:00.847130,approve,2838000
PI-000216,invoice_verification,PI-000216|A04,n_pay,Post Payment,serviceTask,4,TK-0000928,EMP-0089,出纳,2024-01-19 20:07:29.541313,2024-01-19 20:17:06.541313,approve,577000
PI-000216,invoice_verification,PI-000216|A05,n_clear,Clear Invoice,serviceTask,5,TK-0000929,EMP-0083,应付会计,2024-01-19 21:49:24.231007,2024-01-19 21:54:56.231007,approve,332000
PI-000217,purchase_requisition,PI-000217|A01,n_submit,Submit Purchase Requisition,userTask,1,TK-0000930,EMP-0004,采购申请人,2024-01-09 20:29:30.723799,2024-01-09 20:54:07.723799,approve,1477000
PI-000217,purchase_requisition,PI-000217|A02,n_convert,Convert to Purchase Order,serviceTask,2,TK-0000931,EMP-0058,采购专员,2024-01-09 22:52:12.311501,2024-01-09 22:58:47.311501,approve,395000
PI-000218,purchase_order,PI-000218|A01,n_create_po,Create Purchase Order,serviceTask,1,TK-0000932,EMP-0057,采购专员,2024-01-10 15:35:33.527745,2024-01-10 15:57:53.527745,approve,1340000
PI-000218,purchase_order,PI-000218|A02,n_send_po,Send Order to Supplier,serviceTask,2,TK-0000933,EMP-0057,采购专员,2024-01-10 18:10:01.549501,2024-01-10 18:21:08.549501,approve,667000
PI-000219,goods_receipt,PI-000219|A01,n_post_gr,Post Goods Receipt,serviceTask,1,TK-0000934,EMP-0065,仓储专员,2024-01-12 15:45:19.032348,2024-01-12 15:57:21.032348,approve,722000
PI-000219,goods_receipt,PI-000219|A02,n_inspect,Quality Inspection,userTask,2,TK-0000935,EMP-0070,质检员,2024-01-12 17:06:58.003992,2024-01-12 19:05:26.003992,approve,7108000
PI-000219,goods_receipt,PI-000219|A03,n_putaway,Putaway to Warehouse,serviceTask,3,TK-0000936,EMP-0067,仓储专员,2024-01-12 20:44:51.353892,2024-01-12 20:55:42.353892,approve,651000
PI-000220,invoice_verification,PI-000220|A01,n_enter_inv,Enter Incoming Invoice,userTask,1,TK-0000937,EMP-0076,财务专员,2024-01-14 08:57:58.888076,2024-01-14 09:16:12.888076,approve,1094000
PI-000220,invoice_verification,PI-000220|A02,n_match,Three-Way Match,serviceTask,2,TK-0000938,EMP-0081,财务专员,2024-01-14 12:00:41.268882,2024-01-14 12:02:47.268882,reject,126000
PI-000220,invoice_verification,PI-000220|A03,n_park,Park Invoice,userTask,3,TK-0000939,EMP-0077,财务专员,2024-01-14 13:44:48.070531,2024-01-14 13:59:03.070531,approve,855000
PI-000220,invoice_verification,PI-000220|A04,n_handle_exc,Handle Invoice Exception,userTask,4,TK-0000940,EMP-0076,财务专员,2024-01-14 14:16:14.552002,2024-01-14 14:43:51.552002,approve,1657000
PI-000220,invoice_verification,PI-000220|A05,n_match,Three-Way Match,serviceTask,5,TK-0000941,EMP-0081,财务专员,2024-01-14 18:31:57.486491,2024-01-14 18:37:16.486491,approve,319000
PI-000220,invoice_verification,PI-000220|A06,n_appr_inv,Approve Invoice,userTask,6,TK-0000943,EMP-0084,应付会计,2024-01-14 19:23:31.650965,2024-01-14 20:25:05.650965,approve,3694000
PI-000220,invoice_verification,PI-000220|A06,n_appr_inv,Approve Invoice,userTask,6,TK-0000942,EMP-0086,应付会计,2024-01-14 20:27:21.258669,2024-01-14 21:23:27.258669,approve,3366000
PI-000220,invoice_verification,PI-000220|A07,n_pay,Post Payment,serviceTask,7,TK-0000944,EMP-0089,出纳,2024-01-14 21:48:10.366483,2024-01-14 22:02:53.366483,approve,883000
PI-000220,invoice_verification,PI-000220|A08,n_clear,Clear Invoice,serviceTask,8,TK-0000945,EMP-0085,应付会计,2024-01-15 00:14:53.567023,2024-01-15 00:18:25.567023,approve,212000
PI-000221,purchase_requisition,PI-000221|A01,n_submit,Submit Purchase Requisition,userTask,1,TK-0000946,EMP-0036,采购申请人,2024-01-10 04:15:41.275641,2024-01-10 04:39:23.275641,approve,1422000
PI-000221,purchase_requisition,PI-000221|A02,n_mgr_appr,Approve Requisition by Manager,userTask,2,TK-0000948,EMP-0041,部门经理,2024-01-10 04:46:35.484202,2024-01-10 08:51:18.484202,approve,14683000
PI-000221,purchase_requisition,PI-000221|A02,n_mgr_appr,Approve Requisition by Manager,userTask,2,TK-0000947,EMP-0045,部门经理,2024-01-10 05:02:57.048147,2024-01-10 06:05:38.048147,approve,3761000
PI-000221,purchase_requisition,PI-000221|A03,n_convert,Convert to Purchase Order,serviceTask,3,TK-0000949,EMP-0058,采购专员,2024-01-10 09:45:51.471688,2024-01-10 09:56:08.471688,approve,617000
PI-000222,purchase_order,PI-000222|A01,n_create_po,Create Purchase Order,serviceTask,1,TK-0000950,EMP-0054,采购专员,2024-01-11 11:35:14.102782,2024-01-11 12:40:39.102782,approve,3925000
PI-000222,purchase_order,PI-000222|A02,n_dir_appr,Approve Purchase Order by Director,userTask,2,TK-0000951,EMP-0050,采购总监,2024-01-11 14:52:06.756279,2024-01-11 18:52:40.756279,approve,14434000
PI-000222,purchase_order,PI-000222|A03,n_send_po,Send Order to Supplier,serviceTask,3,TK-0000952,EMP-0059,采购专员,2024-01-11 21:35:39.423655,2024-01-11 21:37:35.423655,approve,116000
PI-000223,goods_receipt,PI-000223|A01,n_post_gr,Post Goods Receipt,serviceTask,1,TK-0000953,EMP-0065,仓储专员,2024-01-12 10:11:04.462531,2024-01-12 10:21:00.462531,approve,596000
PI-000223,goods_receipt,PI-000223|A02,n_inspect,Quality Inspection,userTask,2,TK-0000954,EMP-0071,质检员,2024-01-12 11:21:03.499538,2024-01-12 12:05:31.499538,approve,2668000
PI-000223,goods_receipt,PI-000223|A03,n_putaway,Putaway to Warehouse,serviceTask,3,TK-0000955,EMP-0065,仓储专员,2024-01-12 12:12:12.108680,2024-01-12 12:27:54.108680,approve,942000
PI-000224,invoice_verification,PI-000224|A01,n_enter_inv,Enter Incoming Invoice,userTask,1,TK-0000956,EMP-0077,财务专员,2024-01-16 06:30:24.765475,2024-01-16 06:43:10.765475,approve,766000
PI-000224,invoice_verification,PI-000224|A02,n_match,Three-Way Match,serviceTask,2,TK-0000957,EMP-0079,财务专员,2024-01-16 07:33:15.872298,2024-01-16 07:46:23.872298,approve,788000
PI-000224,invoice_verification,PI-000224|A03,n_appr_inv,Approve Invoice,userTask,3,TK-0000959,EMP-0086,应付会计,2024-01-16 08:46:06.842837,2024-01-16 09:07:30.842837,approve,1284000
PI-000224,invoice_verification,PI-000224|A03,n_appr_inv,Approve Invoice,userTask,3,TK-0000958,EMP-0083,应付会计,2024-01-16 09:05:06.539674,2024-01-16 11:11:38.539674,approve,7592000
PI-000224,invoice_verification,PI-000224|A04,n_pay,Post Payment,serviceTask,4,TK-0000960,EMP-0089,出纳,2024-01-16 13:18:11.862158,2024-01-16 13:30:53.862158,approve,762000
PI-000224,invoice_verification,PI-000224|A05,n_clear,Clear Invoice,serviceTask,5,TK-0000961,EMP-0085,应付会计,2024-01-16 13:55:07.367668,2024-01-16 14:01:40.367668,approve,393000
PI-000225,purchase_requisition,PI-000225|A01,n_submit,Submit Purchase Requisition,userTask,1,TK-0000962,EMP-0028,采购申请人,2024-01-10 09:06:21.245033,2024-01-10 09:35:32.245033,approve,1751000
PI-000225,purchase_requisition,PI-000225|A02,n_mgr_appr,Approve Requisition by Manager,userTask,2,TK-0000964,EMP-0042,部门经理,2024-01-10 09:51:16.112990,2024-01-10 10:07:54.112990,approve,998000
PI-000225,purchase_requisition,PI-000225|A02,n_mgr_appr,Approve Requisition by Manager,userTask,2,TK-0000965,EMP-0041,部门经理,2024-01-10 10:02:58.327631,2024-01-10 10:27:55.327631,approve,1497000
PI-000225,purchase_requisition,PI-000225|A02,n_mgr_appr,Approve Requisition by Manager,userTask,2,TK-0000963,EMP-0045,部门经理,2024-01-10 10:34:59.923056,2024-01-10 12:49:04.923056,approve,8045000
PI-000225,purchase_requisition,PI-000225|A03,n_convert,Convert to Purchase Order,serviceTask,3,TK-0000966,EMP-0052,采购专员,2024-01-10 14:22:46.194432,2024-01-10 14:35:24.194432,approve,758000
PI-000226,purchase_order,PI-000226|A01,n_create_po,Create Purchase Order,serviceTask,1,TK-0000967,EMP-0059,采购专员,2024-01-11 08:57:07.106423,2024-01-11 09:46:49.106423,approve,2982000
PI-000226,purchase_order,PI-000226|A02,n_send_po,Send Order to Supplier,serviceTask,2,TK-0000968,EMP-0052,采购专员,2024-01-11 11:38:31.588787,2024-01-11 11:42:23.588787,approve,232000
PI-000227,goods_receipt,PI-000227|A01,n_post_gr,Post Goods Receipt,serviceTask,1,TK-0000969,EMP-0066,仓储专员,2024-01-12 04:44:05.469444,2024-01-12 04:55:23.469444,approve,678000
PI-000227,goods_receipt,PI-000227|A02,n_inspect,Quality Inspection,userTask,2,TK-0000970,EMP-0070,质检员,2024-01-12 05:14:36.395122,2024-01-12 05:44:44.395122,approve,1808000
PI-000227,goods_receipt,PI-000227|A03,n_putaway,Putaway to Warehouse,serviceTask,3,TK-0000971,EMP-0066,仓储专员,2024-01-12 08:06:54.084614,2024-01-12 08:38:41.084614,approve,1907000
PI-000228,invoice_verification,PI-000228|A01,n_enter_inv,Enter Incoming Invoice,userTask,1,TK-0000972,EMP-0077,财务专员,2024-01-17 05:30:14.457429,2024-01-17 05:56:33.457429,approve,1579000
PI-000228,invoice_verification,PI-000228|A02,n_match,Three-Way Match,serviceTask,2,TK-0000973,EMP-0078,财务专员,2024-01-17 09:51:02.259316,2024-01-17 10:00:54.259316,approve,592000
PI-000228,invoice_verification,PI-000228|A03,n_appr_inv,Approve Invoice,userTask,3,TK-0000975,EMP-0085,应付会计,2024-01-17 10:20:16.977254,2024-01-17 10:59:59.977254,approve,2383000
PI-000228,invoice_verification,PI-000228|A03,n_appr_inv,Approve Invoice,userTask,3,TK-0000974,EMP-0086,应付会计,2024-01-17 11:43:53.119224,2024-01-17 12:40:13.119224,approve,3380000
PI-000228,invoice_verification,PI-000228|A04,n_pay,Post Payment,serviceTask,4,TK-0000976,EMP-0088,出纳,2024-01-17 14:41:45.741718,2024-01-17 15:30:13.741718,approve,2908000
PI-000228,invoice_verification,PI-000228|A05,n_clear,Clear Invoice,serviceTask,5,TK-0000977,EMP-0086,应付会计,2024-01-17 18:01:51.013966,2024-01-17 18:03:41.013966,approve,110000
PI-000229,purchase_order,PI-000229|A01,n_create_po,Create Purchase Order,serviceTask,1,TK-0000978,EMP-0057,采购专员,2024-01-10 19:54:49.783879,2024-01-10 20:17:09.783879,approve,1340000
PI-000229,purchase_order,PI-000229|A02,n_send_po,Send Order to Supplier,serviceTask,2,TK-0000979,EMP-0052,采购专员,2024-01-10 21:03:32.475562,2024-01-10 21:07:10.475562,approve,218000
PI-000230,goods_receipt,PI-000230|A01,n_post_gr,Post Goods Receipt,serviceTask,1,TK-0000980,EMP-0067,仓储专员,2024-01-11 23:08:47.527713,2024-01-11 23:27:22.527713,approve,1115000
PI-000230,goods_receipt,PI-000230|A02,n_inspect,Quality Inspection,userTask,2,TK-0000981,EMP-0074,质检员,2024-01-12 01:13:19.044034,2024-01-12 07:09:52.044034,approve,21393000
PI-000230,goods_receipt,PI-000230|A03,n_putaway,Putaway to Warehouse,serviceTask,3,TK-0000982,EMP-0066,仓储专员,2024-01-12 10:20:25.231864,2024-01-12 10:44:31.231864,approve,1446000
PI-000231,goods_receipt,PI-000231|A01,n_post_gr,Post Goods Receipt,serviceTask,1,TK-0000983,EMP-0064,仓储专员,2024-01-14 22:11:13.985849,2024-01-14 22:39:18.985849,approve,1685000
PI-000231,goods_receipt,PI-000231|A02,n_inspect,Quality Inspection,userTask,2,TK-0000984,EMP-0073,质检员,2024-01-14 23:26:22.864944,2024-01-15 00:43:24.864944,approve,4622000
PI-000231,goods_receipt,PI-000231|A03,n_putaway,Putaway to Warehouse,serviceTask,3,TK-0000985,EMP-0069,仓储专员,2024-01-15 01:51:28.394909,2024-01-15 01:58:05.394909,approve,397000
PI-000232,invoice_verification,PI-000232|A01,n_enter_inv,Enter Incoming Invoice,userTask,1,TK-0000986,EMP-0081,财务专员,2024-01-16 06:27:20.573880,2024-01-16 06:48:58.573880,approve,1298000
PI-000232,invoice_verification,PI-000232|A02,n_match,Three-Way Match,serviceTask,2,TK-0000987,EMP-0079,财务专员,2024-01-16 09:03:21.356712,2024-01-16 09:10:34.356712,approve,433000
PI-000232,invoice_verification,PI-000232|A03,n_appr_inv,Approve Invoice,userTask,3,TK-0000989,EMP-0087,应付会计,2024-01-16 09:30:57.587794,2024-01-16 10:13:02.587794,approve,2525000
PI-000232,invoice_verification,PI-000232|A03,n_appr_inv,Approve Invoice,userTask,3,TK-0000988,EMP-0086,应付会计,2024-01-16 10:09:20.458534,2024-01-16 10:37:54.458534,approve,1714000
PI-000232,invoice_verification,PI-000232|A04,n_pay,Post Payment,serviceTask,4,TK-0000990,EMP-0090,出纳,2024-01-16 11:00:44.485576,2024-01-16 11:24:30.485576,approve,1426000
PI-000232,invoice_verification,PI-000232|A05,n_clear,Clear Invoice,serviceTask,5,TK-0000991,EMP-0087,应付会计,2024-01-16 14:00:46.012605,2024-01-16 14:04:15.012605,approve,209000
PI-000233,invoice_verification,PI-000233|A01,n_enter_inv,Enter Incoming Invoice,userTask,1,TK-0000992,EMP-0077,财务专员,2024-01-20 05:21:18.548612,2024-01-20 06:41:26.548612,approve,4808000
PI-000233,invoice_verification,PI-000233|A02,n_match,Three-Way Match,serviceTask,2,TK-0000993,EMP-0079,财务专员,2024-01-20 07:52:40.566923,2024-01-20 07:55:07.566923,reject,147000
PI-000233,invoice_verification,PI-000233|A03,n_park,Park Invoice,userTask,3,TK-0000994,EMP-0082,财务专员,2024-01-20 10:49:54.962877,2024-01-20 11:05:54.962877,approve,960000
PI-000233,invoice_verification,PI-000233|A04,n_handle_exc,Handle Invoice Exception,userTask,4,TK-0000995,EMP-0078,财务专员,2024-01-20 12:51:40.943812,2024-01-20 15:20:55.943812,approve,8955000
PI-000233,invoice_verification,PI-000233|A05,n_match,Three-Way Match,serviceTask,5,TK-0000996,EMP-0075,财务专员,2024-01-20 16:53:59.216171,2024-01-20 17:02:53.216171,approve,534000
PI-000233,invoice_verification,PI-000233|A06,n_appr_inv,Approve Invoice,userTask,6,TK-0000998,EMP-0084,应付会计,2024-01-20 17:50:02.895219,2024-01-20 18:43:29.895219,approve,3207000
PI-000233,invoice_verification,PI-000233|A06,n_appr_inv,Approve Invoice,userTask,6,TK-0000997,EMP-0085,应付会计,2024-01-20 17:56:05.332650,2024-01-20 19:08:45.332650,approve,4360000
PI-000233,invoice_verification,PI-000233|A07,n_pay,Post Payment,serviceTask,7,TK-0000999,EMP-0088,出纳,2024-01-20 22:50:27.565736,2024-01-20 22:57:22.565736,approve,415000
PI-000233,invoice_verification,PI-000233|A08,n_clear,Clear Invoice,serviceTask,8,TK-0001000,EMP-0087,应付会计,2024-01-21 01:17:14.255890,2024-01-21 01:22:05.255890,approve,291000
PI-000234,purchase_requisition,PI-000234|A01,n_submit,Submit Purchase Requisition,userTask,1,TK-0001001,EMP-0025,采购申请人,2024-01-10 12:04:27.264032,2024-01-10 12:13:05.264032,approve,518000
PI-000234,purchase_requisition,PI-000234|A02,n_mgr_appr,Approve Requisition by Manager,userTask,2,TK-0001003,EMP-0041,部门经理,2024-01-10 12:31:58.311272,2024-01-10 13:35:16.311272,approve,3798000
PI-000234,purchase_requisition,PI-000234|A02,n_mgr_appr,Approve Requisition by Manager,userTask,2,TK-0001002,EMP-0044,部门经理,2024-01-10 14:02:53.546673,2024-01-10 14:53:22.546673,approve,3029000
PI-000234,purchase_requisition,PI-000234|A03,n_convert,Convert to Purchase Order,serviceTask,3,TK-0001004,EMP-0057,采购专员,2024-01-10 18:20:24.420271,2024-01-10 18:29:12.420271,approve,528000
PI-000235,purchase_order,PI-000235|A01,n_create_po,Create Purchase Order,serviceTask,1,TK-0001005,EMP-0055,采购专员,2024-01-11 16:37:38.173644,2024-01-11 17:24:28.173644,approve,2810000
PI-000235,purchase_order,PI-000235|A02,n_dir_appr,Approve Purchase Order by Director,userTask,2,TK-0001006,EMP-0049,采购总监,2024-01-11 19:27:33.071442,2024-01-11 21:29:48.071442,approve,7335000
PI-000235,purchase_order,PI-000235|A03,n_send_po,Send Order to Supplier,serviceTask,3,TK-0001007,EMP-0053,采购专员,2024-01-12 00:48:34.686446,2024-01-12 00:54:28.686446,approve,354000
PI-000236,goods_receipt,PI-000236|A01,n_post_gr,Post Goods Receipt,serviceTask,1,TK-0001008,EMP-0069,仓储专员,2024-01-12 07:05:07.677518,2024-01-12 07:10:50.677518,approve,343000
PI-000236,goods_receipt,PI-000236|A02,n_inspect,Quality Inspection,userTask,2,TK-0001009,EMP-0071,质检员,2024-01-12 10:47:20.178664,2024-01-12 12:02:46.178664,approve,4526000
PI-000236,goods_receipt,PI-000236|A03,n_putaway,Putaway to Warehouse,serviceTask,3,TK-0001010,EMP-0063,仓储专员,2024-01-12 13:40:15.252242,2024-01-12 14:40:54.252242,approve,3639000
PI-000237,invoice_verification,PI-000237|A01,n_enter_inv,Enter Incoming Invoice,userTask,1,TK-0001011,EMP-0078,财务专员,2024-01-14 08:11:00.529486,2024-01-14 08:26:58.529486,approve,958000
PI-000237,invoice_verification,PI-000237|A02,n_match,Three-Way Match,serviceTask,2,TK-0001012,EMP-0076,财务专员,2024-01-14 10:30:30.496764,2024-01-14 10:44:37.496764,approve,847000
PI-000237,invoice_verification,PI-000237|A03,n_appr_inv,Approve Invoice,userTask,3,TK-0001013,EMP-0086,应付会计,2024-01-14 10:58:02.545659,2024-01-14 13:05:10.545659,approve,7628000
PI-000237,invoice_verification,PI-000237|A03,n_appr_inv,Approve Invoice,userTask,3,TK-0001014,EMP-0083,应付会计,2024-01-14 11:08:43.918140,2024-01-14 11:52:49.918140,approve,2646000
PI-000237,invoice_verification,PI-000237|A04,n_pay,Post Payment,serviceTask,4,TK-0001015,EMP-0088,出纳,2024-01-14 14:27:02.801771,2024-01-14 14:48:27.801771,approve,1285000
PI-000237,invoice_verification,PI-000237|A05,n_clear,Clear Invoice,serviceTask,5,TK-0001016,EMP-0087,应付会计,2024-01-14 17:27:51.820497,2024-01-14 17:37:19.820497,approve,568000
PI-000238,purchase_requisition,PI-000238|A01,n_submit,Submit Purchase Requisition,userTask,1,TK-0001017,EMP-0011,采购申请人,2024-01-10 13:44:45.525974,2024-01-10 14:20:10.525974,approve,2125000
PI-000238,purchase_requisition,PI-000238|A02,n_mgr_appr,Approve Requisition by Manager,userTask,2,TK-0001019,EMP-0042,部门经理,2024-01-10 14:47:48.888314,2024-01-10 15:52:53.888314,approve,3905000
PI-000238,purchase_requisition,PI-000238|A02,n_mgr_appr,Approve Requisition by Manager,userTask,2,TK-0001020,EMP-0047,部门经理,2024-01-10 15:00:27.466592,2024-01-10 15:51:12.466592,approve,3045000
PI-000238,purchase_requisition,PI-000238|A02,n_mgr_appr,Approve Requisition by Manager,userTask,2,TK-0001018,EMP-0046,部门经理,2024-01-10 15:47:19.970652,2024-01-10 18:31:46.970652,approve,9867000
PI-000238,purchase_requisition,PI-000238|A03,n_convert,Convert to Purchase Order,serviceTask,3,TK-0001021,EMP-0055,采购专员,2024-01-10 22:15:03.340439,2024-01-10 22:23:15.340439,approve,492000
PI-000239,purchase_order,PI-000239|A01,n_create_po,Create Purchase Order,serviceTask,1,TK-0001022,EMP-0053,采购专员,2024-01-11 06:05:27.841361,2024-01-11 06:13:55.841361,approve,508000
PI-000239,purchase_order,PI-000239|A02,n_send_po,Send Order to Supplier,serviceTask,2,TK-0001023,EMP-0058,采购专员,2024-01-11 09:59:34.658876,2024-01-11 10:02:22.658876,approve,168000
PI-000240,goods_receipt,PI-000240|A01,n_post_gr,Post Goods Receipt,serviceTask,1,TK-0001024,EMP-0066,仓储专员,2024-01-12 06:04:31.124137,2024-01-12 06:14:39.124137,approve,608000
PI-000240,goods_receipt,PI-000240|A02,n_inspect,Quality Inspection,userTask,2,TK-0001025,EMP-0074,质检员,2024-01-12 08:17:03.146084,2024-01-12 09:07:20.146084,approve,3017000
PI-000240,goods_receipt,PI-000240|A03,n_putaway,Putaway to Warehouse,serviceTask,3,TK-0001026,EMP-0068,仓储专员,2024-01-12 11:51:38.543450,2024-01-12 12:08:53.543450,approve,1035000
PI-000241,goods_receipt,PI-000241|A01,n_post_gr,Post Goods Receipt,serviceTask,1,TK-0001027,EMP-0065,仓储专员,2024-01-15 08:03:01.786331,2024-01-15 08:09:39.786331,approve,398000
PI-000241,goods_receipt,PI-000241|A02,n_inspect,Quality Inspection,userTask,2,TK-0001028,EMP-0070,质检员,2024-01-15 08:28:44.700864,2024-01-15 09:05:03.700864,approve,2179000
PI-000241,goods_receipt,PI-000241|A03,n_putaway,Putaway to Warehouse,serviceTask,3,TK-0001029,EMP-0062,仓储专员,2024-01-15 10:06:00.402815,2024-01-15 10:23:17.402815,approve,1037000
PI-000242,invoice_verification,PI-000242|A01,n_enter_inv,Enter Incoming Invoice,userTask,1,TK-0001030,EMP-0081,财务专员,2024-01-15 21:36:14.939637,2024-01-15 22:22:50.939637,approve,2796000
PI-000242,invoice_verification,PI-000242|A02,n_match,Three-Way Match,serviceTask,2,TK-0001031,EMP-0078,财务专员,2024-01-16 01:36:11.410121,2024-01-16 01:47:00.410121,approve,649000
PI-000242,invoice_verification,PI-000242|A03,n_appr_inv,Approve Invoice,userTask,3,TK-0001033,EMP-0083,应付会计,2024-01-16 01:52:01.742001,2024-01-16 02:21:01.742001,approve,1740000
PI-000242,invoice_verification,PI-000242|A03,n_appr_inv,Approve Invoice,userTask,3,TK-0001032,EMP-0086,应付会计,2024-01-16 01:59:26.266595,2024-01-16 02:39:41.266595,approve,2415000
PI-000242,invoice_verification,PI-000242|A04,n_pay,Post Payment,serviceTask,4,TK-0001034,EMP-0088,出纳,2024-01-16 03:40:13.239402,2024-01-16 03:45:32.239402,approve,319000
PI-000242,invoice_verification,PI-000242|A05,n_clear,Clear Invoice,serviceTask,5,TK-0001035,EMP-0084,应付会计,2024-01-16 06:12:54.741814,2024-01-16 06:16:20.741814,approve,206000
PI-000243,purchase_requisition,PI-000243|A01,n_submit,Submit Purchase Requisition,userTask,1,TK-0001036,EMP-0031,采购申请人,2024-01-10 17:23:53.699394,2024-01-10 17:49:29.699394,approve,1536000
PI-000243,purchase_requisition,PI-000243|A02,n_mgr_appr,Approve Requisition by Manager,userTask,2,TK-0001038,EMP-0044,部门经理,2024-01-10 18:33:38.435252,2024-01-10 19:08:28.435252,approve,2090000
PI-000243,purchase_requisition,PI-000243|A02,n_mgr_appr,Approve Requisition by Manager,userTask,2,TK-0001037,EMP-0047,部门经理,2024-01-10 19:32:42.590645,2024-01-10 20:41:21.590645,approve,4119000
PI-000243,purchase_requisition,PI-000243|A03,n_convert,Convert to Purchase Order,serviceTask,3,TK-0001039,EMP-0061,采购专员,2024-01-10 22:39:21.495759,2024-01-10 22:44:18.495759,approve,297000
PI-000244,purchase_order,PI-000244|A01,n_create_po,Create Purchase Order,serviceTask,1,TK-0001040,EMP-0058,采购专员,2024-01-11 11:47:58.725122,2024-01-11 12:24:54.725122,approve,2216000
PI-000244,purchase_order,PI-000244|A02,n_dir_appr,Approve Purchase Order by Director,userTask,2,TK-0001041,EMP-0050,采购总监,2024-01-11 15:57:53.219214,2024-01-11 21:31:52.219214,approve,20039000
PI-000244,purchase_order,PI-000244|A03,n_send_po,Send Order to Supplier,serviceTask,3,TK-0001042,EMP-0057,采购专员,2024-01-12 00:20:32.240524,2024-01-12 00:27:47.240524,approve,435000
PI-000245,goods_receipt,PI-000245|A01,n_post_gr,Post Goods Receipt,serviceTask,1,TK-0001043,EMP-0066,仓储专员,2024-01-13 11:23:54.423319,2024-01-13 11:39:45.423319,approve,951000
PI-000245,goods_receipt,PI-000245|A02,n_inspect,Quality Inspection,userTask,2,TK-0001044,EMP-0070,质检员,2024-01-13 14:16:11.426528,2024-01-13 15:59:30.426528,reject,6199000
PI-000245,goods_receipt,PI-000245|A03,n_return,Return to Supplier,serviceTask,3,TK-0001045,EMP-0065,仓储专员,2024-01-13 19:30:22.113480,2024-01-13 19:47:44.113480,approve,1042000
PI-000246,invoice_verification,PI-000246|A01,n_enter_inv,Enter Incoming Invoice,userTask,1,TK-0001046,EMP-0081,财务专员,2024-01-18 09:40:39.241024,2024-01-18 09:48:59.241024,approve,500000
PI-000246,invoice_verification,PI-000246|A02,n_match,Three-Way Match,serviceTask,2,TK-0001047,EMP-0079,财务专员,2024-01-18 12:49:56.335046,2024-01-18 13:08:47.335046,approve,1131000
PI-000246,invoice_verification,PI-000246|A03,n_appr_inv,Approve Invoice,userTask,3,TK-0001048,EMP-0083,应付会计,2024-01-18 13:21:49.241361,2024-01-18 14:43:56.241361,approve,4927000
PI-000246,invoice_verification,PI-000246|A03,n_appr_inv,Approve Invoice,userTask,3,TK-0001049,EMP-0087,应付会计,2024-01-18 13:48:45.068793,2024-01-18 14:58:49.068793,approve,4204000
PI-000246,invoice_verification,PI-000246|A04,n_pay,Post Payment,serviceTask,4,TK-0001050,EMP-0090,出纳,2024-01-18 15:35:23.150871,2024-01-18 15:46:59.150871,approve,696000
PI-000246,invoice_verification,PI-000246|A05,n_clear,Clear Invoice,serviceTask,5,TK-0001051,EMP-0087,应付会计,2024-01-18 19:03:21.774286,2024-01-18 19:04:35.774286,approve,74000
PI-000247,purchase_requisition,PI-000247|A01,n_submit,Submit Purchase Requisition,userTask,1,TK-0001052,EMP-0027,采购申请人,2024-01-11 01:28:41.297997,2024-01-11 01:51:53.297997,approve,1392000
PI-000247,purchase_requisition,PI-000247|A02,n_mgr_appr,Approve Requisition by Manager,userTask,2,TK-0001054,EMP-0048,部门经理,2024-01-11 02:13:26.162286,2024-01-11 03:05:52.162286,approve,3146000
PI-000247,purchase_requisition,PI-000247|A02,n_mgr_appr,Approve Requisition by Manager,userTask,2,TK-0001053,EMP-0042,部门经理,2024-01-11 02:56:57.406353,2024-01-11 05:37:38.406353,approve,9641000
PI-000247,purchase_requisition,PI-000247|A03,n_convert,Convert to Purchase Order,serviceTask,3,TK-0001055,EMP-0055,采购专员,2024-01-11 09:23:46.380112,2024-01-11 09:37:31.380112,approve,825000
PI-000248,purchase_order,PI-000248|A01,n_create_po,Create Purchase Order,serviceTask,1,TK-0001056,EMP-0054,采购专员,2024-01-12 02:43:10.353752,2024-01-12 02:48:52.353752,approve,342000
PI-000248,purchase_order,PI-000248|A02,n_send_po,Send Order to Supplier,serviceTask,2,TK-0001057,EMP-0055,采购专员,2024-01-12 04:20:27.215273,2024-01-12 04:28:02.215273,approve,455000
PI-000249,goods_receipt,PI-000249|A01,n_post_gr,Post Goods Receipt,serviceTask,1,TK-0001058,EMP-0062,仓储专员,2024-01-15 04:03:40.355166,2024-01-15 04:32:34.355166,approve,1734000
PI-000249,goods_receipt,PI-000249|A02,n_inspect,Quality Inspection,userTask,2,TK-0001059,EMP-0074,质检员,2024-01-15 07:44:09.196498,2024-01-15 09:47:56.196498,approve,7427000
PI-000249,goods_receipt,PI-000249|A03,n_putaway,Putaway to Warehouse,serviceTask,3,TK-0001060,EMP-0063,仓储专员,2024-01-15 12:45:29.512674,2024-01-15 13:07:32.512674,approve,1323000
PI-000250,invoice_verification,PI-000250|A01,n_enter_inv,Enter Incoming Invoice,userTask,1,TK-0001061,EMP-0077,财务专员,2024-01-19 22:32:54.026087,2024-01-19 22:49:54.026087,approve,1020000
PI-000250,invoice_verification,PI-000250|A02,n_match,Three-Way Match,serviceTask,2,TK-0001062,EMP-0078,财务专员,2024-01-19 23:52:05.345666,2024-01-20 00:02:32.345666,approve,627000
PI-000250,invoice_verification,PI-000250|A03,n_appr_inv,Approve Invoice,userTask,3,TK-0001063,EMP-0086,应付会计,2024-01-20 00:32:52.940307,2024-01-20 01:01:32.940307,approve,1720000
PI-000250,invoice_verification,PI-000250|A03,n_appr_inv,Approve Invoice,userTask,3,TK-0001064,EMP-0085,应付会计,2024-01-20 00:56:35.683541,2024-01-20 01:26:11.683541,approve,1776000
PI-000250,invoice_verification,PI-000250|A04,n_pay,Post Payment,serviceTask,4,TK-0001065,EMP-0090,出纳,2024-01-20 03:26:48.302378,2024-01-20 03:47:13.302378,approve,1225000
PI-000250,invoice_verification,PI-000250|A05,n_clear,Clear Invoice,serviceTask,5,TK-0001066,EMP-0087,应付会计,2024-01-20 06:52:18.659530,2024-01-20 07:00:43.659530,approve,505000
PI-000251,purchase_requisition,PI-000251|A01,n_submit,Submit Purchase Requisition,userTask,1,TK-0001067,EMP-0025,采购申请人,2024-01-11 06:43:08.308341,2024-01-11 06:59:21.308341,approve,973000
PI-000251,purchase_requisition,PI-000251|A02,n_mgr_appr,Approve Requisition by Manager,userTask,2,TK-0001068,EMP-0042,部门经理,2024-01-11 07:46:38.693820,2024-01-11 08:05:57.693820,approve,1159000
PI-000251,purchase_requisition,PI-000251|A02,n_mgr_appr,Approve Requisition by Manager,userTask,2,TK-0001069,EMP-0045,部门经理,2024-01-11 07:50:29.281057,2024-01-11 10:10:26.281057,approve,8397000
PI-000251,purchase_requisition,PI-000251|A03,n_convert,Convert to Purchase Order,serviceTask,3,TK-0001070,EMP-0054,采购专员,2024-01-11 12:17:34.775548,2024-01-11 12:29:15.775548,approve,701000
PI-000252,purchase_order,PI-000252|A01,n_create_po,Create Purchase Order,serviceTask,1,TK-0001071,EMP-0052,采购专员,2024-01-11 18:50:40.648996,2024-01-11 19:14:47.648996,approve,1447000
PI-000252,purchase_order,PI-000252|A02,n_dir_appr,Approve Purchase Order by Director,userTask,2,TK-0001072,EMP-0050,采购总监,2024-01-11 19:33:36.906491,2024-01-11 21:53:17.906491,approve,8381000
PI-000252,purchase_order,PI-000252|A03,n_send_po,Send Order to Supplier,serviceTask,3,TK-0001073,EMP-0055,采购专员,2024-01-12 00:42:53.651024,2024-01-12 00:45:14.651024,approve,141000
PI-000253,goods_receipt,PI-000253|A01,n_post_gr,Post Goods Receipt,serviceTask,1,TK-0001074,EMP-0066,仓储专员,2024-01-14 08:58:59.959229,2024-01-14 09:11:46.959229,approve,767000
PI-000253,goods_receipt,PI-000253|A02,n_inspect,Quality Inspection,userTask,2,TK-0001075,EMP-0070,质检员,2024-01-14 12:36:29.276290,2024-01-14 13:48:03.276290,approve,4294000
PI-000253,goods_receipt,PI-000253|A03,n_putaway,Putaway to Warehouse,serviceTask,3,TK-0001076,EMP-0069,仓储专员,2024-01-14 15:01:27.526417,2024-01-14 15:18:50.526417,approve,1043000
PI-000254,invoice_verification,PI-000254|A01,n_enter_inv,Enter Incoming Invoice,userTask,1,TK-0001077,EMP-0077,财务专员,2024-01-18 09:04:59.820014,2024-01-18 09:22:57.820014,approve,1078000
PI-000254,invoice_verification,PI-000254|A02,n_match,Three-Way Match,serviceTask,2,TK-0001078,EMP-0080,财务专员,2024-01-18 11:47:24.652717,2024-01-18 11:54:29.652717,reject,425000
PI-000254,invoice_verification,PI-000254|A03,n_park,Park Invoice,userTask,3,TK-0001079,EMP-0077,财务专员,2024-01-18 14:32:54.089951,2024-01-18 14:45:12.089951,approve,738000
PI-000254,invoice_verification,PI-000254|A04,n_handle_exc,Handle Invoice Exception,userTask,4,TK-0001080,EMP-0076,财务专员,2024-01-18 17:52:58.094388,2024-01-18 21:23:02.094388,approve,12604000
PI-000254,invoice_verification,PI-000254|A05,n_match,Three-Way Match,serviceTask,5,TK-0001081,EMP-0080,财务专员,2024-01-18 21:30:45.688475,2024-01-18 22:21:54.688475,approve,3069000
PI-000254,invoice_verification,PI-000254|A06,n_appr_inv,Approve Invoice,userTask,6,TK-0001083,EMP-0083,应付会计,2024-01-18 23:01:17.884813,2024-01-18 23:42:48.884813,approve,2491000
PI-000254,invoice_verification,PI-000254|A06,n_appr_inv,Approve Invoice,userTask,6,TK-0001082,EMP-0085,应付会计,2024-01-18 23:58:15.660104,2024-01-19 00:22:02.660104,approve,1427000
PI-000254,invoice_verification,PI-000254|A07,n_pay,Post Payment,serviceTask,7,TK-0001084,EMP-0088,出纳,2024-01-19 03:14:46.790966,2024-01-19 03:45:30.790966,approve,1844000
PI-000254,invoice_verification,PI-000254|A08,n_clear,Clear Invoice,serviceTask,8,TK-0001085,EMP-0083,应付会计,2024-01-19 05:23:03.322250,2024-01-19 05:29:17.322250,approve,374000
PI-000255,purchase_requisition,PI-000255|A01,n_submit,Submit Purchase Requisition,userTask,1,TK-0001086,EMP-0008,采购申请人,2024-01-11 10:14:23.779123,2024-01-11 11:58:28.779123,approve,6245000
PI-000255,purchase_requisition,PI-000255|A02,n_mgr_appr,Approve Requisition by Manager,userTask,2,TK-0001087,EMP-0043,部门经理,2024-01-11 12:27:11.765434,2024-01-11 12:50:51.765434,approve,1420000
PI-000255,purchase_requisition,PI-000255|A02,n_mgr_appr,Approve Requisition by Manager,userTask,2,TK-0001088,EMP-0045,部门经理,2024-01-11 12:49:51.825492,2024-01-11 13:50:33.825492,approve,3642000
PI-000255,purchase_requisition,PI-000255|A03,n_convert,Convert to Purchase Order,serviceTask,3,TK-0001089,EMP-0052,采购专员,2024-01-11 14:53:55.378388,2024-01-11 15:13:48.378388,approve,1193000
PI-000256,purchase_order,PI-000256|A01,n_create_po,Create Purchase Order,serviceTask,1,TK-0001090,EMP-0055,采购专员,2024-01-12 11:37:57.862570,2024-01-12 12:03:48.862570,approve,1551000
PI-000256,purchase_order,PI-000256|A02,n_dir_appr,Approve Purchase Order by Director,userTask,2,TK-0001091,EMP-0050,采购总监,2024-01-12 12:39:00.601390,2024-01-12 14:24:28.601390,approve,6328000
PI-000256,purchase_order,PI-000256|A03,n_send_po,Send Order to Supplier,serviceTask,3,TK-0001092,EMP-0054,采购专员,2024-01-12 16:03:29.438586,2024-01-12 16:06:02.438586,approve,153000
PI-000257,goods_receipt,PI-000257|A01,n_post_gr,Post Goods Receipt,serviceTask,1,TK-0001093,EMP-0064,仓储专员,2024-01-13 21:52:39.867244,2024-01-13 22:03:42.867244,approve,663000
PI-000257,goods_receipt,PI-000257|A02,n_inspect,Quality Inspection,userTask,2,TK-0001094,EMP-0070,质检员,2024-01-14 00:13:36.596577,2024-01-14 01:18:54.596577,reject,3918000
PI-000257,goods_receipt,PI-000257|A03,n_return,Return to Supplier,serviceTask,3,TK-0001095,EMP-0067,仓储专员,2024-01-14 04:26:45.396987,2024-01-14 04:52:38.396987,approve,1553000
PI-000258,invoice_verification,PI-000258|A01,n_enter_inv,Enter Incoming Invoice,userTask,1,TK-0001096,EMP-0079,财务专员,2024-01-18 06:03:50.417542,2024-01-18 06:41:24.417542,approve,2254000
PI-000258,invoice_verification,PI-000258|A02,n_match,Three-Way Match,serviceTask,2,TK-0001097,EMP-0079,财务专员,2024-01-18 08:56:01.163013,2024-01-18 09:23:52.163013,approve,1671000
PI-000258,invoice_verification,PI-000258|A03,n_appr_inv,Approve Invoice,userTask,3,TK-0001099,EMP-0085,应付会计,2024-01-18 09:57:51.980514,2024-01-18 11:45:37.980514,approve,6466000
PI-000258,invoice_verification,PI-000258|A03,n_appr_inv,Approve Invoice,userTask,3,TK-0001098,EMP-0084,应付会计,2024-01-18 11:01:34.149486,2024-01-18 13:18:57.149486,approve,8243000
PI-000258,invoice_verification,PI-000258|A04,n_pay,Post Payment,serviceTask,4,TK-0001100,EMP-0089,出纳,2024-01-18 13:26:11.063796,2024-01-18 13:38:25.063796,approve,734000
PI-000258,invoice_verification,PI-000258|A05,n_clear,Clear Invoice,serviceTask,5,TK-0001101,EMP-0086,应付会计,2024-01-18 15:56:47.670725,2024-01-18 16:04:36.670725,approve,469000
PI-000259,purchase_requisition,PI-000259|A01,n_submit,Submit Purchase Requisition,userTask,1,TK-0001102,EMP-0027,采购申请人,2024-01-11 18:39:18.916720,2024-01-11 19:04:23.916720,approve,1505000
PI-000259,purchase_requisition,PI-000259|A02,n_convert,Convert to Purchase Order,serviceTask,2,TK-0001103,EMP-0055,采购专员,2024-01-11 20:21:07.059501,2024-01-11 20:29:36.059501,approve,509000
PI-000260,purchase_order,PI-000260|A01,n_create_po,Create Purchase Order,serviceTask,1,TK-0001104,EMP-0052,采购专员,2024-01-12 13:52:04.521725,2024-01-12 14:04:31.521725,approve,747000
PI-000260,purchase_order,PI-000260|A02,n_send_po,Send Order to Supplier,serviceTask,2,TK-0001105,EMP-0060,采购专员,2024-01-12 16:50:31.740008,2024-01-12 16:58:23.740008,approve,472000
PI-000261,goods_receipt,PI-000261|A01,n_post_gr,Post Goods Receipt,serviceTask,1,TK-0001106,EMP-0065,仓储专员,2024-01-15 00:07:55.381320,2024-01-15 00:23:01.381320,approve,906000
PI-000261,goods_receipt,PI-000261|A02,n_inspect,Quality Inspection,userTask,2,TK-0001107,EMP-0074,质检员,2024-01-15 04:00:24.941849,2024-01-15 04:24:40.941849,approve,1456000
PI-000261,goods_receipt,PI-000261|A03,n_putaway,Putaway to Warehouse,serviceTask,3,TK-0001108,EMP-0062,仓储专员,2024-01-15 06:09:01.325839,2024-01-15 06:32:48.325839,approve,1427000
PI-000262,goods_receipt,PI-000262|A01,n_post_gr,Post Goods Receipt,serviceTask,1,TK-0001109,EMP-0062,仓储专员,2024-01-16 21:20:21.908638,2024-01-16 21:33:41.908638,approve,800000
PI-000262,goods_receipt,PI-000262|A02,n_inspect,Quality Inspection,userTask,2,TK-0001110,EMP-0074,质检员,2024-01-17 00:52:44.664801,2024-01-17 01:08:39.664801,approve,955000
PI-000262,goods_receipt,PI-000262|A03,n_putaway,Putaway to Warehouse,serviceTask,3,TK-0001111,EMP-0067,仓储专员,2024-01-17 01:15:02.729370,2024-01-17 01:43:03.729370,approve,1681000
PI-000263,invoice_verification,PI-000263|A01,n_enter_inv,Enter Incoming Invoice,userTask,1,TK-0001112,EMP-0081,财务专员,2024-01-19 06:22:05.213455,2024-01-19 06:31:02.213455,approve,537000
PI-000263,invoice_verification,PI-000263|A02,n_match,Three-Way Match,serviceTask,2,TK-0001113,EMP-0082,财务专员,2024-01-19 06:37:39.650827,2024-01-19 06:49:57.650827,reject,738000
PI-000263,invoice_verification,PI-000263|A03,n_park,Park Invoice,userTask,3,TK-0001114,EMP-0080,财务专员,2024-01-19 08:35:37.265552,2024-01-19 08:44:16.265552,approve,519000
PI-000263,invoice_verification,PI-000263|A04,n_handle_exc,Handle Invoice Exception,userTask,4,TK-0001115,EMP-0077,财务专员,2024-01-19 09:22:08.494611,2024-01-19 09:53:20.494611,approve,1872000
PI-000263,invoice_verification,PI-000263|A05,n_match,Three-Way Match,serviceTask,5,TK-0001116,EMP-0080,财务专员,2024-01-19 13:30:04.563736,2024-01-19 13:34:52.563736,approve,288000
PI-000263,invoice_verification,PI-000263|A06,n_appr_inv,Approve Invoice,userTask,6,TK-0001118,EMP-0086,应付会计,2024-01-19 13:44:16.034014,2024-01-19 17:01:33.034014,approve,11837000
PI-000263,invoice_verification,PI-000263|A06,n_appr_inv,Approve Invoice,userTask,6,TK-0001117,EMP-0083,应付会计,2024-01-19 14:36:07.131792,2024-01-19 15:25:17.131792,approve,2950000
PI-000263,invoice_verification,PI-000263|A07,n_pay,Post Payment,serviceTask,7,TK-0001119,EMP-0090,出纳,2024-01-19 20:43:35.247649,2024-01-19 21:07:07.247649,approve,1412000
PI-000263,invoice_verification,PI-000263|A08,n_clear,Clear Invoice,serviceTask,8,TK-0001120,EMP-0083,应付会计,2024-01-20 00:18:24.500340,2024-01-20 00:21:25.500340,approve,181000
PI-000264,purchase_order,PI-000264|A01,n_create_po,Create Purchase Order,serviceTask,1,TK-0001121,EMP-0056,采购专员,2024-01-12 15:30:42.118657,2024-01-12 15:36:56.118657,approve,374000
PI-000264,purchase_order,PI-000264|A02,n_dir_appr,Approve Purchase Order by Director,userTask,2,TK-0001122,EMP-0050,采购总监,2024-01-12 18:42:06.977885,2024-01-12 18:58:41.977885,approve,995000
PI-000264,purchase_order,PI-000264|A03,n_send_po,Send Order to Supplier,serviceTask,3,TK-0001123,EMP-0053,采购专员,2024-01-12 21:48:28.121737,2024-01-12 21:53:29.121737,approve,301000
PI-000265,goods_receipt,PI-000265|A01,n_post_gr,Post Goods Receipt,serviceTask,1,TK-0001124,EMP-0065,仓储专员,2024-01-14 07:42:12.764567,2024-01-14 07:51:43.764567,approve,571000
PI-000265,goods_receipt,PI-000265|A02,n_inspect,Quality Inspection,userTask,2,TK-0001125,EMP-0073,质检员,2024-01-14 10:00:05.858232,2024-01-14 10:25:13.858232,reject,1508000
PI-000265,goods_receipt,PI-000265|A03,n_return,Return to Supplier,serviceTask,3,TK-0001126,EMP-0062,仓储专员,2024-01-14 11:41:44.347091,2024-01-14 12:05:32.347091,approve,1428000
PI-000266,invoice_verification,PI-000266|A01,n_enter_inv,Enter Incoming Invoice,userTask,1,TK-0001127,EMP-0075,财务专员,2024-01-15 00:16:43.970988,2024-01-15 00:35:14.970988,approve,1111000
PI-000266,invoice_verification,PI-000266|A02,n_match,Three-Way Match,serviceTask,2,TK-0001128,EMP-0081,财务专员,2024-01-15 01:23:41.215031,2024-01-15 01:42:19.215031,approve,1118000
PI-000266,invoice_verification,PI-000266|A03,n_appr_inv,Approve Invoice,userTask,3,TK-0001129,EMP-0087,应付会计,2024-01-15 02:25:24.575992,2024-01-15 03:44:06.575992,approve,4722000
PI-000266,invoice_verification,PI-000266|A03,n_appr_inv,Approve Invoice,userTask,3,TK-0001130,EMP-0084,应付会计,2024-01-15 02:29:29.467941,2024-01-15 03:22:19.467941,approve,3170000
PI-000266,invoice_verification,PI-000266|A04,n_pay,Post Payment,serviceTask,4,TK-0001131,EMP-0088,出纳,2024-01-15 06:06:25.589742,2024-01-15 06:24:09.589742,approve,1064000
PI-000266,invoice_verification,PI-000266|A05,n_clear,Clear Invoice,serviceTask,5,TK-0001132,EMP-0084,应付会计,2024-01-15 07:14:29.867596,2024-01-15 07:20:03.867596,approve,334000
PI-000267,purchase_requisition,PI-000267|A01,n_submit,Submit Purchase Requisition,userTask,1,TK-0001133,EMP-0020,采购申请人,2024-01-11 23:41:02.416020,2024-01-12 00:08:08.416020,approve,1626000
PI-000267,purchase_requisition,PI-000267|A02,n_convert,Convert to Purchase Order,serviceTask,2,TK-0001134,EMP-0060,采购专员,2024-01-12 04:02:17.694838,2024-01-12 04:25:54.694838,approve,1417000
PI-000268,purchase_order,PI-000268|A01,n_create_po,Create Purchase Order,serviceTask,1,TK-0001135,EMP-0055,采购专员,2024-01-12 09:20:41.899977,2024-01-12 09:30:50.899977,approve,609000
PI-000268,purchase_order,PI-000268|A02,n_send_po,Send Order to Supplier,serviceTask,2,TK-0001136,EMP-0054,采购专员,2024-01-12 11:18:43.103679,2024-01-12 11:23:50.103679,approve,307000
PI-000269,goods_receipt,PI-000269|A01,n_post_gr,Post Goods Receipt,serviceTask,1,TK-0001137,EMP-0069,仓储专员,2024-01-14 16:13:27.814553,2024-01-14 16:30:36.814553,approve,1029000
PI-000269,goods_receipt,PI-000269|A02,n_inspect,Quality Inspection,userTask,2,TK-0001138,EMP-0072,质检员,2024-01-14 18:45:22.142538,2024-01-14 20:16:16.142538,approve,5454000
PI-000269,goods_receipt,PI-000269|A03,n_putaway,Putaway to Warehouse,serviceTask,3,TK-0001139,EMP-0065,仓储专员,2024-01-15 00:13:48.603933,2024-01-15 00:34:01.603933,approve,1213000
PI-000270,invoice_verification,PI-000270|A01,n_enter_inv,Enter Incoming Invoice,userTask,1,TK-0001140,EMP-0079,财务专员,2024-01-16 21:07:39.964000,2024-01-16 21:26:28.964000,approve,1129000
PI-000270,invoice_verification,PI-000270|A02,n_match,Three-Way Match,serviceTask,2,TK-0001141,EMP-0075,财务专员,2024-01-17 00:45:06.402184,2024-01-17 01:49:06.402184,reject,3840000
PI-000270,invoice_verification,PI-000270|A03,n_park,Park Invoice,userTask,3,TK-0001142,EMP-0076,财务专员,2024-01-17 04:43:55.093121,2024-01-17 04:53:05.093121,approve,550000
PI-000270,invoice_verification,PI-000270|A04,n_handle_exc,Handle Invoice Exception,userTask,4,TK-0001143,EMP-0078,财务专员,2024-01-17 08:10:02.636239,2024-01-17 08:47:57.636239,approve,2275000
PI-000270,invoice_verification,PI-000270|A05,n_match,Three-Way Match,serviceTask,5,TK-0001144,EMP-0081,财务专员,2024-01-17 09:29:32.181067,2024-01-17 09:31:59.181067,approve,147000
PI-000270,invoice_verification,PI-000270|A06,n_appr_inv,Approve Invoice,userTask,6,TK-0001146,EMP-0084,应付会计,2024-01-17 10:07:01.590855,2024-01-17 10:41:13.590855,approve,2052000
PI-000270,invoice_verification,PI-000270|A06,n_appr_inv,Approve Invoice,userTask,6,TK-0001145,EMP-0086,应付会计,2024-01-17 10:29:48.972844,2024-01-17 11:49:00.972844,approve,4752000
PI-000270,invoice_verification,PI-000270|A07,n_pay,Post Payment,serviceTask,7,TK-0001147,EMP-0089,出纳,2024-01-17 14:35:32.845082,2024-01-17 14:43:16.845082,approve,464000
PI-000270,invoice_verification,PI-000270|A08,n_clear,Clear Invoice,serviceTask,8,TK-0001148,EMP-0086,应付会计,2024-01-17 18:21:55.592956,2024-01-17 18:28:39.592956,approve,404000
PI-000271,purchase_requisition,PI-000271|A01,n_submit,Submit Purchase Requisition,userTask,1,TK-0001149,EMP-0025,采购申请人,2024-01-12 05:20:12.854737,2024-01-12 05:59:07.854737,approve,2335000
PI-000271,purchase_requisition,PI-000271|A02,n_mgr_appr,Approve Requisition by Manager,userTask,2,TK-0001151,EMP-0045,部门经理,2024-01-12 06:12:51.934052,2024-01-12 07:09:42.934052,approve,3411000
PI-000271,purchase_requisition,PI-000271|A02,n_mgr_appr,Approve Requisition by Manager,userTask,2,TK-0001150,EMP-0042,部门经理,2024-01-12 07:28:47.162158,2024-01-12 07:59:41.162158,approve,1854000
PI-000271,purchase_requisition,PI-000271|A03,n_convert,Convert to Purchase Order,serviceTask,3,TK-0001152,EMP-0057,采购专员,2024-01-12 09:57:13.770365,2024-01-12 10:02:18.770365,approve,305000
PI-000272,purchase_order,PI-000272|A01,n_create_po,Create Purchase Order,serviceTask,1,TK-0001153,EMP-0058,采购专员,2024-01-12 13:35:15.735415,2024-01-12 13:48:47.735415,approve,812000
PI-000272,purchase_order,PI-000272|A02,n_send_po,Send Order to Supplier,serviceTask,2,TK-0001154,EMP-0058,采购专员,2024-01-12 16:35:11.140080,2024-01-12 16:36:54.140080,approve,103000
PI-000273,goods_receipt,PI-000273|A01,n_post_gr,Post Goods Receipt,serviceTask,1,TK-0001155,EMP-0063,仓储专员,2024-01-13 21:34:00.556733,2024-01-13 21:47:58.556733,approve,838000
PI-000273,goods_receipt,PI-000273|A02,n_inspect,Quality Inspection,userTask,2,TK-0001156,EMP-0073,质检员,2024-01-13 22:28:16.659237,2024-01-13 23:28:15.659237,approve,3599000
PI-000273,goods_receipt,PI-000273|A03,n_putaway,Putaway to Warehouse,serviceTask,3,TK-0001157,EMP-0063,仓储专员,2024-01-14 00:36:58.074464,2024-01-14 01:06:55.074464,approve,1797000
PI-000274,invoice_verification,PI-000274|A01,n_enter_inv,Enter Incoming Invoice,userTask,1,TK-0001158,EMP-0077,财务专员,2024-01-18 03:45:08.147799,2024-01-18 04:00:19.147799,approve,911000
PI-000274,invoice_verification,PI-000274|A02,n_match,Three-Way Match,serviceTask,2,TK-0001159,EMP-0082,财务专员,2024-01-18 07:16:45.709432,2024-01-18 07:20:18.709432,approve,213000
PI-000274,invoice_verification,PI-000274|A03,n_appr_inv,Approve Invoice,userTask,3,TK-0001161,EMP-0087,应付会计,2024-01-18 07:50:13.593586,2024-01-18 08:50:42.593586,approve,3629000
PI-000274,invoice_verification,PI-000274|A03,n_appr_inv,Approve Invoice,userTask,3,TK-0001160,EMP-0084,应付会计,2024-01-18 08:53:34.703786,2024-01-18 09:28:48.703786,approve,2114000
PI-000274,invoice_verification,PI-000274|A04,n_pay,Post Payment,serviceTask,4,TK-0001162,EMP-0088,出纳,2024-01-18 11:03:51.615261,2024-01-18 11:17:29.615261,approve,818000
PI-000274,invoice_verification,PI-000274|A05,n_clear,Clear Invoice,serviceTask,5,TK-0001163,EMP-0087,应付会计,2024-01-18 14:35:31.414453,2024-01-18 14:39:49.414453,approve,258000
PI-000275,purchase_requisition,PI-000275|A01,n_submit,Submit Purchase Requisition,userTask,1,TK-0001164,EMP-0015,采购申请人,2024-01-12 11:01:19.114341,2024-01-12 11:12:24.114341,approve,665000
PI-000275,purchase_requisition,PI-000275|A02,n_convert,Convert to Purchase Order,serviceTask,2,TK-0001165,EMP-0054,采购专员,2024-01-12 12:26:39.346104,2024-01-12 12:28:18.346104,approve,99000
PI-000276,purchase_order,PI-000276|A01,n_create_po,Create Purchase Order,serviceTask,1,TK-0001166,EMP-0053,采购专员,2024-01-13 07:24:20.189925,2024-01-13 07:41:29.189925,approve,1029000
PI-000276,purchase_order,PI-000276|A02,n_dir_appr,Approve Purchase Order by Director,userTask,2,TK-0001167,EMP-0049,采购总监,2024-01-13 10:00:14.672405,2024-01-13 12:20:24.672405,approve,8410000
PI-000276,purchase_order,PI-000276|A03,n_send_po,Send Order to Supplier,serviceTask,3,TK-0001168,EMP-0060,采购专员,2024-01-13 15:09:34.423755,2024-01-13 15:12:53.423755,approve,199000
PI-000277,goods_receipt,PI-000277|A01,n_post_gr,Post Goods Receipt,serviceTask,1,TK-0001169,EMP-0064,仓储专员,2024-01-13 23:28:10.090491,2024-01-14 00:36:40.090491,approve,4110000
PI-000277,goods_receipt,PI-000277|A02,n_inspect,Quality Inspection,userTask,2,TK-0001170,EMP-0074,质检员,2024-01-14 02:39:36.491860,2024-01-14 03:49:12.491860,approve,4176000
PI-000277,goods_receipt,PI-000277|A03,n_putaway,Putaway to Warehouse,serviceTask,3,TK-0001171,EMP-0068,仓储专员,2024-01-14 07:44:01.252460,2024-01-14 08:00:57.252460,approve,1016000
PI-000278,invoice_verification,PI-000278|A01,n_enter_inv,Enter Incoming Invoice,userTask,1,TK-0001172,EMP-0076,财务专员,2024-01-18 05:49:58.551994,2024-01-18 06:13:37.551994,approve,1419000
PI-000278,invoice_verification,PI-000278|A02,n_match,Three-Way Match,serviceTask,2,TK-0001173,EMP-0077,财务专员,2024-01-18 06:31:28.422380,2024-01-18 06:37:35.422380,approve,367000
PI-000278,invoice_verification,PI-000278|A03,n_appr_inv,Approve Invoice,userTask,3,TK-0001175,EMP-0085,应付会计,2024-01-18 06:43:22.733082,2024-01-18 08:04:05.733082,approve,4843000
PI-000278,invoice_verification,PI-000278|A03,n_appr_inv,Approve Invoice,userTask,3,TK-0001174,EMP-0087,应付会计,2024-01-18 06:45:48.959513,2024-01-18 07:14:03.959513,approve,1695000
PI-000278,invoice_verification,PI-000278|A04,n_pay,Post Payment,serviceTask,4,TK-0001176,EMP-0090,出纳,2024-01-18 08:56:30.068552,2024-01-18 09:20:09.068552,approve,1419000
PI-000278,invoice_verification,PI-000278|A05,n_clear,Clear Invoice,serviceTask,5,TK-0001177,EMP-0087,应付会计,2024-01-18 11:37:52.703618,2024-01-18 11:46:30.703618,approve,518000
PI-000279,purchase_requisition,PI-000279|A01,n_submit,Submit Purchase Requisition,userTask,1,TK-0001178,EMP-0020,采购申请人,2024-01-12 12:17:25.519576,2024-01-12 12:34:45.519576,approve,1040000
PI-000279,purchase_requisition,PI-000279|A02,n_mgr_appr,Approve Requisition by Manager,userTask,2,TK-0001179,EMP-0047,部门经理,2024-01-12 12:51:22.439470,2024-01-12 14:24:01.439470,approve,5559000
PI-000279,purchase_requisition,PI-000279|A02,n_mgr_appr,Approve Requisition by Manager,userTask,2,TK-0001180,EMP-0046,部门经理,2024-01-12 13:10:48.890348,2024-01-12 13:53:24.890348,approve,2556000
PI-000279,purchase_requisition,PI-000279|A02,n_mgr_appr,Approve Requisition by Manager,userTask,2,TK-0001181,EMP-0045,部门经理,2024-01-12 13:26:10.573871,2024-01-12 14:10:44.573871,approve,2674000
PI-000279,purchase_requisition,PI-000279|A03,n_convert,Convert to Purchase Order,serviceTask,3,TK-0001182,EMP-0053,采购专员,2024-01-12 18:12:56.177426,2024-01-12 18:19:33.177426,approve,397000
PI-000280,purchase_order,PI-000280|A01,n_create_po,Create Purchase Order,serviceTask,1,TK-0001183,EMP-0054,采购专员,2024-01-13 18:05:50.590831,2024-01-13 18:10:30.590831,approve,280000
PI-000280,purchase_order,PI-000280|A02,n_dir_appr,Approve Purchase Order by Director,userTask,2,TK-0001184,EMP-0050,采购总监,2024-01-13 19:11:42.050683,2024-01-14 00:32:09.050683,approve,19227000
PI-000280,purchase_order,PI-000280|A03,n_send_po,Send Order to Supplier,serviceTask,3,TK-0001185,EMP-0052,采购专员,2024-01-14 01:10:40.028233,2024-01-14 01:24:01.028233,approve,801000
PI-000281,goods_receipt,PI-000281|A01,n_post_gr,Post Goods Receipt,serviceTask,1,TK-0001186,EMP-0064,仓储专员,2024-01-15 01:42:39.222621,2024-01-15 01:56:28.222621,approve,829000
PI-000281,goods_receipt,PI-000281|A02,n_inspect,Quality Inspection,userTask,2,TK-0001187,EMP-0073,质检员,2024-01-15 03:02:05.234424,2024-01-15 03:45:10.234424,approve,2585000
PI-000281,goods_receipt,PI-000281|A03,n_putaway,Putaway to Warehouse,serviceTask,3,TK-0001188,EMP-0064,仓储专员,2024-01-15 07:31:01.829946,2024-01-15 09:01:45.829946,approve,5444000
PI-000282,invoice_verification,PI-000282|A01,n_enter_inv,Enter Incoming Invoice,userTask,1,TK-0001189,EMP-0082,财务专员,2024-01-18 14:25:56.585951,2024-01-18 14:41:26.585951,approve,930000
PI-000282,invoice_verification,PI-000282|A02,n_match,Three-Way Match,serviceTask,2,TK-0001190,EMP-0075,财务专员,2024-01-18 17:12:17.239457,2024-01-18 17:27:52.239457,approve,935000
PI-000282,invoice_verification,PI-000282|A03,n_appr_inv,Approve Invoice,userTask,3,TK-0001192,EMP-0083,应付会计,2024-01-18 17:34:06.205253,2024-01-18 18:13:03.205253,approve,2337000
PI-000282,invoice_verification,PI-000282|A03,n_appr_inv,Approve Invoice,userTask,3,TK-0001191,EMP-0084,应付会计,2024-01-18 18:06:17.797598,2024-01-18 18:31:31.797598,approve,1514000
PI-000282,invoice_verification,PI-000282|A04,n_pay,Post Payment,serviceTask,4,TK-0001193,EMP-0089,出纳,2024-01-18 20:26:37.488240,2024-01-18 20:41:45.488240,approve,908000
PI-000282,invoice_verification,PI-000282|A05,n_clear,Clear Invoice,serviceTask,5,TK-0001194,EMP-0084,应付会计,2024-01-18 23:38:43.559778,2024-01-18 23:47:41.559778,approve,538000
PI-000283,purchase_requisition,PI-000283|A01,n_submit,Submit Purchase Requisition,userTask,1,TK-0001195,EMP-0039,采购申请人,2024-01-12 14:38:33.139717,2024-01-12 15:01:09.139717,approve,1356000
PI-000283,purchase_requisition,PI-000283|A02,n_mgr_appr,Approve Requisition by Manager,userTask,2,TK-0001197,EMP-0047,部门经理,2024-01-12 15:17:46.347801,2024-01-12 15:55:54.347801,approve,2288000
PI-000283,purchase_requisition,PI-000283|A02,n_mgr_appr,Approve Requisition by Manager,userTask,2,TK-0001198,EMP-0043,部门经理,2024-01-12 15:19:02.330222,2024-01-12 16:13:17.330222,approve,3255000
PI-000283,purchase_requisition,PI-000283|A02,n_mgr_appr,Approve Requisition by Manager,userTask,2,TK-0001196,EMP-0041,部门经理,2024-01-12 16:36:57.097708,2024-01-12 18:19:43.097708,approve,6166000
PI-000283,purchase_requisition,PI-000283|A03,n_convert,Convert to Purchase Order,serviceTask,3,TK-0001199,EMP-0054,采购专员,2024-01-12 21:39:53.839898,2024-01-12 21:44:31.839898,approve,278000
PI-000284,purchase_order,PI-000284|A01,n_create_po,Create Purchase Order,serviceTask,1,TK-0001200,EMP-0055,采购专员,2024-01-13 11:48:41.797001,2024-01-13 12:14:03.797001,approve,1522000
PI-000284,purchase_order,PI-000284|A02,n_send_po,Send Order to Supplier,serviceTask,2,TK-0001201,EMP-0057,采购专员,2024-01-13 12:22:23.830575,2024-01-13 12:27:22.830575,approve,299000
PI-000285,goods_receipt,PI-000285|A01,n_post_gr,Post Goods Receipt,serviceTask,1,TK-0001202,EMP-0065,仓储专员,2024-01-13 18:44:21.778566,2024-01-13 18:57:10.778566,approve,769000
PI-000285,goods_receipt,PI-000285|A02,n_inspect,Quality Inspection,userTask,2,TK-0001203,EMP-0071,质检员,2024-01-13 22:50:32.376089,2024-01-13 23:39:56.376089,approve,2964000
PI-000285,goods_receipt,PI-000285|A03,n_putaway,Putaway to Warehouse,serviceTask,3,TK-0001204,EMP-0066,仓储专员,2024-01-14 01:42:55.777410,2024-01-14 03:53:13.777410,approve,7818000
PI-000286,invoice_verification,PI-000286|A01,n_enter_inv,Enter Incoming Invoice,userTask,1,TK-0001205,EMP-0080,财务专员,2024-01-16 01:16:15.841197,2024-01-16 01:28:54.841197,approve,759000
PI-000286,invoice_verification,PI-000286|A02,n_match,Three-Way Match,serviceTask,2,TK-0001206,EMP-0081,财务专员,2024-01-16 03:03:34.884050,2024-01-16 03:33:49.884050,approve,1815000
PI-000286,invoice_verification,PI-000286|A03,n_appr_inv,Approve Invoice,userTask,3,TK-0001207,EMP-0083,应付会计,2024-01-16 03:49:08.385836,2024-01-16 04:58:26.385836,approve,4158000
PI-000286,invoice_verification,PI-000286|A03,n_appr_inv,Approve Invoice,userTask,3,TK-0001208,EMP-0087,应付会计,2024-01-16 04:12:34.551577,2024-01-16 05:03:37.551577,approve,3063000
PI-000286,invoice_verification,PI-000286|A04,n_pay,Post Payment,serviceTask,4,TK-0001209,EMP-0089,出纳,2024-01-16 05:58:24.934460,2024-01-16 06:23:35.934460,approve,1511000
PI-000286,invoice_verification,PI-000286|A05,n_clear,Clear Invoice,serviceTask,5,TK-0001210,EMP-0086,应付会计,2024-01-16 10:11:58.710552,2024-01-16 10:14:28.710552,approve,150000
PI-000287,purchase_requisition,PI-000287|A01,n_submit,Submit Purchase Requisition,userTask,1,TK-0001211,EMP-0026,采购申请人,2024-01-12 21:57:22.778148,2024-01-12 22:30:17.778148,approve,1975000
PI-000287,purchase_requisition,PI-000287|A02,n_convert,Convert to Purchase Order,serviceTask,2,TK-0001212,EMP-0055,采购专员,2024-01-12 22:36:16.399706,2024-01-12 22:59:40.399706,approve,1404000
PI-000288,purchase_order,PI-000288|A01,n_create_po,Create Purchase Order,serviceTask,1,TK-0001213,EMP-0054,采购专员,2024-01-13 16:06:33.115245,2024-01-13 16:18:07.115245,approve,694000
PI-000288,purchase_order,PI-000288|A02,n_dir_appr,Approve Purchase Order by Director,userTask,2,TK-0001214,EMP-0049,采购总监,2024-01-13 18:51:30.434311,2024-01-13 20:42:09.434311,reject,6639000
PI-000288,purchase_order,PI-000288|A03,n_cancel_po,Cancel Purchase Order,serviceTask,3,TK-0001215,EMP-0055,采购专员,2024-01-13 21:09:04.321708,2024-01-13 21:23:43.321708,approve,879000
PI-000289,purchase_requisition,PI-000289|A01,n_submit,Submit Purchase Requisition,userTask,1,TK-0001216,EMP-0006,采购申请人,2024-01-13 05:33:56.176022,2024-01-13 06:25:36.176022,approve,3100000
PI-000289,purchase_requisition,PI-000289|A02,n_mgr_appr,Approve Requisition by Manager,userTask,2,TK-0001218,EMP-0046,部门经理,2024-01-13 07:05:50.392802,2024-01-13 08:37:26.392802,approve,5496000
PI-000289,purchase_requisition,PI-000289|A02,n_mgr_appr,Approve Requisition by Manager,userTask,2,TK-0001217,EMP-0044,部门经理,2024-01-13 08:00:18.375796,2024-01-13 12:28:08.375796,approve,16070000
PI-000289,purchase_requisition,PI-000289|A03,n_convert,Convert to Purchase Order,serviceTask,3,TK-0001219,EMP-0059,采购专员,2024-01-13 16:11:01.882054,2024-01-13 16:16:54.882054,approve,353000
PI-000290,purchase_order,PI-000290|A01,n_create_po,Create Purchase Order,serviceTask,1,TK-0001220,EMP-0057,采购专员,2024-01-14 11:29:56.622755,2024-01-14 11:43:54.622755,approve,838000
PI-000290,purchase_order,PI-000290|A02,n_send_po,Send Order to Supplier,serviceTask,2,TK-0001221,EMP-0061,采购专员,2024-01-14 14:17:14.731713,2024-01-14 14:25:20.731713,approve,486000
PI-000291,goods_receipt,PI-000291|A01,n_post_gr,Post Goods Receipt,serviceTask,1,TK-0001222,EMP-0062,仓储专员,2024-01-15 12:25:11.943123,2024-01-15 12:38:19.943123,approve,788000
PI-000291,goods_receipt,PI-000291|A02,n_inspect,Quality Inspection,userTask,2,TK-0001223,EMP-0071,质检员,2024-01-15 12:50:15.859543,2024-01-15 13:48:48.859543,approve,3513000
PI-000291,goods_receipt,PI-000291|A03,n_putaway,Putaway to Warehouse,serviceTask,3,TK-0001224,EMP-0063,仓储专员,2024-01-15 15:15:43.462197,2024-01-15 15:48:27.462197,approve,1964000
PI-000292,invoice_verification,PI-000292|A01,n_enter_inv,Enter Incoming Invoice,userTask,1,TK-0001225,EMP-0077,财务专员,2024-01-17 19:03:33.362570,2024-01-17 20:52:19.362570,approve,6526000
PI-000292,invoice_verification,PI-000292|A02,n_match,Three-Way Match,serviceTask,2,TK-0001226,EMP-0079,财务专员,2024-01-17 21:36:15.071498,2024-01-17 21:38:29.071498,reject,134000
PI-000292,invoice_verification,PI-000292|A03,n_park,Park Invoice,userTask,3,TK-0001227,EMP-0079,财务专员,2024-01-18 00:55:13.151512,2024-01-18 01:24:20.151512,approve,1747000
PI-000292,invoice_verification,PI-000292|A04,n_handle_exc,Handle Invoice Exception,userTask,4,TK-0001228,EMP-0080,财务专员,2024-01-18 02:57:12.994376,2024-01-18 04:08:20.994376,approve,4268000
PI-000292,invoice_verification,PI-000292|A05,n_match,Three-Way Match,serviceTask,5,TK-0001229,EMP-0079,财务专员,2024-01-18 06:31:15.850700,2024-01-18 06:33:09.850700,reject,114000
PI-000292,invoice_verification,PI-000292|A06,n_park,Park Invoice,userTask,6,TK-0001230,EMP-0080,财务专员,2024-01-18 08:11:45.974719,2024-01-18 08:29:46.974719,approve,1081000
PI-000292,invoice_verification,PI-000292|A07,n_handle_exc,Handle Invoice Exception,userTask,7,TK-0001231,EMP-0078,财务专员,2024-01-18 11:09:10.034743,2024-01-18 11:39:02.034743,approve,1792000
PI-000292,invoice_verification,PI-000292|A08,n_match,Three-Way Match,serviceTask,8,TK-0001232,EMP-0080,财务专员,2024-01-18 14:25:46.957781,2024-01-18 14:36:54.957781,approve,668000
PI-000292,invoice_verification,PI-000292|A09,n_appr_inv,Approve Invoice,userTask,9,TK-0001234,EMP-0083,应付会计,2024-01-18 14:44:53.120055,2024-01-18 15:10:13.120055,approve,1520000
PI-000292,invoice_verification,PI-000292|A09,n_appr_inv,Approve Invoice,userTask,9,TK-0001233,EMP-0087,应付会计,2024-01-18 15:26:15.534875,2024-01-18 16:31:00.534875,approve,3885000
PI-000292,invoice_verification,PI-000292|A10,n_pay,Post Payment,serviceTask,10,TK-0001235,EMP-0090,出纳,2024-01-18 16:53:35.556037,2024-01-18 17:20:42.556037,approve,1627000
PI-000292,invoice_verification,PI-000292|A11,n_clear,Clear Invoice,serviceTask,11,TK-0001236,EMP-0085,应付会计,2024-01-18 20:36:51.418126,2024-01-18 20:42:48.418126,approve,357000
PI-000293,purchase_requisition,PI-000293|A01,n_submit,Submit Purchase Requisition,userTask,1,TK-0001237,EMP-0029,采购申请人,2024-01-13 05:48:22.798137,2024-01-13 06:00:28.798137,approve,726000
PI-000293,purchase_requisition,PI-000293|A02,n_convert,Convert to Purchase Order,serviceTask,2,TK-0001238,EMP-0059,采购专员,2024-01-13 07:12:18.356183,2024-01-13 07:32:10.356183,approve,1192000
PI-000294,purchase_order,PI-000294|A01,n_create_po,Create Purchase Order,serviceTask,1,TK-0001239,EMP-0053,采购专员,2024-01-13 17:45:10.549411,2024-01-13 17:53:34.549411,approve,504000
PI-000294,purchase_order,PI-000294|A02,n_dir_appr,Approve Purchase Order by Director,userTask,2,TK-0001240,EMP-0051,采购总监,2024-01-13 21:45:51.400053,2024-01-13 22:29:23.400053,approve,2612000
PI-000294,purchase_order,PI-000294|A03,n_send_po,Send Order to Supplier,serviceTask,3,TK-0001241,EMP-0052,采购专员,2024-01-14 01:48:22.337125,2024-01-14 02:12:29.337125,approve,1447000
PI-000295,goods_receipt,PI-000295|A01,n_post_gr,Post Goods Receipt,serviceTask,1,TK-0001242,EMP-0067,仓储专员,2024-01-17 01:17:09.536547,2024-01-17 01:38:15.536547,approve,1266000
PI-000295,goods_receipt,PI-000295|A02,n_inspect,Quality Inspection,userTask,2,TK-0001243,EMP-0074,质检员,2024-01-17 03:31:31.318600,2024-01-17 05:28:16.318600,approve,7005000
PI-000295,goods_receipt,PI-000295|A03,n_putaway,Putaway to Warehouse,serviceTask,3,TK-0001244,EMP-0065,仓储专员,2024-01-17 07:49:04.493185,2024-01-17 08:02:37.493185,approve,813000
PI-000296,goods_receipt,PI-000296|A01,n_post_gr,Post Goods Receipt,serviceTask,1,TK-0001245,EMP-0065,仓储专员,2024-01-18 05:48:55.317599,2024-01-18 05:53:17.317599,approve,262000
PI-000296,goods_receipt,PI-000296|A02,n_inspect,Quality Inspection,userTask,2,TK-0001246,EMP-0073,质检员,2024-01-18 09:10:38.328962,2024-01-18 09:40:14.328962,approve,1776000
PI-000296,goods_receipt,PI-000296|A03,n_putaway,Putaway to Warehouse,serviceTask,3,TK-0001247,EMP-0067,仓储专员,2024-01-18 12:43:57.209175,2024-01-18 13:03:46.209175,approve,1189000
PI-000297,invoice_verification,PI-000297|A01,n_enter_inv,Enter Incoming Invoice,userTask,1,TK-0001248,EMP-0082,财务专员,2024-01-19 21:55:27.563432,2024-01-19 22:22:21.563432,approve,1614000
PI-000297,invoice_verification,PI-000297|A02,n_match,Three-Way Match,serviceTask,2,TK-0001249,EMP-0077,财务专员,2024-01-20 01:08:37.914030,2024-01-20 01:37:27.914030,approve,1730000
PI-000297,invoice_verification,PI-000297|A03,n_appr_inv,Approve Invoice,userTask,3,TK-0001250,EMP-0083,应付会计,2024-01-20 01:44:22.370779,2024-01-20 02:31:15.370779,approve,2813000
PI-000297,invoice_verification,PI-000297|A03,n_appr_inv,Approve Invoice,userTask,3,TK-0001251,EMP-0084,应付会计,2024-01-20 02:07:05.230705,2024-01-20 03:00:01.230705,approve,3176000
PI-000297,invoice_verification,PI-000297|A04,n_pay,Post Payment,serviceTask,4,TK-0001252,EMP-0090,出纳,2024-01-20 03:24:46.572108,2024-01-20 03:35:39.572108,approve,653000
PI-000297,invoice_verification,PI-000297|A05,n_clear,Clear Invoice,serviceTask,5,TK-0001253,EMP-0087,应付会计,2024-01-20 04:59:05.299123,2024-01-20 05:04:26.299123,approve,321000
PI-000298,purchase_requisition,PI-000298|A01,n_submit,Submit Purchase Requisition,userTask,1,TK-0001254,EMP-0028,采购申请人,2024-01-13 08:18:25.483400,2024-01-13 08:51:06.483400,approve,1961000
PI-000298,purchase_requisition,PI-000298|A02,n_mgr_appr,Approve Requisition by Manager,userTask,2,TK-0001256,EMP-0041,部门经理,2024-01-13 08:56:55.632303,2024-01-13 09:29:12.632303,approve,1937000
PI-000298,purchase_requisition,PI-000298|A02,n_mgr_appr,Approve Requisition by Manager,userTask,2,TK-0001255,EMP-0044,部门经理,2024-01-13 09:02:13.134020,2024-01-13 09:30:16.134020,approve,1683000
PI-000298,purchase_requisition,PI-000298|A03,n_convert,Convert to Purchase Order,serviceTask,3,TK-0001257,EMP-0058,采购专员,2024-01-13 11:07:35.818512,2024-01-13 11:23:21.818512,approve,946000
PI-000299,purchase_order,PI-000299|A01,n_create_po,Create Purchase Order,serviceTask,1,TK-0001258,EMP-0055,采购专员,2024-01-14 06:00:29.175290,2024-01-14 06:19:57.175290,approve,1168000
PI-000299,purchase_order,PI-000299|A02,n_dir_appr,Approve Purchase Order by Director,userTask,2,TK-0001259,EMP-0051,采购总监,2024-01-14 08:16:29.045030,2024-01-14 09:27:07.045030,approve,4238000
PI-000299,purchase_order,PI-000299|A03,n_send_po,Send Order to Supplier,serviceTask,3,TK-0001260,EMP-0052,采购专员,2024-01-14 11:51:42.517718,2024-01-14 11:56:36.517718,approve,294000
PI-000300,goods_receipt,PI-000300|A01,n_post_gr,Post Goods Receipt,serviceTask,1,TK-0001261,EMP-0067,仓储专员,2024-01-14 22:22:23.753192,2024-01-14 22:29:11.753192,approve,408000
PI-000300,goods_receipt,PI-000300|A02,n_inspect,Quality Inspection,userTask,2,TK-0001262,EMP-0072,质检员,2024-01-14 23:44:57.743055,2024-01-15 00:14:41.743055,reject,1784000
PI-000300,goods_receipt,PI-000300|A03,n_return,Return to Supplier,serviceTask,3,TK-0001263,EMP-0069,仓储专员,2024-01-15 00:46:11.674105,2024-01-15 02:05:43.674105,approve,4772000
PI-000301,invoice_verification,PI-000301|A01,n_enter_inv,Enter Incoming Invoice,userTask,1,TK-0001264,EMP-0082,财务专员,2024-01-18 10:47:11.052930,2024-01-18 11:21:08.052930,approve,2037000
PI-000301,invoice_verification,PI-000301|A02,n_match,Three-Way Match,serviceTask,2,TK-0001265,EMP-0076,财务专员,2024-01-18 12:11:41.226715,2024-01-18 12:13:32.226715,approve,111000
PI-000301,invoice_verification,PI-000301|A03,n_appr_inv,Approve Invoice,userTask,3,TK-0001267,EMP-0086,应付会计,2024-01-18 12:26:35.419587,2024-01-18 13:35:27.419587,approve,4132000
PI-000301,invoice_verification,PI-000301|A03,n_appr_inv,Approve Invoice,userTask,3,TK-0001266,EMP-0085,应付会计,2024-01-18 13:26:17.346805,2024-01-18 15:10:57.346805,approve,6280000
PI-000301,invoice_verification,PI-000301|A04,n_pay,Post Payment,serviceTask,4,TK-0001268,EMP-0088,出纳,2024-01-18 16:57:49.127491,2024-01-18 17:00:01.127491,approve,132000
PI-000301,invoice_verification,PI-000301|A05,n_clear,Clear Invoice,serviceTask,5,TK-0001269,EMP-0085,应付会计,2024-01-18 17:30:54.814635,2024-01-18 17:32:29.814635,approve,95000
PI-000302,purchase_requisition,PI-000302|A01,n_submit,Submit Purchase Requisition,userTask,1,TK-0001270,EMP-0036,采购申请人,2024-01-13 13:23:14.401208,2024-01-13 13:36:24.401208,approve,790000
PI-000302,purchase_requisition,PI-000302|A02,n_mgr_appr,Approve Requisition by Manager,userTask,2,TK-0001271,EMP-0041,部门经理,2024-01-13 13:57:14.660821,2024-01-13 15:00:47.660821,approve,3813000
PI-000302,purchase_requisition,PI-000302|A02,n_mgr_appr,Approve Requisition by Manager,userTask,2,TK-0001272,EMP-0043,部门经理,2024-01-13 14:10:55.808127,2024-01-13 14:22:56.808127,approve,721000
PI-000302,purchase_requisition,PI-000302|A03,n_convert,Convert to Purchase Order,serviceTask,3,TK-0001273,EMP-0056,采购专员,2024-01-13 15:57:13.555314,2024-01-13 16:06:43.555314,approve,570000
PI-000303,purchase_order,PI-000303|A01,n_create_po,Create Purchase Order,serviceTask,1,TK-0001274,EMP-0056,采购专员,2024-01-13 20:29:51.114877,2024-01-13 20:46:18.114877,approve,987000
PI-000303,purchase_order,PI-000303|A02,n_dir_appr,Approve Purchase Order by Director,userTask,2,TK-0001275,EMP-0051,采购总监,2024-01-13 21:34:23.662510,2024-01-13 22:06:41.662510,approve,1938000
PI-000303,purchase_order,PI-000303|A03,n_send_po,Send Order to Supplier,serviceTask,3,TK-0001276,EMP-0057,采购专员,2024-01-14 00:01:45.804638,2024-01-14 00:06:03.804638,approve,258000
PI-000304,goods_receipt,PI-000304|A01,n_post_gr,Post Goods Receipt,serviceTask,1,TK-0001277,EMP-0065,仓储专员,2024-01-14 14:17:53.919673,2024-01-14 14:25:54.919673,approve,481000
PI-000304,goods_receipt,PI-000304|A02,n_inspect,Quality Inspection,userTask,2,TK-0001278,EMP-0070,质检员,2024-01-14 17:28:25.145617,2024-01-14 18:04:40.145617,approve,2175000
PI-000304,goods_receipt,PI-000304|A03,n_putaway,Putaway to Warehouse,serviceTask,3,TK-0001279,EMP-0069,仓储专员,2024-01-14 21:26:52.837958,2024-01-14 21:42:00.837958,approve,908000
PI-000305,goods_receipt,PI-000305|A01,n_post_gr,Post Goods Receipt,serviceTask,1,TK-0001280,EMP-0067,仓储专员,2024-01-17 12:42:16.580793,2024-01-17 12:46:17.580793,approve,241000
PI-000305,goods_receipt,PI-000305|A02,n_inspect,Quality Inspection,userTask,2,TK-0001281,EMP-0071,质检员,2024-01-17 14:52:36.903615,2024-01-17 20:52:36.903615,approve,21600000
PI-000305,goods_receipt,PI-000305|A03,n_putaway,Putaway to Warehouse,serviceTask,3,TK-0001282,EMP-0064,仓储专员,2024-01-17 22:08:19.483758,2024-01-17 22:47:01.483758,approve,2322000
PI-000306,invoice_verification,PI-000306|A01,n_enter_inv,Enter Incoming Invoice,userTask,1,TK-0001283,EMP-0082,财务专员,2024-01-18 14:11:59.393469,2024-01-18 14:37:16.393469,approve,1517000
PI-000306,invoice_verification,PI-000306|A02,n_match,Three-Way Match,serviceTask,2,TK-0001284,EMP-0082,财务专员,2024-01-18 18:33:12.410825,2024-01-18 18:44:09.410825,approve,657000
PI-000306,invoice_verification,PI-000306|A03,n_appr_inv,Approve Invoice,userTask,3,TK-0001286,EMP-0084,应付会计,2024-01-18 19:29:10.404052,2024-01-18 20:24:48.404052,approve,3338000
PI-000306,invoice_verification,PI-000306|A03,n_appr_inv,Approve Invoice,userTask,3,TK-0001285,EMP-0086,应付会计,2024-01-18 20:02:19.171262,2024-01-18 21:05:07.171262,approve,3768000
PI-000306,invoice_verification,PI-000306|A04,n_pay,Post Payment,serviceTask,4,TK-0001287,EMP-0090,出纳,2024-01-18 21:33:37.448829,2024-01-18 21:47:49.448829,approve,852000
PI-000306,invoice_verification,PI-000306|A05,n_clear,Clear Invoice,serviceTask,5,TK-0001288,EMP-0086,应付会计,2024-01-19 00:36:46.351949,2024-01-19 00:39:26.351949,approve,160000
PI-000307,purchase_requisition,PI-000307|A01,n_submit,Submit Purchase Requisition,userTask,1,TK-0001289,EMP-0030,采购申请人,2024-01-13 11:35:02.870346,2024-01-13 12:17:22.870346,approve,2540000
PI-000307,purchase_requisition,PI-000307|A02,n_convert,Convert to Purchase Order,serviceTask,2,TK-0001290,EMP-0057,采购专员,2024-01-13 16:08:38.301351,2024-01-13 16:17:20.301351,approve,522000
PI-000308,purchase_order,PI-000308|A01,n_create_po,Create Purchase Order,serviceTask,1,TK-0001291,EMP-0061,采购专员,2024-01-13 22:18:06.741506,2024-01-13 23:08:28.741506,approve,3022000
PI-000308,purchase_order,PI-000308|A02,n_dir_appr,Approve Purchase Order by Director,userTask,2,TK-0001292,EMP-0050,采购总监,2024-01-13 23:29:30.504049,2024-01-14 02:47:40.504049,approve,11890000
PI-000308,purchase_order,PI-000308|A03,n_send_po,Send Order to Supplier,serviceTask,3,TK-0001293,EMP-0054,采购专员,2024-01-14 05:08:02.653307,2024-01-14 05:13:12.653307,approve,310000
PI-000309,goods_receipt,PI-000309|A01,n_post_gr,Post Goods Receipt,serviceTask,1,TK-0001294,EMP-0063,仓储专员,2024-01-14 20:24:07.949289,2024-01-14 20:40:36.949289,approve,989000
PI-000309,goods_receipt,PI-000309|A02,n_inspect,Quality Inspection,userTask,2,TK-0001295,EMP-0071,质检员,2024-01-14 21:10:23.537800,2024-01-14 22:27:24.537800,approve,4621000
PI-000309,goods_receipt,PI-000309|A03,n_putaway,Putaway to Warehouse,serviceTask,3,TK-0001296,EMP-0062,仓储专员,2024-01-15 02:09:26.604721,2024-01-15 02:24:08.604721,approve,882000
PI-000310,invoice_verification,PI-000310|A01,n_enter_inv,Enter Incoming Invoice,userTask,1,TK-0001297,EMP-0082,财务专员,2024-01-16 08:18:49.473260,2024-01-16 08:25:46.473260,approve,417000
PI-000310,invoice_verification,PI-000310|A02,n_match,Three-Way Match,serviceTask,2,TK-0001298,EMP-0078,财务专员,2024-01-16 08:50:59.331268,2024-01-16 09:08:08.331268,approve,1029000
PI-000310,invoice_verification,PI-000310|A03,n_appr_inv,Approve Invoice,userTask,3,TK-0001300,EMP-0087,应付会计,2024-01-16 09:46:00.637714,2024-01-16 10:40:15.637714,approve,3255000
PI-000310,invoice_verification,PI-000310|A03,n_appr_inv,Approve Invoice,userTask,3,TK-0001299,EMP-0084,应付会计,2024-01-16 10:18:43.884747,2024-01-16 11:06:20.884747,approve,2857000
PI-000310,invoice_verification,PI-000310|A04,n_pay,Post Payment,serviceTask,4,TK-0001301,EMP-0089,出纳,2024-01-16 13:38:20.021627,2024-01-16 14:12:21.021627,approve,2041000
PI-000310,invoice_verification,PI-000310|A05,n_clear,Clear Invoice,serviceTask,5,TK-0001302,EMP-0087,应付会计,2024-01-16 15:27:26.022089,2024-01-16 15:30:44.022089,approve,198000
PI-000311,purchase_requisition,PI-000311|A01,n_submit,Submit Purchase Requisition,userTask,1,TK-0001303,EMP-0015,采购申请人,2024-01-13 17:31:17.624954,2024-01-13 18:17:35.624954,approve,2778000
PI-000311,purchase_requisition,PI-000311|A02,n_mgr_appr,Approve Requisition by Manager,userTask,2,TK-0001305,EMP-0045,部门经理,2024-01-13 18:21:19.948497,2024-01-13 19:07:26.948497,approve,2767000
PI-000311,purchase_requisition,PI-000311|A02,n_mgr_appr,Approve Requisition by Manager,userTask,2,TK-0001304,EMP-0042,部门经理,2024-01-13 19:16:45.378030,2024-01-13 21:15:12.378030,approve,7107000
PI-000311,purchase_requisition,PI-000311|A03,n_convert,Convert to Purchase Order,serviceTask,3,TK-0001306,EMP-0054,采购专员,2024-01-13 22:08:12.067669,2024-01-13 22:25:50.067669,approve,1058000
PI-000312,purchase_order,PI-000312|A01,n_create_po,Create Purchase Order,serviceTask,1,TK-0001307,EMP-0053,采购专员,2024-01-14 20:43:31.346660,2024-01-14 21:03:50.346660,approve,1219000
PI-000312,purchase_order,PI-000312|A02,n_dir_appr,Approve Purchase Order by Director,userTask,2,TK-0001308,EMP-0050,采购总监,2024-01-14 23:58:49.296492,2024-01-15 00:33:48.296492,approve,2099000
PI-000312,purchase_order,PI-000312|A03,n_send_po,Send Order to Supplier,serviceTask,3,TK-0001309,EMP-0059,采购专员,2024-01-15 01:50:06.495249,2024-01-15 02:18:38.495249,approve,1712000
PI-000313,goods_receipt,PI-000313|A01,n_post_gr,Post Goods Receipt,serviceTask,1,TK-0001310,EMP-0068,仓储专员,2024-01-17 12:44:19.099953,2024-01-17 12:57:09.099953,approve,770000
PI-000313,goods_receipt,PI-000313|A02,n_inspect,Quality Inspection,userTask,2,TK-0001311,EMP-0072,质检员,2024-01-17 14:24:49.326206,2024-01-17 14:56:38.326206,approve,1909000
PI-000313,goods_receipt,PI-000313|A03,n_putaway,Putaway to Warehouse,serviceTask,3,TK-0001312,EMP-0062,仓储专员,2024-01-17 18:54:30.562391,2024-01-17 19:11:51.562391,approve,1041000
PI-000314,invoice_verification,PI-000314|A01,n_enter_inv,Enter Incoming Invoice,userTask,1,TK-0001313,EMP-0081,财务专员,2024-01-19 05:29:17.689914,2024-01-19 05:42:14.689914,approve,777000
PI-000314,invoice_verification,PI-000314|A02,n_match,Three-Way Match,serviceTask,2,TK-0001314,EMP-0080,财务专员,2024-01-19 09:18:11.416388,2024-01-19 09:35:32.416388,approve,1041000
PI-000314,invoice_verification,PI-000314|A03,n_appr_inv,Approve Invoice,userTask,3,TK-0001316,EMP-0085,应付会计,2024-01-19 09:57:38.707763,2024-01-19 10:03:21.707763,approve,343000
PI-000314,invoice_verification,PI-000314|A03,n_appr_inv,Approve Invoice,userTask,3,TK-0001315,EMP-0084,应付会计,2024-01-19 10:17:12.543137,2024-01-19 11:10:03.543137,approve,3171000
PI-000314,invoice_verification,PI-000314|A04,n_pay,Post Payment,serviceTask,4,TK-0001317,EMP-0088,出纳,2024-01-19 12:02:53.667722,2024-01-19 12:06:18.667722,approve,205000
PI-000314,invoice_verification,PI-000314|A05,n_clear,Clear Invoice,serviceTask,5,TK-0001318,EMP-0085,应付会计,2024-01-19 15:01:39.909397,2024-01-19 15:05:02.909397,approve,203000
PI-000315,purchase_requisition,PI-000315|A01,n_submit,Submit Purchase Requisition,userTask,1,TK-0001319,EMP-0002,采购申请人,2024-01-13 23:36:54.025536,2024-01-14 00:26:48.025536,approve,2994000
PI-000315,purchase_requisition,PI-000315|A02,n_mgr_appr,Approve Requisition by Manager,userTask,2,TK-0001321,EMP-0048,部门经理,2024-01-14 00:46:29.940829,2024-01-14 01:51:15.940829,approve,3886000
PI-000315,purchase_requisition,PI-000315|A02,n_mgr_appr,Approve Requisition by Manager,userTask,2,TK-0001320,EMP-0044,部门经理,2024-01-14 00:53:00.570434,2024-01-14 01:47:58.570434,approve,3298000
PI-000315,purchase_requisition,PI-000315|A03,n_convert,Convert to Purchase Order,serviceTask,3,TK-0001322,EMP-0057,采购专员,2024-01-14 05:33:05.992256,2024-01-14 05:48:45.992256,approve,940000
PI-000316,purchase_order,PI-000316|A01,n_create_po,Create Purchase Order,serviceTask,1,TK-0001323,EMP-0058,采购专员,2024-01-15 07:55:29.080231,2024-01-15 08:13:16.080231,approve,1067000
PI-000316,purchase_order,PI-000316|A02,n_dir_appr,Approve Purchase Order by Director,userTask,2,TK-0001324,EMP-0049,采购总监,2024-01-15 08:49:15.485483,2024-01-15 09:35:54.485483,approve,2799000
PI-000316,purchase_order,PI-000316|A03,n_send_po,Send Order to Supplier,serviceTask,3,TK-0001325,EMP-0061,采购专员,2024-01-15 10:45:21.690813,2024-01-15 10:48:48.690813,approve,207000
PI-000317,goods_receipt,PI-000317|A01,n_post_gr,Post Goods Receipt,serviceTask,1,TK-0001326,EMP-0064,仓储专员,2024-01-17 12:53:22.065227,2024-01-17 12:58:24.065227,approve,302000
PI-000317,goods_receipt,PI-000317|A02,n_inspect,Quality Inspection,userTask,2,TK-0001327,EMP-0073,质检员,2024-01-17 13:17:10.111414,2024-01-17 14:50:23.111414,approve,5593000
PI-000317,goods_receipt,PI-000317|A03,n_putaway,Putaway to Warehouse,serviceTask,3,TK-0001328,EMP-0063,仓储专员,2024-01-17 16:38:53.308592,2024-01-17 16:46:33.308592,approve,460000
PI-000318,invoice_verification,PI-000318|A01,n_enter_inv,Enter Incoming Invoice,userTask,1,TK-0001329,EMP-0075,财务专员,2024-01-18 18:00:43.235044,2024-01-18 18:32:06.235044,approve,1883000
PI-000318,invoice_verification,PI-000318|A02,n_match,Three-Way Match,serviceTask,2,TK-0001330,EMP-0080,财务专员,2024-01-18 18:46:57.808820,2024-01-18 18:57:30.808820,approve,633000
PI-000318,invoice_verification,PI-000318|A03,n_appr_inv,Approve Invoice,userTask,3,TK-0001332,EMP-0085,应付会计,2024-01-18 19:05:50.697726,2024-01-18 19:56:18.697726,approve,3028000
PI-000318,invoice_verification,PI-000318|A03,n_appr_inv,Approve Invoice,userTask,3,TK-0001331,EMP-0083,应付会计,2024-01-18 20:04:39.854166,2024-01-18 20:29:07.854166,approve,1468000
PI-000318,invoice_verification,PI-000318|A04,n_pay,Post Payment,serviceTask,4,TK-0001333,EMP-0088,出纳,2024-01-18 21:50:41.479716,2024-01-18 21:55:42.479716,approve,301000
PI-000318,invoice_verification,PI-000318|A05,n_clear,Clear Invoice,serviceTask,5,TK-0001334,EMP-0086,应付会计,2024-01-19 01:26:32.008966,2024-01-19 01:29:42.008966,approve,190000
PI-000319,purchase_requisition,PI-000319|A01,n_submit,Submit Purchase Requisition,userTask,1,TK-0001335,EMP-0027,采购申请人,2024-01-14 02:56:06.134983,2024-01-14 03:06:21.134983,approve,615000
PI-000319,purchase_requisition,PI-000319|A02,n_mgr_appr,Approve Requisition by Manager,userTask,2,TK-0001336,EMP-0044,部门经理,2024-01-14 03:47:21.564767,2024-01-14 06:31:10.564767,approve,9829000
PI-000319,purchase_requisition,PI-000319|A02,n_mgr_appr,Approve Requisition by Manager,userTask,2,TK-0001337,EMP-0047,部门经理,2024-01-14 03:53:47.600658,2024-01-14 04:36:07.600658,approve,2540000
PI-000319,purchase_requisition,PI-000319|A03,n_convert,Convert to Purchase Order,serviceTask,3,TK-0001338,EMP-0053,采购专员,2024-01-14 10:20:38.593590,2024-01-14 10:38:38.593590,approve,1080000
PI-000320,purchase_order,PI-000320|A01,n_create_po,Create Purchase Order,serviceTask,1,TK-0001339,EMP-0056,采购专员,2024-01-15 00:18:56.733072,2024-01-15 01:00:22.733072,approve,2486000
PI-000320,purchase_order,PI-000320|A02,n_dir_appr,Approve Purchase Order by Director,userTask,2,TK-0001340,EMP-0049,采购总监,2024-01-15 02:52:29.811622,2024-01-15 04:58:32.811622,approve,7563000
PI-000320,purchase_order,PI-000320|A03,n_send_po,Send Order to Supplier,serviceTask,3,TK-0001341,EMP-0058,采购专员,2024-01-15 06:28:35.335976,2024-01-15 06:32:04.335976,approve,209000
PI-000321,goods_receipt,PI-000321|A01,n_post_gr,Post Goods Receipt,serviceTask,1,TK-0001342,EMP-0064,仓储专员,2024-01-16 04:19:37.297417,2024-01-16 04:42:03.297417,approve,1346000
PI-000321,goods_receipt,PI-000321|A02,n_inspect,Quality Inspection,userTask,2,TK-0001343,EMP-0072,质检员,2024-01-16 06:00:48.502596,2024-01-16 06:19:41.502596,approve,1133000
PI-000321,goods_receipt,PI-000321|A03,n_putaway,Putaway to Warehouse,serviceTask,3,TK-0001344,EMP-0065,仓储专员,2024-01-16 09:56:09.704398,2024-01-16 10:12:19.704398,approve,970000
PI-000322,invoice_verification,PI-000322|A01,n_enter_inv,Enter Incoming Invoice,userTask,1,TK-0001345,EMP-0081,财务专员,2024-01-17 05:02:40.922569,2024-01-17 05:28:38.922569,approve,1558000
PI-000322,invoice_verification,PI-000322|A02,n_match,Three-Way Match,serviceTask,2,TK-0001346,EMP-0077,财务专员,2024-01-17 07:08:11.599415,2024-01-17 07:18:19.599415,approve,608000
PI-000322,invoice_verification,PI-000322|A03,n_appr_inv,Approve Invoice,userTask,3,TK-0001348,EMP-0083,应付会计,2024-01-17 07:44:02.483458,2024-01-17 08:18:44.483458,approve,2082000
PI-000322,invoice_verification,PI-000322|A03,n_appr_inv,Approve Invoice,userTask,3,TK-0001347,EMP-0087,应付会计,2024-01-17 09:17:39.124730,2024-01-17 09:54:06.124730,approve,2187000
PI-000322,invoice_verification,PI-000322|A04,n_pay,Post Payment,serviceTask,4,TK-0001349,EMP-0089,出纳,2024-01-17 12:43:37.727793,2024-01-17 13:16:43.727793,approve,1986000
PI-000322,invoice_verification,PI-000322|A05,n_clear,Clear Invoice,serviceTask,5,TK-0001350,EMP-0087,应付会计,2024-01-17 13:41:25.159620,2024-01-17 14:00:43.159620,approve,1158000
PI-000323,purchase_requisition,PI-000323|A01,n_submit,Submit Purchase Requisition,userTask,1,TK-0001351,EMP-0025,采购申请人,2024-01-14 08:25:22.970297,2024-01-14 09:03:41.970297,approve,2299000
PI-000323,purchase_requisition,PI-000323|A02,n_mgr_appr,Approve Requisition by Manager,userTask,2,TK-0001354,EMP-0044,部门经理,2024-01-14 09:39:03.449921,2024-01-14 10:49:02.449921,approve,4199000
PI-000323,purchase_requisition,PI-000323|A02,n_mgr_appr,Approve Requisition by Manager,userTask,2,TK-0001352,EMP-0045,部门经理,2024-01-14 09:45:20.160574,2024-01-14 10:23:33.160574,approve,2293000
PI-000323,purchase_requisition,PI-000323|A02,n_mgr_appr,Approve Requisition by Manager,userTask,2,TK-0001353,EMP-0043,部门经理,2024-01-14 09:52:54.645684,2024-01-14 10:22:01.645684,approve,1747000
PI-000323,purchase_requisition,PI-000323|A03,n_convert,Convert to Purchase Order,serviceTask,3,TK-0001355,EMP-0056,采购专员,2024-01-14 12:48:24.013650,2024-01-14 12:55:06.013650,approve,402000
PI-000324,purchase_order,PI-000324|A01,n_create_po,Create Purchase Order,serviceTask,1,TK-0001356,EMP-0060,采购专员,2024-01-14 19:46:18.470851,2024-01-14 20:36:06.470851,approve,2988000
PI-000324,purchase_order,PI-000324|A02,n_dir_appr,Approve Purchase Order by Director,userTask,2,TK-0001357,EMP-0049,采购总监,2024-01-14 22:07:56.992730,2024-01-14 23:24:42.992730,approve,4606000
PI-000324,purchase_order,PI-000324|A03,n_send_po,Send Order to Supplier,serviceTask,3,TK-0001358,EMP-0053,采购专员,2024-01-15 02:18:02.130549,2024-01-15 02:30:35.130549,approve,753000
PI-000325,goods_receipt,PI-000325|A01,n_post_gr,Post Goods Receipt,serviceTask,1,TK-0001359,EMP-0065,仓储专员,2024-01-17 15:41:48.481495,2024-01-17 15:49:40.481495,approve,472000
PI-000325,goods_receipt,PI-000325|A02,n_inspect,Quality Inspection,userTask,2,TK-0001360,EMP-0074,质检员,2024-01-17 18:32:36.830311,2024-01-17 19:19:02.830311,approve,2786000
PI-000325,goods_receipt,PI-000325|A03,n_putaway,Putaway to Warehouse,serviceTask,3,TK-0001361,EMP-0062,仓储专员,2024-01-17 23:07:06.304194,2024-01-17 23:43:50.304194,approve,2204000
PI-000326,goods_receipt,PI-000326|A01,n_post_gr,Post Goods Receipt,serviceTask,1,TK-0001362,EMP-0069,仓储专员,2024-01-18 13:31:16.102405,2024-01-18 13:34:58.102405,approve,222000
PI-000326,goods_receipt,PI-000326|A02,n_inspect,Quality Inspection,userTask,2,TK-0001363,EMP-0073,质检员,2024-01-18 16:21:38.643806,2024-01-18 17:26:42.643806,approve,3904000
PI-000326,goods_receipt,PI-000326|A03,n_putaway,Putaway to Warehouse,serviceTask,3,TK-0001364,EMP-0064,仓储专员,2024-01-18 20:58:00.887875,2024-01-18 21:42:33.887875,approve,2673000
PI-000327,invoice_verification,PI-000327|A01,n_enter_inv,Enter Incoming Invoice,userTask,1,TK-0001365,EMP-0079,财务专员,2024-01-20 13:42:16.394776,2024-01-20 14:05:14.394776,approve,1378000
PI-000327,invoice_verification,PI-000327|A02,n_match,Three-Way Match,serviceTask,2,TK-0001366,EMP-0080,财务专员,2024-01-20 16:45:29.036097,2024-01-20 16:51:23.036097,reject,354000
PI-000327,invoice_verification,PI-000327|A03,n_park,Park Invoice,userTask,3,TK-0001367,EMP-0082,财务专员,2024-01-20 19:17:37.965060,2024-01-20 19:42:49.965060,approve,1512000
PI-000327,invoice_verification,PI-000327|A04,n_handle_exc,Handle Invoice Exception,userTask,4,TK-0001368,EMP-0078,财务专员,2024-01-20 23:16:56.294706,2024-01-21 00:50:17.294706,approve,5601000
PI-000327,invoice_verification,PI-000327|A05,n_match,Three-Way Match,serviceTask,5,TK-0001369,EMP-0082,财务专员,2024-01-21 02:35:12.604563,2024-01-21 02:41:06.604563,approve,354000
PI-000327,invoice_verification,PI-000327|A06,n_appr_inv,Approve Invoice,userTask,6,TK-0001371,EMP-0086,应付会计,2024-01-21 02:55:04.183422,2024-01-21 03:56:19.183422,approve,3675000
PI-000327,invoice_verification,PI-000327|A06,n_appr_inv,Approve Invoice,userTask,6,TK-0001370,EMP-0085,应付会计,2024-01-21 03:33:14.304210,2024-01-21 04:28:44.304210,approve,3330000
PI-000327,invoice_verification,PI-000327|A07,n_pay,Post Payment,serviceTask,7,TK-0001372,EMP-0088,出纳,2024-01-21 08:17:03.231951,2024-01-21 08:21:48.231951,approve,285000
PI-000327,invoice_verification,PI-000327|A08,n_clear,Clear Invoice,serviceTask,8,TK-0001373,EMP-0085,应付会计,2024-01-21 12:01:10.654711,2024-01-21 12:13:27.654711,approve,737000
PI-000328,purchase_requisition,PI-000328|A01,n_submit,Submit Purchase Requisition,userTask,1,TK-0001374,EMP-0024,采购申请人,2024-01-14 13:30:31.721562,2024-01-14 14:06:39.721562,approve,2168000
PI-000328,purchase_requisition,PI-000328|A02,n_mgr_appr,Approve Requisition by Manager,userTask,2,TK-0001376,EMP-0048,部门经理,2024-01-14 14:37:44.939198,2024-01-14 16:17:17.939198,approve,5973000
PI-000328,purchase_requisition,PI-000328|A02,n_mgr_appr,Approve Requisition by Manager,userTask,2,TK-0001375,EMP-0041,部门经理,2024-01-14 15:48:53.547101,2024-01-14 17:43:29.547101,approve,6876000
PI-000328,purchase_requisition,PI-000328|A03,n_convert,Convert to Purchase Order,serviceTask,3,TK-0001377,EMP-0058,采购专员,2024-01-14 20:22:28.938120,2024-01-14 20:29:51.938120,approve,443000
PI-000329,purchase_order,PI-000329|A01,n_create_po,Create Purchase Order,serviceTask,1,TK-0001378,EMP-0057,采购专员,2024-01-15 12:58:48.099048,2024-01-15 13:21:36.099048,approve,1368000
PI-000329,purchase_order,PI-000329|A02,n_dir_appr,Approve Purchase Order by Director,userTask,2,TK-0001379,EMP-0051,采购总监,2024-01-15 15:17:22.844027,2024-01-15 16:25:37.844027,approve,4095000
PI-000329,purchase_order,PI-000329|A03,n_send_po,Send Order to Supplier,serviceTask,3,TK-0001380,EMP-0059,采购专员,2024-01-15 17:37:28.208123,2024-01-15 17:45:39.208123,approve,491000
PI-000330,goods_receipt,PI-000330|A01,n_post_gr,Post Goods Receipt,serviceTask,1,TK-0001381,EMP-0066,仓储专员,2024-01-16 23:02:01.598202,2024-01-16 23:08:42.598202,approve,401000
PI-000330,goods_receipt,PI-000330|A02,n_inspect,Quality Inspection,userTask,2,TK-0001382,EMP-0071,质检员,2024-01-16 23:33:25.429967,2024-01-16 23:55:21.429967,approve,1316000
PI-000330,goods_receipt,PI-000330|A03,n_putaway,Putaway to Warehouse,serviceTask,3,TK-0001383,EMP-0065,仓储专员,2024-01-17 00:14:12.384679,2024-01-17 00:43:47.384679,approve,1775000
PI-000331,invoice_verification,PI-000331|A01,n_enter_inv,Enter Incoming Invoice,userTask,1,TK-0001384,EMP-0075,财务专员,2024-01-20 13:47:13.625768,2024-01-20 13:58:28.625768,approve,675000
PI-000331,invoice_verification,PI-000331|A02,n_match,Three-Way Match,serviceTask,2,TK-0001385,EMP-0078,财务专员,2024-01-20 15:19:06.540971,2024-01-20 15:32:30.540971,approve,804000
PI-000331,invoice_verification,PI-000331|A03,n_appr_inv,Approve Invoice,userTask,3,TK-0001387,EMP-0086,应付会计,2024-01-20 15:43:54.625009,2024-01-20 16:55:22.625009,approve,4288000
PI-000331,invoice_verification,PI-000331|A03,n_appr_inv,Approve Invoice,userTask,3,TK-0001386,EMP-0083,应付会计,2024-01-20 16:57:55.404362,2024-01-20 17:24:58.404362,approve,1623000
PI-000331,invoice_verification,PI-000331|A04,n_pay,Post Payment,serviceTask,4,TK-0001388,EMP-0088,出纳,2024-01-20 17:39:09.177826,2024-01-20 17:49:54.177826,approve,645000
PI-000331,invoice_verification,PI-000331|A05,n_clear,Clear Invoice,serviceTask,5,TK-0001389,EMP-0086,应付会计,2024-01-20 18:27:46.279812,2024-01-20 18:40:45.279812,approve,779000
PI-000332,purchase_requisition,PI-000332|A01,n_submit,Submit Purchase Requisition,userTask,1,TK-0001390,EMP-0019,采购申请人,2024-01-14 17:16:00.485312,2024-01-14 17:43:24.485312,approve,1644000
PI-000332,purchase_requisition,PI-000332|A02,n_mgr_appr,Approve Requisition by Manager,userTask,2,TK-0001393,EMP-0047,部门经理,2024-01-14 18:03:50.039652,2024-01-14 18:32:49.039652,approve,1739000
PI-000332,purchase_requisition,PI-000332|A02,n_mgr_appr,Approve Requisition by Manager,userTask,2,TK-0001391,EMP-0045,部门经理,2024-01-14 18:12:37.743523,2024-01-14 18:39:26.743523,approve,1609000
PI-000332,purchase_requisition,PI-000332|A02,n_mgr_appr,Approve Requisition by Manager,userTask,2,TK-0001392,EMP-0044,部门经理,2024-01-14 18:43:11.214466,2024-01-14 20:21:12.214466,approve,5881000
PI-000332,purchase_requisition,PI-000332|A03,n_convert,Convert to Purchase Order,serviceTask,3,TK-0001394,EMP-0055,采购专员,2024-01-14 21:13:01.888168,2024-01-14 21:17:04.888168,approve,243000
PI-000333,purchase_order,PI-000333|A01,n_create_po,Create Purchase Order,serviceTask,1,TK-0001395,EMP-0056,采购专员,2024-01-15 01:24:52.880418,2024-01-15 02:08:19.880418,approve,2607000
PI-000333,purchase_order,PI-000333|A02,n_send_po,Send Order to Supplier,serviceTask,2,TK-0001396,EMP-0058,采购专员,2024-01-15 05:52:53.622088,2024-01-15 05:59:01.622088,approve,368000
PI-000334,goods_receipt,PI-000334|A01,n_post_gr,Post Goods Receipt,serviceTask,1,TK-0001397,EMP-0068,仓储专员,2024-01-16 03:45:57.160259,2024-01-16 04:12:40.160259,approve,1603000
PI-000334,goods_receipt,PI-000334|A02,n_inspect,Quality Inspection,userTask,2,TK-0001398,EMP-0074,质检员,2024-01-16 06:54:45.966740,2024-01-16 07:38:03.966740,approve,2598000
PI-000334,goods_receipt,PI-000334|A03,n_putaway,Putaway to Warehouse,serviceTask,3,TK-0001399,EMP-0063,仓储专员,2024-01-16 11:21:30.581057,2024-01-16 11:56:44.581057,approve,2114000
PI-000335,invoice_verification,PI-000335|A01,n_enter_inv,Enter Incoming Invoice,userTask,1,TK-0001400,EMP-0082,财务专员,2024-01-21 10:11:48.850081,2024-01-21 10:35:36.850081,approve,1428000
PI-000335,invoice_verification,PI-000335|A02,n_match,Three-Way Match,serviceTask,2,TK-0001401,EMP-0081,财务专员,2024-01-21 12:09:16.914759,2024-01-21 12:15:25.914759,approve,369000
PI-000335,invoice_verification,PI-000335|A03,n_appr_inv,Approve Invoice,userTask,3,TK-0001403,EMP-0084,应付会计,2024-01-21 12:49:56.405571,2024-01-21 13:37:11.405571,approve,2835000
PI-000335,invoice_verification,PI-000335|A03,n_appr_inv,Approve Invoice,userTask,3,TK-0001402,EMP-0087,应付会计,2024-01-21 14:10:17.899610,2024-01-21 18:14:15.899610,approve,14638000
PI-000335,invoice_verification,PI-000335|A04,n_pay,Post Payment,serviceTask,4,TK-0001404,EMP-0090,出纳,2024-01-21 21:50:42.545707,2024-01-21 22:05:41.545707,approve,899000
PI-000335,invoice_verification,PI-000335|A05,n_clear,Clear Invoice,serviceTask,5,TK-0001405,EMP-0086,应付会计,2024-01-22 01:11:49.047150,2024-01-22 01:16:10.047150,approve,261000
PI-000336,invoice_verification,PI-000336|A01,n_enter_inv,Enter Incoming Invoice,userTask,1,TK-0001406,EMP-0080,财务专员,2024-01-26 16:50:39.173340,2024-01-26 17:12:14.173340,approve,1295000
PI-000336,invoice_verification,PI-000336|A02,n_match,Three-Way Match,serviceTask,2,TK-0001407,EMP-0076,财务专员,2024-01-26 20:51:19.847998,2024-01-26 21:13:09.847998,approve,1310000
PI-000336,invoice_verification,PI-000336|A03,n_appr_inv,Approve Invoice,userTask,3,TK-0001408,EMP-0086,应付会计,2024-01-26 21:23:12.877973,2024-01-26 22:31:39.877973,approve,4107000
PI-000336,invoice_verification,PI-000336|A03,n_appr_inv,Approve Invoice,userTask,3,TK-0001409,EMP-0087,应付会计,2024-01-26 21:51:25.789031,2024-01-26 22:40:19.789031,approve,2934000
PI-000336,invoice_verification,PI-000336|A04,n_pay,Post Payment,serviceTask,4,TK-0001410,EMP-0090,出纳,2024-01-27 01:55:04.561694,2024-01-27 02:16:03.561694,approve,1259000
PI-000336,invoice_verification,PI-000336|A05,n_clear,Clear Invoice,serviceTask,5,TK-0001411,EMP-0084,应付会计,2024-01-27 02:40:31.388847,2024-01-27 02:49:58.388847,approve,567000
PI-000337,purchase_requisition,PI-000337|A01,n_submit,Submit Purchase Requisition,userTask,1,TK-0001412,EMP-0021,采购申请人,2024-01-14 22:19:21.773054,2024-01-14 22:57:40.773054,approve,2299000
PI-000337,purchase_requisition,PI-000337|A02,n_convert,Convert to Purchase Order,serviceTask,2,TK-0001413,EMP-0054,采购专员,2024-01-15 02:35:31.492013,2024-01-15 03:40:33.492013,approve,3902000
PI-000338,purchase_order,PI-000338|A01,n_create_po,Create Purchase Order,serviceTask,1,TK-0001414,EMP-0060,采购专员,2024-01-15 12:20:13.391851,2024-01-15 13:02:11.391851,approve,2518000
PI-000338,purchase_order,PI-000338|A02,n_dir_appr,Approve Purchase Order by Director,userTask,2,TK-0001415,EMP-0049,采购总监,2024-01-15 14:27:25.871964,2024-01-15 16:25:15.871964,approve,7070000
PI-000338,purchase_order,PI-000338|A03,n_send_po,Send Order to Supplier,serviceTask,3,TK-0001416,EMP-0053,采购专员,2024-01-15 20:05:59.828366,2024-01-15 20:09:16.828366,approve,197000
PI-000339,goods_receipt,PI-000339|A01,n_post_gr,Post Goods Receipt,serviceTask,1,TK-0001417,EMP-0063,仓储专员,2024-01-16 16:54:01.840351,2024-01-16 17:19:54.840351,approve,1553000
PI-000339,goods_receipt,PI-000339|A02,n_inspect,Quality Inspection,userTask,2,TK-0001418,EMP-0071,质检员,2024-01-16 20:20:33.299255,2024-01-16 21:28:40.299255,approve,4087000
PI-000339,goods_receipt,PI-000339|A03,n_putaway,Putaway to Warehouse,serviceTask,3,TK-0001419,EMP-0066,仓储专员,2024-01-16 22:06:40.306894,2024-01-16 22:29:12.306894,approve,1352000
PI-000340,invoice_verification,PI-000340|A01,n_enter_inv,Enter Incoming Invoice,userTask,1,TK-0001420,EMP-0079,财务专员,2024-01-18 13:08:39.064185,2024-01-18 13:27:40.064185,approve,1141000
PI-000340,invoice_verification,PI-000340|A02,n_match,Three-Way Match,serviceTask,2,TK-0001421,EMP-0077,财务专员,2024-01-18 13:41:17.972607,2024-01-18 13:56:40.972607,approve,923000
PI-000340,invoice_verification,PI-000340|A03,n_appr_inv,Approve Invoice,userTask,3,TK-0001422,EMP-0085,应付会计,2024-01-18 14:25:32.356615,2024-01-18 15:46:35.356615,approve,4863000
PI-000340,invoice_verification,PI-000340|A03,n_appr_inv,Approve Invoice,userTask,3,TK-0001423,EMP-0087,应付会计,2024-01-18 14:46:48.877343,2024-01-18 16:00:33.877343,approve,4425000
PI-000340,invoice_verification,PI-000340|A04,n_pay,Post Payment,serviceTask,4,TK-0001424,EMP-0089,出纳,2024-01-18 16:56:51.271713,2024-01-18 17:09:32.271713,approve,761000
PI-000340,invoice_verification,PI-000340|A05,n_clear,Clear Invoice,serviceTask,5,TK-0001425,EMP-0086,应付会计,2024-01-18 19:32:26.444447,2024-01-18 19:37:07.444447,approve,281000
PI-000341,purchase_requisition,PI-000341|A01,n_submit,Submit Purchase Requisition,userTask,1,TK-0001426,EMP-0007,采购申请人,2024-01-14 22:38:39.653465,2024-01-14 22:52:52.653465,approve,853000
PI-000341,purchase_requisition,PI-000341|A02,n_convert,Convert to Purchase Order,serviceTask,2,TK-0001427,EMP-0056,采购专员,2024-01-14 23:36:07.367034,2024-01-14 23:48:39.367034,approve,752000
PI-000342,purchase_order,PI-000342|A01,n_create_po,Create Purchase Order,serviceTask,1,TK-0001428,EMP-0060,采购专员,2024-01-15 23:37:46.902844,2024-01-15 23:51:02.902844,approve,796000
PI-000342,purchase_order,PI-000342|A02,n_dir_appr,Approve Purchase Order by Director,userTask,2,TK-0001429,EMP-0049,采购总监,2024-01-16 03:32:48.088572,2024-01-16 04:19:00.088572,approve,2772000
PI-000342,purchase_order,PI-000342|A03,n_send_po,Send Order to Supplier,serviceTask,3,TK-0001430,EMP-0056,采购专员,2024-01-16 07:30:19.463101,2024-01-16 07:32:54.463101,approve,155000
PI-000343,goods_receipt,PI-000343|A01,n_post_gr,Post Goods Receipt,serviceTask,1,TK-0001431,EMP-0063,仓储专员,2024-01-17 05:00:03.020798,2024-01-17 05:04:45.020798,approve,282000
PI-000343,goods_receipt,PI-000343|A02,n_inspect,Quality Inspection,userTask,2,TK-0001432,EMP-0071,质检员,2024-01-17 06:30:45.458070,2024-01-17 07:10:59.458070,reject,2414000
PI-000343,goods_receipt,PI-000343|A03,n_return,Return to Supplier,serviceTask,3,TK-0001433,EMP-0068,仓储专员,2024-01-17 10:31:21.450659,2024-01-17 12:10:53.450659,approve,5972000
PI-000344,invoice_verification,PI-000344|A01,n_enter_inv,Enter Incoming Invoice,userTask,1,TK-0001434,EMP-0079,财务专员,2024-01-18 10:57:53.074601,2024-01-18 11:38:19.074601,approve,2426000
PI-000344,invoice_verification,PI-000344|A02,n_match,Three-Way Match,serviceTask,2,TK-0001435,EMP-0082,财务专员,2024-01-18 14:20:44.335759,2024-01-18 14:34:47.335759,reject,843000
PI-000344,invoice_verification,PI-000344|A03,n_park,Park Invoice,userTask,3,TK-0001436,EMP-0075,财务专员,2024-01-18 17:03:16.323743,2024-01-18 17:27:45.323743,approve,1469000
PI-000344,invoice_verification,PI-000344|A04,n_handle_exc,Handle Invoice Exception,userTask,4,TK-0001437,EMP-0078,财务专员,2024-01-18 18:43:42.648396,2024-01-18 19:10:49.648396,approve,1627000
PI-000344,invoice_verification,PI-000344|A05,n_match,Three-Way Match,serviceTask,5,TK-0001438,EMP-0079,财务专员,2024-01-18 20:46:43.747168,2024-01-18 21:07:26.747168,reject,1243000
PI-000344,invoice_verification,PI-000344|A06,n_park,Park Invoice,userTask,6,TK-0001439,EMP-0076,财务专员,2024-01-18 23:01:42.157271,2024-01-18 23:13:41.157271,approve,719000
PI-000344,invoice_verification,PI-000344|A07,n_handle_exc,Handle Invoice Exception,userTask,7,TK-0001440,EMP-0082,财务专员,2024-01-18 23:21:24.557363,2024-01-19 01:06:26.557363,approve,6302000
PI-000344,invoice_verification,PI-000344|A08,n_match,Three-Way Match,serviceTask,8,TK-0001441,EMP-0075,财务专员,2024-01-19 02:22:38.215997,2024-01-19 02:26:15.215997,approve,217000
PI-000344,invoice_verification,PI-000344|A09,n_appr_inv,Approve Invoice,userTask,9,TK-0001443,EMP-0085,应付会计,2024-01-19 03:24:36.976448,2024-01-19 03:52:56.976448,approve,1700000
PI-000344,invoice_verification,PI-000344|A09,n_appr_inv,Approve Invoice,userTask,9,TK-0001442,EMP-0087,应付会计,2024-01-19 04:01:04.140360,2024-01-19 08:17:15.140360,approve,15371000
PI-000344,invoice_verification,PI-000344|A10,n_pay,Post Payment,serviceTask,10,TK-0001444,EMP-0089,出纳,2024-01-19 11:46:46.571957,2024-01-19 11:53:21.571957,approve,395000
PI-000344,invoice_verification,PI-000344|A11,n_clear,Clear Invoice,serviceTask,11,TK-0001445,EMP-0086,应付会计,2024-01-19 13:40:33.493361,2024-01-19 13:46:17.493361,approve,344000
PI-000345,invoice_verification,PI-000345|A01,n_enter_inv,Enter Incoming Invoice,userTask,1,TK-0001446,EMP-0080,财务专员,2024-01-20 00:39:05.999530,2024-01-20 00:58:01.999530,approve,1136000
PI-000345,invoice_verification,PI-000345|A02,n_match,Three-Way Match,serviceTask,2,TK-0001447,EMP-0077,财务专员,2024-01-20 02:11:56.679097,2024-01-20 02:18:36.679097,approve,400000
PI-000345,invoice_verification,PI-000345|A03,n_appr_inv,Approve Invoice,userTask,3,TK-0001449,EMP-0083,应付会计,2024-01-20 02:51:38.427594,2024-01-20 03:21:12.427594,approve,1774000
PI-000345,invoice_verification,PI-000345|A03,n_appr_inv,Approve Invoice,userTask,3,TK-0001448,EMP-0085,应付会计,2024-01-20 03:24:42.431989,2024-01-20 04:07:41.431989,approve,2579000
PI-000345,invoice_verification,PI-000345|A04,n_pay,Post Payment,serviceTask,4,TK-0001450,EMP-0089,出纳,2024-01-20 05:33:51.378557,2024-01-20 05:44:22.378557,approve,631000
PI-000345,invoice_verification,PI-000345|A05,n_clear,Clear Invoice,serviceTask,5,TK-0001451,EMP-0087,应付会计,2024-01-20 08:03:06.241288,2024-01-20 08:05:44.241288,approve,158000
PI-000346,purchase_requisition,PI-000346|A01,n_submit,Submit Purchase Requisition,userTask,1,TK-0001452,EMP-0007,采购申请人,2024-01-15 05:53:30.423730,2024-01-15 06:35:28.423730,approve,2518000
PI-000346,purchase_requisition,PI-000346|A02,n_convert,Convert to Purchase Order,serviceTask,2,TK-0001453,EMP-0056,采购专员,2024-01-15 09:30:02.898545,2024-01-15 09:43:45.898545,approve,823000
PI-000347,purchase_order,PI-000347|A01,n_create_po,Create Purchase Order,serviceTask,1,TK-0001454,EMP-0056,采购专员,2024-01-15 18:17:43.466547,2024-01-15 18:41:31.466547,approve,1428000
PI-000347,purchase_order,PI-000347|A02,n_dir_appr,Approve Purchase Order by Director,userTask,2,TK-0001455,EMP-0051,采购总监,2024-01-15 19:53:28.732886,2024-01-15 23:55:12.732886,approve,14504000
PI-000347,purchase_order,PI-000347|A03,n_send_po,Send Order to Supplier,serviceTask,3,TK-0001456,EMP-0057,采购专员,2024-01-16 00:23:02.515419,2024-01-16 00:24:38.515419,approve,96000
PI-000348,goods_receipt,PI-000348|A01,n_post_gr,Post Goods Receipt,serviceTask,1,TK-0001457,EMP-0067,仓储专员,2024-01-18 20:50:13.398338,2024-01-18 21:09:09.398338,approve,1136000
PI-000348,goods_receipt,PI-000348|A02,n_inspect,Quality Inspection,userTask,2,TK-0001458,EMP-0074,质检员,2024-01-18 23:58:07.325975,2024-01-19 00:57:36.325975,approve,3569000
PI-000348,goods_receipt,PI-000348|A03,n_putaway,Putaway to Warehouse,serviceTask,3,TK-0001459,EMP-0063,仓储专员,2024-01-19 03:30:58.841269,2024-01-19 04:04:32.841269,approve,2014000
PI-000349,invoice_verification,PI-000349|A01,n_enter_inv,Enter Incoming Invoice,userTask,1,TK-0001460,EMP-0082,财务专员,2024-01-20 18:07:35.004253,2024-01-20 18:37:30.004253,approve,1795000
PI-000349,invoice_verification,PI-000349|A02,n_match,Three-Way Match,serviceTask,2,TK-0001461,EMP-0075,财务专员,2024-01-20 21:39:04.580806,2024-01-20 21:41:58.580806,approve,174000
PI-000349,invoice_verification,PI-000349|A03,n_appr_inv,Approve Invoice,userTask,3,TK-0001463,EMP-0083,应付会计,2024-01-20 21:53:12.309769,2024-01-21 00:48:36.309769,approve,10524000
PI-000349,invoice_verification,PI-000349|A03,n_appr_inv,Approve Invoice,userTask,3,TK-0001462,EMP-0086,应付会计,2024-01-20 21:58:07.741579,2024-01-20 22:53:33.741579,approve,3326000
PI-000349,invoice_verification,PI-000349|A04,n_pay,Post Payment,serviceTask,4,TK-0001464,EMP-0089,出纳,2024-01-21 02:16:19.856917,2024-01-21 02:20:05.856917,approve,226000
PI-000349,invoice_verification,PI-000349|A05,n_clear,Clear Invoice,serviceTask,5,TK-0001465,EMP-0085,应付会计,2024-01-21 04:23:08.352760,2024-01-21 04:29:26.352760,approve,378000
PI-000350,purchase_requisition,PI-000350|A01,n_submit,Submit Purchase Requisition,userTask,1,TK-0001466,EMP-0019,采购申请人,2024-01-15 10:07:26.348695,2024-01-15 11:10:03.348695,approve,3757000
PI-000350,purchase_requisition,PI-000350|A02,n_mgr_appr,Approve Requisition by Manager,userTask,2,TK-0001469,EMP-0042,部门经理,2024-01-15 11:45:04.534088,2024-01-15 12:42:52.534088,approve,3468000
PI-000350,purchase_requisition,PI-000350|A02,n_mgr_appr,Approve Requisition by Manager,userTask,2,TK-0001468,EMP-0044,部门经理,2024-01-15 11:48:00.671321,2024-01-15 12:33:20.671321,approve,2720000
PI-000350,purchase_requisition,PI-000350|A02,n_mgr_appr,Approve Requisition by Manager,userTask,2,TK-0001467,EMP-0047,部门经理,2024-01-15 12:28:14.625133,2024-01-15 13:39:02.625133,approve,4248000
PI-000350,purchase_requisition,PI-000350|A03,n_convert,Convert to Purchase Order,serviceTask,3,TK-0001470,EMP-0058,采购专员,2024-01-15 15:53:46.633901,2024-01-15 15:59:00.633901,approve,314000
PI-000351,purchase_order,PI-000351|A01,n_create_po,Create Purchase Order,serviceTask,1,TK-0001471,EMP-0061,采购专员,2024-01-16 05:08:31.937083,2024-01-16 05:18:48.937083,approve,617000
PI-000351,purchase_order,PI-000351|A02,n_send_po,Send Order to Supplier,serviceTask,2,TK-0001472,EMP-0061,采购专员,2024-01-16 08:40:42.980937,2024-01-16 08:42:21.980937,approve,99000
PI-000352,goods_receipt,PI-000352|A01,n_post_gr,Post Goods Receipt,serviceTask,1,TK-0001473,EMP-0063,仓储专员,2024-01-17 07:47:42.058855,2024-01-17 08:06:41.058855,approve,1139000
PI-000352,goods_receipt,PI-000352|A02,n_inspect,Quality Inspection,userTask,2,TK-0001474,EMP-0073,质检员,2024-01-17 11:26:20.197976,2024-01-17 12:25:58.197976,reject,3578000
PI-000352,goods_receipt,PI-000352|A03,n_return,Return to Supplier,serviceTask,3,TK-0001475,EMP-0069,仓储专员,2024-01-17 14:11:41.296359,2024-01-17 14:32:18.296359,approve,1237000
PI-000353,invoice_verification,PI-000353|A01,n_enter_inv,Enter Incoming Invoice,userTask,1,TK-0001476,EMP-0081,财务专员,2024-01-18 10:09:36.355104,2024-01-18 10:23:45.355104,approve,849000
PI-000353,invoice_verification,PI-000353|A02,n_match,Three-Way Match,serviceTask,2,TK-0001477,EMP-0080,财务专员,2024-01-18 12:59:38.056661,2024-01-18 13:07:31.056661,approve,473000
PI-000353,invoice_verification,PI-000353|A03,n_appr_inv,Approve Invoice,userTask,3,TK-0001479,EMP-0086,应付会计,2024-01-18 13:53:40.459788,2024-01-18 14:21:16.459788,approve,1656000
PI-000353,invoice_verification,PI-000353|A03,n_appr_inv,Approve Invoice,userTask,3,TK-0001478,EMP-0085,应付会计,2024-01-18 14:32:58.032200,2024-01-18 15:34:09.032200,approve,3671000
PI-000353,invoice_verification,PI-000353|A04,n_pay,Post Payment,serviceTask,4,TK-0001480,EMP-0089,出纳,2024-01-18 17:51:34.938208,2024-01-18 18:08:56.938208,approve,1042000
PI-000353,invoice_verification,PI-000353|A05,n_clear,Clear Invoice,serviceTask,5,TK-0001481,EMP-0087,应付会计,2024-01-18 20:42:54.851784,2024-01-18 20:48:35.851784,approve,341000
PI-000354,purchase_requisition,PI-000354|A01,n_submit,Submit Purchase Requisition,userTask,1,TK-0001482,EMP-0009,采购申请人,2024-01-15 17:15:26.006861,2024-01-15 17:29:35.006861,approve,849000
PI-000354,purchase_requisition,PI-000354|A02,n_mgr_appr,Approve Requisition by Manager,userTask,2,TK-0001484,EMP-0045,部门经理,2024-01-15 18:00:38.818470,2024-01-15 19:03:23.818470,approve,3765000
PI-000354,purchase_requisition,PI-000354|A02,n_mgr_appr,Approve Requisition by Manager,userTask,2,TK-0001485,EMP-0042,部门经理,2024-01-15 18:25:17.773271,2024-01-15 22:23:31.773271,approve,14294000
PI-000354,purchase_requisition,PI-000354|A02,n_mgr_appr,Approve Requisition by Manager,userTask,2,TK-0001483,EMP-0048,部门经理,2024-01-15 19:26:24.589719,2024-01-15 20:57:34.589719,approve,5470000
PI-000354,purchase_requisition,PI-000354|A03,n_convert,Convert to Purchase Order,serviceTask,3,TK-0001486,EMP-0058,采购专员,2024-01-15 22:31:52.452871,2024-01-15 22:54:29.452871,approve,1357000
PI-000355,purchase_order,PI-000355|A01,n_create_po,Create Purchase Order,serviceTask,1,TK-0001487,EMP-0052,采购专员,2024-01-16 14:30:10.785231,2024-01-16 14:45:44.785231,approve,934000
PI-000355,purchase_order,PI-000355|A02,n_send_po,Send Order to Supplier,serviceTask,2,TK-0001488,EMP-0058,采购专员,2024-01-16 17:17:57.053835,2024-01-16 17:33:00.053835,approve,903000
PI-000356,goods_receipt,PI-000356|A01,n_post_gr,Post Goods Receipt,serviceTask,1,TK-0001489,EMP-0064,仓储专员,2024-01-18 10:56:27.906846,2024-01-18 11:11:42.906846,approve,915000
PI-000356,goods_receipt,PI-000356|A02,n_inspect,Quality Inspection,userTask,2,TK-0001490,EMP-0070,质检员,2024-01-18 15:06:52.129460,2024-01-18 15:37:21.129460,approve,1829000
PI-000356,goods_receipt,PI-000356|A03,n_putaway,Putaway to Warehouse,serviceTask,3,TK-0001491,EMP-0063,仓储专员,2024-01-18 19:15:17.717101,2024-01-18 19:31:12.717101,approve,955000
PI-000357,invoice_verification,PI-000357|A01,n_enter_inv,Enter Incoming Invoice,userTask,1,TK-0001492,EMP-0075,财务专员,2024-01-21 08:13:01.709850,2024-01-21 08:43:33.709850,approve,1832000
PI-000357,invoice_verification,PI-000357|A02,n_match,Three-Way Match,serviceTask,2,TK-0001493,EMP-0078,财务专员,2024-01-21 09:12:01.960162,2024-01-21 09:22:28.960162,reject,627000
PI-000357,invoice_verification,PI-000357|A03,n_park,Park Invoice,userTask,3,TK-0001494,EMP-0081,财务专员,2024-01-21 12:49:51.021515,2024-01-21 13:20:05.021515,approve,1814000
PI-000357,invoice_verification,PI-000357|A04,n_handle_exc,Handle Invoice Exception,userTask,4,TK-0001495,EMP-0082,财务专员,2024-01-21 17:18:15.572903,2024-01-21 17:54:32.572903,approve,2177000
PI-000357,invoice_verification,PI-000357|A05,n_match,Three-Way Match,serviceTask,5,TK-0001496,EMP-0080,财务专员,2024-01-21 19:58:45.403950,2024-01-21 20:10:06.403950,approve,681000
PI-000357,invoice_verification,PI-000357|A06,n_appr_inv,Approve Invoice,userTask,6,TK-0001498,EMP-0087,应付会计,2024-01-21 20:18:34.319753,2024-01-21 21:31:26.319753,approve,4372000
PI-000357,invoice_verification,PI-000357|A06,n_appr_inv,Approve Invoice,userTask,6,TK-0001497,EMP-0085,应付会计,2024-01-21 21:33:03.517574,2024-01-21 22:23:32.517574,approve,3029000
PI-000357,invoice_verification,PI-000357|A07,n_pay,Post Payment,serviceTask,7,TK-0001499,EMP-0090,出纳,2024-01-22 00:19:06.656814,2024-01-22 00:29:46.656814,approve,640000
PI-000357,invoice_verification,PI-000357|A08,n_clear,Clear Invoice,serviceTask,8,TK-0001500,EMP-0086,应付会计,2024-01-22 01:55:14.944085,2024-01-22 02:16:29.944085,approve,1275000
PI-000358,purchase_requisition,PI-000358|A01,n_submit,Submit Purchase Requisition,userTask,1,TK-0001501,EMP-0015,采购申请人,2024-01-15 18:36:05.826146,2024-01-15 18:48:43.826146,approve,758000
PI-000358,purchase_requisition,PI-000358|A02,n_mgr_appr,Approve Requisition by Manager,userTask,2,TK-0001503,EMP-0047,部门经理,2024-01-15 19:29:09.641933,2024-01-15 20:08:03.641933,reject,2334000
PI-000358,purchase_requisition,PI-000358|A02,n_mgr_appr,Approve Requisition by Manager,userTask,2,TK-0001502,EMP-0044,部门经理,2024-01-15 19:39:17.882056,2024-01-15 20:16:51.882056,reject,2254000
PI-000358,purchase_requisition,PI-000358|A03,n_revise,Revise Requisition,userTask,3,TK-0001504,EMP-0015,采购申请人,2024-01-15 21:59:50.301269,2024-01-15 22:56:44.301269,approve,3414000
PI-000358,purchase_requisition,PI-000358|A04,n_submit,Submit Purchase Requisition,userTask,4,TK-0001505,EMP-0015,采购申请人,2024-01-16 02:41:18.353960,2024-01-16 03:28:37.353960,approve,2839000
PI-000358,purchase_requisition,PI-000358|A05,n_mgr_appr,Approve Requisition by Manager,userTask,5,TK-0001507,EMP-0043,部门经理,2024-01-16 03:38:44.311353,2024-01-16 04:34:36.311353,approve,3352000
PI-000358,purchase_requisition,PI-000358|A05,n_mgr_appr,Approve Requisition by Manager,userTask,5,TK-0001508,EMP-0044,部门经理,2024-01-16 04:18:05.849037,2024-01-16 04:38:54.849037,approve,1249000
PI-000358,purchase_requisition,PI-000358|A05,n_mgr_appr,Approve Requisition by Manager,userTask,5,TK-0001506,EMP-0048,部门经理,2024-01-16 04:38:24.030149,2024-01-16 05:22:26.030149,approve,2642000
PI-000358,purchase_requisition,PI-000358|A06,n_convert,Convert to Purchase Order,serviceTask,6,TK-0001509,EMP-0052,采购专员,2024-01-16 06:43:04.055864,2024-01-16 06:59:51.055864,approve,1007000
PI-000359,purchase_order,PI-000359|A01,n_create_po,Create Purchase Order,serviceTask,1,TK-0001510,EMP-0059,采购专员,2024-01-17 00:43:21.847945,2024-01-17 00:53:19.847945,approve,598000
PI-000359,purchase_order,PI-000359|A02,n_dir_appr,Approve Purchase Order by Director,userTask,2,TK-0001511,EMP-0051,采购总监,2024-01-17 01:15:43.089467,2024-01-17 03:11:39.089467,approve,6956000
PI-000359,purchase_order,PI-000359|A03,n_send_po,Send Order to Supplier,serviceTask,3,TK-0001512,EMP-0057,采购专员,2024-01-17 05:31:14.627134,2024-01-17 05:38:53.627134,approve,459000
PI-000360,goods_receipt,PI-000360|A01,n_post_gr,Post Goods Receipt,serviceTask,1,TK-0001513,EMP-0067,仓储专员,2024-01-17 16:14:27.133612,2024-01-17 16:20:12.133612,approve,345000
PI-000360,goods_receipt,PI-000360|A02,n_inspect,Quality Inspection,userTask,2,TK-0001514,EMP-0072,质检员,2024-01-17 18:15:15.535837,2024-01-17 18:57:11.535837,approve,2516000
PI-000360,goods_receipt,PI-000360|A03,n_putaway,Putaway to Warehouse,serviceTask,3,TK-0001515,EMP-0066,仓储专员,2024-01-17 21:24:02.534006,2024-01-17 22:04:27.534006,approve,2425000
PI-000361,goods_receipt,PI-000361|A01,n_post_gr,Post Goods Receipt,serviceTask,1,TK-0001516,EMP-0068,仓储专员,2024-01-19 15:54:56.202571,2024-01-19 16:02:34.202571,approve,458000
PI-000361,goods_receipt,PI-000361|A02,n_inspect,Quality Inspection,userTask,2,TK-0001517,EMP-0070,质检员,2024-01-19 19:00:09.719264,2024-01-19 20:32:33.719264,approve,5544000
PI-000361,goods_receipt,PI-000361|A03,n_putaway,Putaway to Warehouse,serviceTask,3,TK-0001518,EMP-0063,仓储专员,2024-01-19 22:52:26.065166,2024-01-19 23:19:21.065166,approve,1615000
PI-000362,invoice_verification,PI-000362|A01,n_enter_inv,Enter Incoming Invoice,userTask,1,TK-0001519,EMP-0077,财务专员,2024-01-24 04:48:47.130139,2024-01-24 05:05:25.130139,approve,998000
PI-000362,invoice_verification,PI-000362|A02,n_match,Three-Way Match,serviceTask,2,TK-0001520,EMP-0081,财务专员,2024-01-24 08:39:25.627565,2024-01-24 08:46:10.627565,approve,405000
PI-000362,invoice_verification,PI-000362|A03,n_appr_inv,Approve Invoice,userTask,3,TK-0001522,EMP-0085,应付会计,2024-01-24 09:27:18.020893,2024-01-24 10:01:21.020893,approve,2043000
PI-000362,invoice_verification,PI-000362|A03,n_appr_inv,Approve Invoice,userTask,3,TK-0001521,EMP-0084,应付会计,2024-01-24 09:40:17.960130,2024-01-24 10:14:43.960130,approve,2066000
PI-000362,invoice_verification,PI-000362|A04,n_pay,Post Payment,serviceTask,4,TK-0001523,EMP-0090,出纳,2024-01-24 13:57:11.487445,2024-01-24 14:10:37.487445,approve,806000
PI-000362,invoice_verification,PI-000362|A05,n_clear,Clear Invoice,serviceTask,5,TK-0001524,EMP-0085,应付会计,2024-01-24 14:58:17.860208,2024-01-24 15:15:37.860208,approve,1040000
PI-000363,invoice_verification,PI-000363|A01,n_enter_inv,Enter Incoming Invoice,userTask,1,TK-0001525,EMP-0079,财务专员,2024-01-25 22:40:31.603790,2024-01-25 23:03:19.603790,approve,1368000
PI-000363,invoice_verification,PI-000363|A02,n_match,Three-Way Match,serviceTask,2,TK-0001526,EMP-0076,财务专员,2024-01-25 23:30:08.814415,2024-01-25 23:41:00.814415,approve,652000
PI-000363,invoice_verification,PI-000363|A03,n_appr_inv,Approve Invoice,userTask,3,TK-0001528,EMP-0085,应付会计,2024-01-26 00:40:09.143736,2024-01-26 02:07:53.143736,approve,5264000
PI-000363,invoice_verification,PI-000363|A03,n_appr_inv,Approve Invoice,userTask,3,TK-0001527,EMP-0087,应付会计,2024-01-26 01:12:13.624288,2024-01-26 01:50:18.624288,approve,2285000
PI-000363,invoice_verification,PI-000363|A04,n_pay,Post Payment,serviceTask,4,TK-0001529,EMP-0088,出纳,2024-01-26 05:54:56.189222,2024-01-26 05:59:38.189222,approve,282000
PI-000363,invoice_verification,PI-000363|A05,n_clear,Clear Invoice,serviceTask,5,TK-0001530,EMP-0083,应付会计,2024-01-26 07:27:59.192727,2024-01-26 07:31:33.192727,approve,214000
PI-000364,purchase_requisition,PI-000364|A01,n_submit,Submit Purchase Requisition,userTask,1,TK-0001531,EMP-0006,采购申请人,2024-01-16 00:35:03.283750,2024-01-16 01:16:33.283750,approve,2490000
PI-000364,purchase_requisition,PI-000364|A02,n_mgr_appr,Approve Requisition by Manager,userTask,2,TK-0001534,EMP-0045,部门经理,2024-01-16 01:28:33.305311,2024-01-16 06:06:09.305311,reject,16656000
PI-000364,purchase_requisition,PI-000364|A02,n_mgr_appr,Approve Requisition by Manager,userTask,2,TK-0001533,EMP-0048,部门经理,2024-01-16 01:40:06.813806,2024-01-16 02:33:14.813806,reject,3188000
PI-000364,purchase_requisition,PI-000364|A02,n_mgr_appr,Approve Requisition by Manager,userTask,2,TK-0001532,EMP-0041,部门经理,2024-01-16 02:53:49.707632,2024-01-16 06:33:26.707632,reject,13177000
PI-000364,purchase_requisition,PI-000364|A03,n_cancel,Cancel Requisition,serviceTask,3,TK-0001535,EMP-0053,采购专员,2024-01-16 09:43:17.158252,2024-01-16 09:55:45.158252,approve,748000
PI-000365,purchase_requisition,PI-000365|A01,n_submit,Submit Purchase Requisition,userTask,1,TK-0001536,EMP-0002,采购申请人,2024-01-16 06:00:34.561375,2024-01-16 06:10:59.561375,approve,625000
PI-000365,purchase_requisition,PI-000365|A02,n_mgr_appr,Approve Requisition by Manager,userTask,2,TK-0001537,EMP-0046,部门经理,2024-01-16 06:26:35.216278,2024-01-16 06:36:57.216278,reject,622000
PI-000365,purchase_requisition,PI-000365|A02,n_mgr_appr,Approve Requisition by Manager,userTask,2,TK-0001538,EMP-0042,部门经理,2024-01-16 07:02:38.930059,2024-01-16 08:05:46.930059,reject,3788000
PI-000365,purchase_requisition,PI-000365|A03,n_revise,Revise Requisition,userTask,3,TK-0001539,EMP-0002,采购申请人,2024-01-16 09:23:58.105502,2024-01-16 09:51:23.105502,approve,1645000
PI-000365,purchase_requisition,PI-000365|A04,n_submit,Submit Purchase Requisition,userTask,4,TK-0001540,EMP-0002,采购申请人,2024-01-16 12:30:37.982741,2024-01-16 12:47:04.982741,approve,987000
PI-000365,purchase_requisition,PI-000365|A05,n_mgr_appr,Approve Requisition by Manager,userTask,5,TK-0001542,EMP-0042,部门经理,2024-01-16 13:27:19.033297,2024-01-16 16:15:52.033297,approve,10113000
PI-000365,purchase_requisition,PI-000365|A05,n_mgr_appr,Approve Requisition by Manager,userTask,5,TK-0001541,EMP-0043,部门经理,2024-01-16 13:51:16.647553,2024-01-16 15:23:17.647553,approve,5521000
PI-000365,purchase_requisition,PI-000365|A06,n_convert,Convert to Purchase Order,serviceTask,6,TK-0001543,EMP-0055,采购专员,2024-01-16 17:14:01.783288,2024-01-16 17:17:18.783288,approve,197000
PI-000366,purchase_order,PI-000366|A01,n_create_po,Create Purchase Order,serviceTask,1,TK-0001544,EMP-0058,采购专员,2024-01-17 16:20:21.610781,2024-01-17 16:45:47.610781,approve,1526000
PI-000366,purchase_order,PI-000366|A02,n_dir_appr,Approve Purchase Order by Director,userTask,2,TK-0001545,EMP-0050,采购总监,2024-01-17 17:34:54.861324,2024-01-17 18:58:17.861324,approve,5003000
PI-000366,purchase_order,PI-000366|A03,n_send_po,Send Order to Supplier,serviceTask,3,TK-0001546,EMP-0060,采购专员,2024-01-17 22:40:24.648722,2024-01-17 22:41:24.648722,approve,60000
PI-000367,goods_receipt,PI-000367|A01,n_post_gr,Post Goods Receipt,serviceTask,1,TK-0001547,EMP-0063,仓储专员,2024-01-19 03:48:08.709807,2024-01-19 03:59:05.709807,approve,657000
PI-000367,goods_receipt,PI-000367|A02,n_inspect,Quality Inspection,userTask,2,TK-0001548,EMP-0073,质检员,2024-01-19 07:19:09.808965,2024-01-19 07:41:46.808965,reject,1357000
PI-000367,goods_receipt,PI-000367|A03,n_return,Return to Supplier,serviceTask,3,TK-0001549,EMP-0063,仓储专员,2024-01-19 11:33:51.533943,2024-01-19 12:09:23.533943,approve,2132000
PI-000368,invoice_verification,PI-000368|A01,n_enter_inv,Enter Incoming Invoice,userTask,1,TK-0001550,EMP-0077,财务专员,2024-01-23 08:49:03.389748,2024-01-23 09:15:01.389748,approve,1558000
PI-000368,invoice_verification,PI-000368|A02,n_match,Three-Way Match,serviceTask,2,TK-0001551,EMP-0077,财务专员,2024-01-23 10:48:01.446641,2024-01-23 10:52:30.446641,approve,269000
PI-000368,invoice_verification,PI-000368|A03,n_appr_inv,Approve Invoice,userTask,3,TK-0001553,EMP-0086,应付会计,2024-01-23 11:46:45.775678,2024-01-23 12:34:34.775678,approve,2869000
PI-000368,invoice_verification,PI-000368|A03,n_appr_inv,Approve Invoice,userTask,3,TK-0001552,EMP-0087,应付会计,2024-01-23 12:36:12.683496,2024-01-23 14:23:47.683496,approve,6455000
PI-000368,invoice_verification,PI-000368|A04,n_pay,Post Payment,serviceTask,4,TK-0001554,EMP-0088,出纳,2024-01-23 14:46:23.357320,2024-01-23 15:11:53.357320,approve,1530000
PI-000368,invoice_verification,PI-000368|A05,n_clear,Clear Invoice,serviceTask,5,TK-0001555,EMP-0087,应付会计,2024-01-23 17:36:28.544853,2024-01-23 17:39:04.544853,approve,156000
PI-000369,purchase_requisition,PI-000369|A01,n_submit,Submit Purchase Requisition,userTask,1,TK-0001556,EMP-0016,采购申请人,2024-01-16 14:26:15.349869,2024-01-16 15:20:10.349869,approve,3235000
PI-000369,purchase_requisition,PI-000369|A02,n_mgr_appr,Approve Requisition by Manager,userTask,2,TK-0001557,EMP-0044,部门经理,2024-01-16 15:41:32.968075,2024-01-16 16:21:42.968075,approve,2410000
PI-000369,purchase_requisition,PI-000369|A02,n_mgr_appr,Approve Requisition by Manager,userTask,2,TK-0001558,EMP-0048,部门经理,2024-01-16 15:59:06.262862,2024-01-16 17:02:18.262862,approve,3792000
PI-000369,purchase_requisition,PI-000369|A03,n_convert,Convert to Purchase Order,serviceTask,3,TK-0001559,EMP-0055,采购专员,2024-01-16 19:42:30.205086,2024-01-16 19:50:05.205086,approve,455000
PI-000370,purchase_order,PI-000370|A01,n_create_po,Create Purchase Order,serviceTask,1,TK-0001560,EMP-0059,采购专员,2024-01-17 09:23:51.519068,2024-01-17 09:34:13.519068,approve,622000
PI-000370,purchase_order,PI-000370|A02,n_dir_appr,Approve Purchase Order by Director,userTask,2,TK-0001561,EMP-0050,采购总监,2024-01-17 10:35:55.744656,2024-01-17 14:02:36.744656,approve,12401000
PI-000370,purchase_order,PI-000370|A03,n_send_po,Send Order to Supplier,serviceTask,3,TK-0001562,EMP-0052,采购专员,2024-01-17 16:37:33.389351,2024-01-17 16:46:44.389351,approve,551000
PI-000371,goods_receipt,PI-000371|A01,n_post_gr,Post Goods Receipt,serviceTask,1,TK-0001563,EMP-0063,仓储专员,2024-01-20 18:28:16.863550,2024-01-20 18:39:46.863550,approve,690000
PI-000371,goods_receipt,PI-000371|A02,n_inspect,Quality Inspection,userTask,2,TK-0001564,EMP-0072,质检员,2024-01-20 19:09:12.776448,2024-01-20 21:32:22.776448,approve,8590000
PI-000371,goods_receipt,PI-000371|A03,n_putaway,Putaway to Warehouse,serviceTask,3,TK-0001565,EMP-0068,仓储专员,2024-01-20 23:59:56.228897,2024-01-21 01:54:16.228897,approve,6860000
PI-000372,goods_receipt,PI-000372|A01,n_post_gr,Post Goods Receipt,serviceTask,1,TK-0001566,EMP-0063,仓储专员,2024-01-23 01:26:07.402920,2024-01-23 01:45:49.402920,approve,1182000
PI-000372,goods_receipt,PI-000372|A02,n_inspect,Quality Inspection,userTask,2,TK-0001567,EMP-0073,质检员,2024-01-23 05:02:24.900832,2024-01-23 06:01:31.900832,approve,3547000
PI-000372,goods_receipt,PI-000372|A03,n_putaway,Putaway to Warehouse,serviceTask,3,TK-0001568,EMP-0069,仓储专员,2024-01-23 08:21:16.064240,2024-01-23 09:08:39.064240,approve,2843000
PI-000373,invoice_verification,PI-000373|A01,n_enter_inv,Enter Incoming Invoice,userTask,1,TK-0001569,EMP-0077,财务专员,2024-01-26 18:56:02.450084,2024-01-26 21:31:23.450084,approve,9321000
PI-000373,invoice_verification,PI-000373|A02,n_match,Three-Way Match,serviceTask,2,TK-0001570,EMP-0080,财务专员,2024-01-26 22:59:11.986231,2024-01-26 23:16:30.986231,approve,1039000
PI-000373,invoice_verification,PI-000373|A03,n_appr_inv,Approve Invoice,userTask,3,TK-0001572,EMP-0087,应付会计,2024-01-27 00:01:28.638832,2024-01-27 03:21:58.638832,approve,12030000
PI-000373,invoice_verification,PI-000373|A03,n_appr_inv,Approve Invoice,userTask,3,TK-0001571,EMP-0084,应付会计,2024-01-27 00:25:44.482810,2024-01-27 03:18:41.482810,approve,10377000
PI-000373,invoice_verification,PI-000373|A04,n_pay,Post Payment,serviceTask,4,TK-0001573,EMP-0089,出纳,2024-01-27 06:48:17.352503,2024-01-27 06:55:24.352503,approve,427000
PI-000373,invoice_verification,PI-000373|A05,n_clear,Clear Invoice,serviceTask,5,TK-0001574,EMP-0084,应付会计,2024-01-27 08:14:47.483953,2024-01-27 08:17:24.483953,approve,157000
PI-000374,purchase_requisition,PI-000374|A01,n_submit,Submit Purchase Requisition,userTask,1,TK-0001575,EMP-0025,采购申请人,2024-01-16 20:28:35.302271,2024-01-16 20:50:49.302271,approve,1334000
PI-000374,purchase_requisition,PI-000374|A02,n_mgr_appr,Approve Requisition by Manager,userTask,2,TK-0001577,EMP-0048,部门经理,2024-01-16 21:24:02.427441,2024-01-16 22:04:08.427441,reject,2406000
PI-000374,purchase_requisition,PI-000374|A02,n_mgr_appr,Approve Requisition by Manager,userTask,2,TK-0001576,EMP-0045,部门经理,2024-01-16 22:16:20.877548,2024-01-16 23:37:12.877548,reject,4852000
PI-000374,purchase_requisition,PI-000374|A03,n_revise,Revise Requisition,userTask,3,TK-0001578,EMP-0025,采购申请人,2024-01-17 02:02:44.245839,2024-01-17 03:28:17.245839,approve,5133000
PI-000374,purchase_requisition,PI-000374|A04,n_submit,Submit Purchase Requisition,userTask,4,TK-0001579,EMP-0025,采购申请人,2024-01-17 06:21:31.268055,2024-01-17 06:48:12.268055,approve,1601000
PI-000374,purchase_requisition,PI-000374|A05,n_mgr_appr,Approve Requisition by Manager,userTask,5,TK-0001581,EMP-0043,部门经理,2024-01-17 07:28:55.242275,2024-01-17 08:03:58.242275,approve,2103000
PI-000374,purchase_requisition,PI-000374|A05,n_mgr_appr,Approve Requisition by Manager,userTask,5,TK-0001582,EMP-0048,部门经理,2024-01-17 07:38:31.970972,2024-01-17 08:02:04.970972,approve,1413000
PI-000374,purchase_requisition,PI-000374|A05,n_mgr_appr,Approve Requisition by Manager,userTask,5,TK-0001580,EMP-0042,部门经理,2024-01-17 07:44:05.766833,2024-01-17 08:01:47.766833,approve,1062000
PI-000374,purchase_requisition,PI-000374|A06,n_convert,Convert to Purchase Order,serviceTask,6,TK-0001583,EMP-0055,采购专员,2024-01-17 11:55:38.968079,2024-01-17 12:18:35.968079,approve,1377000
PI-000375,purchase_order,PI-000375|A01,n_create_po,Create Purchase Order,serviceTask,1,TK-0001584,EMP-0058,采购专员,2024-01-18 05:20:29.397002,2024-01-18 05:45:05.397002,approve,1476000
PI-000375,purchase_order,PI-000375|A02,n_send_po,Send Order to Supplier,serviceTask,2,TK-0001585,EMP-0055,采购专员,2024-01-18 07:05:19.578597,2024-01-18 07:10:35.578597,approve,316000
PI-000376,goods_receipt,PI-000376|A01,n_post_gr,Post Goods Receipt,serviceTask,1,TK-0001586,EMP-0065,仓储专员,2024-01-20 13:29:22.891504,2024-01-20 13:42:33.891504,approve,791000
PI-000376,goods_receipt,PI-000376|A02,n_inspect,Quality Inspection,userTask,2,TK-0001587,EMP-0073,质检员,2024-01-20 14:02:45.565952,2024-01-20 14:40:27.565952,approve,2262000
PI-000376,goods_receipt,PI-000376|A03,n_putaway,Putaway to Warehouse,serviceTask,3,TK-0001588,EMP-0064,仓储专员,2024-01-20 15:00:26.819303,2024-01-20 15:21:22.819303,approve,1256000
PI-000377,invoice_verification,PI-000377|A01,n_enter_inv,Enter Incoming Invoice,userTask,1,TK-0001589,EMP-0077,财务专员,2024-01-23 01:16:42.952570,2024-01-23 01:30:05.952570,approve,803000
PI-000377,invoice_verification,PI-000377|A02,n_match,Three-Way Match,serviceTask,2,TK-0001590,EMP-0080,财务专员,2024-01-23 02:29:45.109894,2024-01-23 02:46:19.109894,approve,994000
PI-000377,invoice_verification,PI-000377|A03,n_appr_inv,Approve Invoice,userTask,3,TK-0001592,EMP-0087,应付会计,2024-01-23 03:45:00.301289,2024-01-23 04:51:52.301289,approve,4012000
PI-000377,invoice_verification,PI-000377|A03,n_appr_inv,Approve Invoice,userTask,3,TK-0001591,EMP-0083,应付会计,2024-01-23 04:13:12.694520,2024-01-23 04:54:24.694520,approve,2472000
PI-000377,invoice_verification,PI-000377|A04,n_pay,Post Payment,serviceTask,4,TK-0001593,EMP-0090,出纳,2024-01-23 05:45:08.821920,2024-01-23 06:03:13.821920,approve,1085000
PI-000377,invoice_verification,PI-000377|A05,n_clear,Clear Invoice,serviceTask,5,TK-0001594,EMP-0086,应付会计,2024-01-23 08:23:07.262663,2024-01-23 08:37:35.262663,approve,868000
PI-000378,invoice_verification,PI-000378|A01,n_enter_inv,Enter Incoming Invoice,userTask,1,TK-0001595,EMP-0076,财务专员,2024-01-24 05:59:44.686175,2024-01-24 06:12:23.686175,approve,759000
PI-000378,invoice_verification,PI-000378|A02,n_match,Three-Way Match,serviceTask,2,TK-0001596,EMP-0079,财务专员,2024-01-24 07:51:43.817517,2024-01-24 08:01:54.817517,reject,611000
PI-000378,invoice_verification,PI-000378|A03,n_park,Park Invoice,userTask,3,TK-0001597,EMP-0075,财务专员,2024-01-24 11:33:32.965310,2024-01-24 11:39:36.965310,approve,364000
PI-000378,invoice_verification,PI-000378|A04,n_handle_exc,Handle Invoice Exception,userTask,4,TK-0001598,EMP-0076,财务专员,2024-01-24 12:24:13.000186,2024-01-24 15:39:55.000186,approve,11742000
PI-000378,invoice_verification,PI-000378|A05,n_match,Three-Way Match,serviceTask,5,TK-0001599,EMP-0075,财务专员,2024-01-24 18:52:55.538427,2024-01-24 19:02:02.538427,approve,547000
PI-000378,invoice_verification,PI-000378|A06,n_appr_inv,Approve Invoice,userTask,6,TK-0001601,EMP-0087,应付会计,2024-01-24 19:14:18.248871,2024-01-24 19:45:47.248871,approve,1889000
PI-000378,invoice_verification,PI-000378|A06,n_appr_inv,Approve Invoice,userTask,6,TK-0001600,EMP-0084,应付会计,2024-01-24 20:59:15.381599,2024-01-24 21:25:01.381599,approve,1546000
PI-000378,invoice_verification,PI-000378|A07,n_pay,Post Payment,serviceTask,7,TK-0001602,EMP-0090,出纳,2024-01-24 22:05:00.163132,2024-01-24 22:08:37.163132,approve,217000
PI-000378,invoice_verification,PI-000378|A08,n_clear,Clear Invoice,serviceTask,8,TK-0001603,EMP-0083,应付会计,2024-01-25 01:23:18.751300,2024-01-25 01:27:39.751300,approve,261000
PI-000379,purchase_requisition,PI-000379|A01,n_submit,Submit Purchase Requisition,userTask,1,TK-0001604,EMP-0034,采购申请人,2024-01-17 01:19:32.607893,2024-01-17 02:37:35.607893,approve,4683000
PI-000379,purchase_requisition,PI-000379|A02,n_mgr_appr,Approve Requisition by Manager,userTask,2,TK-0001606,EMP-0042,部门经理,2024-01-17 02:50:31.031739,2024-01-17 03:40:40.031739,reject,3009000
PI-000379,purchase_requisition,PI-000379|A02,n_mgr_appr,Approve Requisition by Manager,userTask,2,TK-0001605,EMP-0046,部门经理,2024-01-17 03:24:38.893116,2024-01-17 03:35:25.893116,reject,647000
PI-000379,purchase_requisition,PI-000379|A03,n_cancel,Cancel Requisition,serviceTask,3,TK-0001607,EMP-0061,采购专员,2024-01-17 04:08:52.834958,2024-01-17 04:24:58.834958,approve,966000
PI-000380,purchase_requisition,PI-000380|A01,n_submit,Submit Purchase Requisition,userTask,1,TK-0001608,EMP-0037,采购申请人,2024-01-17 04:37:48.090670,2024-01-17 04:56:16.090670,approve,1108000
PI-000380,purchase_requisition,PI-000380|A02,n_mgr_appr,Approve Requisition by Manager,userTask,2,TK-0001610,EMP-0044,部门经理,2024-01-17 05:26:20.774291,2024-01-17 06:12:19.774291,approve,2759000
PI-000380,purchase_requisition,PI-000380|A02,n_mgr_appr,Approve Requisition by Manager,userTask,2,TK-0001611,EMP-0041,部门经理,2024-01-17 05:43:52.623345,2024-01-17 06:10:35.623345,approve,1603000
PI-000380,purchase_requisition,PI-000380|A02,n_mgr_appr,Approve Requisition by Manager,userTask,2,TK-0001609,EMP-0047,部门经理,2024-01-17 05:57:40.301538,2024-01-17 06:56:44.301538,approve,3544000
PI-000380,purchase_requisition,PI-000380|A03,n_convert,Convert to Purchase Order,serviceTask,3,TK-0001612,EMP-0055,采购专员,2024-01-17 10:44:13.897497,2024-01-17 10:49:55.897497,approve,342000
PI-000381,purchase_order,PI-000381|A01,n_create_po,Create Purchase Order,serviceTask,1,TK-0001613,EMP-0058,采购专员,2024-01-18 02:56:44.119245,2024-01-18 03:12:16.119245,approve,932000
PI-000381,purchase_order,PI-000381|A02,n_send_po,Send Order to Supplier,serviceTask,2,TK-0001614,EMP-0055,采购专员,2024-01-18 03:40:27.094602,2024-01-18 03:47:02.094602,approve,395000
PI-000382,goods_receipt,PI-000382|A01,n_post_gr,Post Goods Receipt,serviceTask,1,TK-0001615,EMP-0065,仓储专员,2024-01-21 01:09:09.056199,2024-01-21 01:34:25.056199,approve,1516000
PI-000382,goods_receipt,PI-000382|A02,n_inspect,Quality Inspection,userTask,2,TK-0001616,EMP-0071,质检员,2024-01-21 03:06:47.207461,2024-01-21 03:32:12.207461,approve,1525000
PI-000382,goods_receipt,PI-000382|A03,n_putaway,Putaway to Warehouse,serviceTask,3,TK-0001617,EMP-0068,仓储专员,2024-01-21 06:17:05.787102,2024-01-21 10:17:05.787102,approve,14400000
PI-000383,goods_receipt,PI-000383|A01,n_post_gr,Post Goods Receipt,serviceTask,1,TK-0001618,EMP-0065,仓储专员,2024-01-22 17:57:58.808619,2024-01-22 18:09:32.808619,approve,694000
PI-000383,goods_receipt,PI-000383|A02,n_inspect,Quality Inspection,userTask,2,TK-0001619,EMP-0073,质检员,2024-01-22 18:44:50.132900,2024-01-22 19:42:18.132900,approve,3448000
PI-000383,goods_receipt,PI-000383|A03,n_putaway,Putaway to Warehouse,serviceTask,3,TK-0001620,EMP-0069,仓储专员,2024-01-22 20:02:55.787341,2024-01-22 20:34:33.787341,approve,1898000
PI-000384,invoice_verification,PI-000384|A01,n_enter_inv,Enter Incoming Invoice,userTask,1,TK-0001621,EMP-0079,财务专员,2024-01-26 10:23:48.157173,2024-01-26 10:51:16.157173,approve,1648000
PI-000384,invoice_verification,PI-000384|A02,n_match,Three-Way Match,serviceTask,2,TK-0001622,EMP-0078,财务专员,2024-01-26 14:39:34.105122,2024-01-26 14:48:41.105122,approve,547000
PI-000384,invoice_verification,PI-000384|A03,n_appr_inv,Approve Invoice,userTask,3,TK-0001624,EMP-0083,应付会计,2024-01-26 14:55:32.061065,2024-01-26 15:59:41.061065,approve,3849000
PI-000384,invoice_verification,PI-000384|A03,n_appr_inv,Approve Invoice,userTask,3,TK-0001623,EMP-0086,应付会计,2024-01-26 15:06:29.810842,2024-01-26 15:26:40.810842,approve,1211000
PI-000384,invoice_verification,PI-000384|A04,n_pay,Post Payment,serviceTask,4,TK-0001625,EMP-0089,出纳,2024-01-26 17:47:38.391782,2024-01-26 17:51:46.391782,approve,248000
PI-000384,invoice_verification,PI-000384|A05,n_clear,Clear Invoice,serviceTask,5,TK-0001626,EMP-0087,应付会计,2024-01-26 20:56:58.133337,2024-01-26 21:00:42.133337,approve,224000
PI-000385,purchase_requisition,PI-000385|A01,n_submit,Submit Purchase Requisition,userTask,1,TK-0001627,EMP-0010,采购申请人,2024-01-17 07:52:41.940875,2024-01-17 08:25:54.940875,approve,1993000
PI-000385,purchase_requisition,PI-000385|A02,n_mgr_appr,Approve Requisition by Manager,userTask,2,TK-0001629,EMP-0043,部门经理,2024-01-17 08:31:56.393306,2024-01-17 09:03:19.393306,reject,1883000
PI-000385,purchase_requisition,PI-000385|A02,n_mgr_appr,Approve Requisition by Manager,userTask,2,TK-0001628,EMP-0044,部门经理,2024-01-17 09:46:35.225170,2024-01-17 10:20:29.225170,reject,2034000
PI-000385,purchase_requisition,PI-000385|A03,n_revise,Revise Requisition,userTask,3,TK-0001630,EMP-0010,采购申请人,2024-01-17 14:12:04.114355,2024-01-17 14:43:46.114355,approve,1902000
PI-000385,purchase_requisition,PI-000385|A04,n_submit,Submit Purchase Requisition,userTask,4,TK-0001631,EMP-0010,采购申请人,2024-01-17 15:28:41.919266,2024-01-17 16:25:45.919266,approve,3424000
PI-000385,purchase_requisition,PI-000385|A05,n_mgr_appr,Approve Requisition by Manager,userTask,5,TK-0001634,EMP-0048,部门经理,2024-01-17 16:32:03.174830,2024-01-17 23:57:19.174830,approve,26716000
PI-000385,purchase_requisition,PI-000385|A05,n_mgr_appr,Approve Requisition by Manager,userTask,5,TK-0001633,EMP-0045,部门经理,2024-01-17 16:40:47.242163,2024-01-17 18:06:11.242163,approve,5124000
PI-000385,purchase_requisition,PI-000385|A05,n_mgr_appr,Approve Requisition by Manager,userTask,5,TK-0001632,EMP-0041,部门经理,2024-01-17 18:04:20.491119,2024-01-17 19:30:53.491119,approve,5193000
PI-000385,purchase_requisition,PI-000385|A06,n_convert,Convert to Purchase Order,serviceTask,6,TK-0001635,EMP-0056,采购专员,2024-01-18 02:43:26.275633,2024-01-18 02:45:37.275633,approve,131000
PI-000386,purchase_order,PI-000386|A01,n_create_po,Create Purchase Order,serviceTask,1,TK-0001636,EMP-0058,采购专员,2024-01-18 13:59:53.809405,2024-01-18 14:30:52.809405,approve,1859000
PI-000386,purchase_order,PI-000386|A02,n_dir_appr,Approve Purchase Order by Director,userTask,2,TK-0001637,EMP-0050,采购总监,2024-01-18 16:12:19.046856,2024-01-18 18:01:20.046856,reject,6541000
PI-000386,purchase_order,PI-000386|A03,n_cancel_po,Cancel Purchase Order,serviceTask,3,TK-0001638,EMP-0059,采购专员,2024-01-18 20:58:41.681860,2024-01-18 21:07:38.681860,approve,537000
PI-000387,purchase_requisition,PI-000387|A01,n_submit,Submit Purchase Requisition,userTask,1,TK-0001639,EMP-0026,采购申请人,2024-01-17 13:09:55.779633,2024-01-17 15:11:13.779633,approve,7278000
PI-000387,purchase_requisition,PI-000387|A02,n_mgr_appr,Approve Requisition by Manager,userTask,2,TK-0001641,EMP-0043,部门经理,2024-01-17 15:44:42.823531,2024-01-17 16:17:36.823531,approve,1974000
PI-000387,purchase_requisition,PI-000387|A02,n_mgr_appr,Approve Requisition by Manager,userTask,2,TK-0001640,EMP-0047,部门经理,2024-01-17 15:51:31.382615,2024-01-17 16:38:34.382615,approve,2823000
PI-000387,purchase_requisition,PI-000387|A02,n_mgr_appr,Approve Requisition by Manager,userTask,2,TK-0001642,EMP-0046,部门经理,2024-01-17 16:08:39.729927,2024-01-17 18:16:26.729927,approve,7667000
PI-000387,purchase_requisition,PI-000387|A03,n_convert,Convert to Purchase Order,serviceTask,3,TK-0001643,EMP-0054,采购专员,2024-01-17 20:56:27.815529,2024-01-17 21:21:38.815529,approve,1511000
PI-000388,purchase_order,PI-000388|A01,n_create_po,Create Purchase Order,serviceTask,1,TK-0001644,EMP-0054,采购专员,2024-01-18 08:22:06.873784,2024-01-18 08:36:29.873784,approve,863000
PI-000388,purchase_order,PI-000388|A02,n_dir_appr,Approve Purchase Order by Director,userTask,2,TK-0001645,EMP-0049,采购总监,2024-01-18 11:20:24.144443,2024-01-18 13:31:36.144443,approve,7872000
PI-000388,purchase_order,PI-000388|A03,n_send_po,Send Order to Supplier,serviceTask,3,TK-0001646,EMP-0052,采购专员,2024-01-18 14:54:30.416202,2024-01-18 14:57:03.416202,approve,153000
PI-000389,goods_receipt,PI-000389|A01,n_post_gr,Post Goods Receipt,serviceTask,1,TK-0001647,EMP-0069,仓储专员,2024-01-19 16:58:48.155847,2024-01-19 17:15:43.155847,approve,1015000
PI-000389,goods_receipt,PI-000389|A02,n_inspect,Quality Inspection,userTask,2,TK-0001648,EMP-0071,质检员,2024-01-19 17:59:05.075954,2024-01-19 18:34:13.075954,approve,2108000
PI-000389,goods_receipt,PI-000389|A03,n_putaway,Putaway to Warehouse,serviceTask,3,TK-0001649,EMP-0066,仓储专员,2024-01-19 21:21:21.564295,2024-01-19 21:59:07.564295,approve,2266000
PI-000390,invoice_verification,PI-000390|A01,n_enter_inv,Enter Incoming Invoice,userTask,1,TK-0001650,EMP-0077,财务专员,2024-01-22 01:15:48.573584,2024-01-22 01:34:24.573584,approve,1116000
PI-000390,invoice_verification,PI-000390|A02,n_match,Three-Way Match,serviceTask,2,TK-0001651,EMP-0075,财务专员,2024-01-22 05:27:25.757152,2024-01-22 05:55:00.757152,approve,1655000
PI-000390,invoice_verification,PI-000390|A03,n_appr_inv,Approve Invoice,userTask,3,TK-0001653,EMP-0084,应付会计,2024-01-22 06:05:40.968427,2024-01-22 06:29:22.968427,approve,1422000
PI-000390,invoice_verification,PI-000390|A03,n_appr_inv,Approve Invoice,userTask,3,TK-0001652,EMP-0083,应付会计,2024-01-22 06:15:31.866615,2024-01-22 06:49:10.866615,approve,2019000
PI-000390,invoice_verification,PI-000390|A04,n_pay,Post Payment,serviceTask,4,TK-0001654,EMP-0088,出纳,2024-01-22 08:17:32.303700,2024-01-22 08:55:24.303700,approve,2272000
PI-000390,invoice_verification,PI-000390|A05,n_clear,Clear Invoice,serviceTask,5,TK-0001655,EMP-0087,应付会计,2024-01-22 10:38:34.418822,2024-01-22 10:42:09.418822,approve,215000
PI-000391,purchase_order,PI-000391|A01,n_create_po,Create Purchase Order,serviceTask,1,TK-0001656,EMP-0059,采购专员,2024-01-18 18:09:06.302814,2024-01-18 18:21:17.302814,approve,731000
PI-000391,purchase_order,PI-000391|A02,n_send_po,Send Order to Supplier,serviceTask,2,TK-0001657,EMP-0052,采购专员,2024-01-18 21:18:55.744660,2024-01-18 21:20:53.744660,approve,118000
PI-000392,goods_receipt,PI-000392|A01,n_post_gr,Post Goods Receipt,serviceTask,1,TK-0001658,EMP-0068,仓储专员,2024-01-20 00:31:15.192580,2024-01-20 00:52:51.192580,approve,1296000
PI-000392,goods_receipt,PI-000392|A02,n_inspect,Quality Inspection,userTask,2,TK-0001659,EMP-0073,质检员,2024-01-20 04:33:45.935799,2024-01-20 05:02:37.935799,approve,1732000
PI-000392,goods_receipt,PI-000392|A03,n_putaway,Putaway to Warehouse,serviceTask,3,TK-0001660,EMP-0063,仓储专员,2024-01-20 06:04:43.686284,2024-01-20 06:38:18.686284,approve,2015000
PI-000393,invoice_verification,PI-000393|A01,n_enter_inv,Enter Incoming Invoice,userTask,1,TK-0001661,EMP-0076,财务专员,2024-01-24 00:46:05.595825,2024-01-24 02:07:13.595825,approve,4868000
PI-000393,invoice_verification,PI-000393|A02,n_match,Three-Way Match,serviceTask,2,TK-0001662,EMP-0076,财务专员,2024-01-24 04:36:10.764906,2024-01-24 04:38:15.764906,approve,125000
PI-000393,invoice_verification,PI-000393|A03,n_appr_inv,Approve Invoice,userTask,3,TK-0001664,EMP-0083,应付会计,2024-01-24 04:51:26.147189,2024-01-24 07:56:11.147189,approve,11085000
PI-000393,invoice_verification,PI-000393|A03,n_appr_inv,Approve Invoice,userTask,3,TK-0001663,EMP-0084,应付会计,2024-01-24 06:05:42.921223,2024-01-24 06:40:29.921223,approve,2087000
PI-000393,invoice_verification,PI-000393|A04,n_pay,Post Payment,serviceTask,4,TK-0001665,EMP-0090,出纳,2024-01-24 08:44:54.661999,2024-01-24 08:50:22.661999,approve,328000
PI-000393,invoice_verification,PI-000393|A05,n_clear,Clear Invoice,serviceTask,5,TK-0001666,EMP-0083,应付会计,2024-01-24 10:39:22.142228,2024-01-24 10:45:25.142228,approve,363000
PI-000394,invoice_verification,PI-000394|A01,n_enter_inv,Enter Incoming Invoice,userTask,1,TK-0001667,EMP-0078,财务专员,2024-01-28 23:27:01.245619,2024-01-28 23:59:33.245619,approve,1952000
PI-000394,invoice_verification,PI-000394|A02,n_match,Three-Way Match,serviceTask,2,TK-0001668,EMP-0078,财务专员,2024-01-29 00:42:43.418046,2024-01-29 00:54:38.418046,approve,715000
PI-000394,invoice_verification,PI-000394|A03,n_appr_inv,Approve Invoice,userTask,3,TK-0001670,EMP-0086,应付会计,2024-01-29 00:57:02.719126,2024-01-29 04:37:07.719126,approve,13205000
PI-000394,invoice_verification,PI-000394|A03,n_appr_inv,Approve Invoice,userTask,3,TK-0001669,EMP-0084,应付会计,2024-01-29 01:28:29.971657,2024-01-29 02:07:35.971657,approve,2346000
PI-000394,invoice_verification,PI-000394|A04,n_pay,Post Payment,serviceTask,4,TK-0001671,EMP-0088,出纳,2024-01-29 04:57:19.331184,2024-01-29 05:02:42.331184,approve,323000
PI-000394,invoice_verification,PI-000394|A05,n_clear,Clear Invoice,serviceTask,5,TK-0001672,EMP-0087,应付会计,2024-01-29 08:05:16.997934,2024-01-29 08:09:54.997934,approve,278000
PI-000395,purchase_requisition,PI-000395|A01,n_submit,Submit Purchase Requisition,userTask,1,TK-0001673,EMP-0006,采购申请人,2024-01-17 17:13:48.620483,2024-01-17 17:47:42.620483,approve,2034000
PI-000395,purchase_requisition,PI-000395|A02,n_mgr_appr,Approve Requisition by Manager,userTask,2,TK-0001675,EMP-0043,部门经理,2024-01-17 18:10:10.694961,2024-01-17 19:05:39.694961,approve,3329000
PI-000395,purchase_requisition,PI-000395|A02,n_mgr_appr,Approve Requisition by Manager,userTask,2,TK-0001674,EMP-0048,部门经理,2024-01-17 18:28:45.595734,2024-01-17 19:35:41.595734,approve,4016000
PI-000395,purchase_requisition,PI-000395|A02,n_mgr_appr,Approve Requisition by Manager,userTask,2,TK-0001676,EMP-0044,部门经理,2024-01-17 18:43:16.212634,2024-01-17 19:22:11.212634,approve,2335000
PI-000395,purchase_requisition,PI-000395|A03,n_convert,Convert to Purchase Order,serviceTask,3,TK-0001677,EMP-0058,采购专员,2024-01-17 21:19:17.915738,2024-01-17 21:32:18.915738,approve,781000
PI-000396,purchase_order,PI-000396|A01,n_create_po,Create Purchase Order,serviceTask,1,TK-0001678,EMP-0057,采购专员,2024-01-18 08:05:30.555268,2024-01-18 08:20:26.555268,approve,896000
PI-000396,purchase_order,PI-000396|A02,n_send_po,Send Order to Supplier,serviceTask,2,TK-0001679,EMP-0056,采购专员,2024-01-18 09:18:57.679269,2024-01-18 09:23:39.679269,approve,282000
PI-000397,goods_receipt,PI-000397|A01,n_post_gr,Post Goods Receipt,serviceTask,1,TK-0001680,EMP-0063,仓储专员,2024-01-18 19:23:35.903734,2024-01-18 19:46:08.903734,approve,1353000
PI-000397,goods_receipt,PI-000397|A02,n_inspect,Quality Inspection,userTask,2,TK-0001681,EMP-0073,质检员,2024-01-18 22:59:59.974586,2024-01-18 23:40:37.974586,approve,2438000
PI-000397,goods_receipt,PI-000397|A03,n_putaway,Putaway to Warehouse,serviceTask,3,TK-0001682,EMP-0066,仓储专员,2024-01-19 02:26:23.186297,2024-01-19 02:53:36.186297,approve,1633000
PI-000398,invoice_verification,PI-000398|A01,n_enter_inv,Enter Incoming Invoice,userTask,1,TK-0001683,EMP-0080,财务专员,2024-01-23 06:49:02.407946,2024-01-23 07:13:14.407946,approve,1452000
PI-000398,invoice_verification,PI-000398|A02,n_match,Three-Way Match,serviceTask,2,TK-0001684,EMP-0080,财务专员,2024-01-23 09:59:59.180991,2024-01-23 10:41:07.180991,approve,2468000
PI-000398,invoice_verification,PI-000398|A03,n_appr_inv,Approve Invoice,userTask,3,TK-0001686,EMP-0085,应付会计,2024-01-23 11:35:58.786380,2024-01-23 13:10:46.786380,approve,5688000
PI-000398,invoice_verification,PI-000398|A03,n_appr_inv,Approve Invoice,userTask,3,TK-0001685,EMP-0087,应付会计,2024-01-23 12:06:25.654865,2024-01-23 13:56:39.654865,approve,6614000
PI-000398,invoice_verification,PI-000398|A04,n_pay,Post Payment,serviceTask,4,TK-0001687,EMP-0088,出纳,2024-01-23 15:56:28.744538,2024-01-23 16:08:01.744538,approve,693000
PI-000398,invoice_verification,PI-000398|A05,n_clear,Clear Invoice,serviceTask,5,TK-0001688,EMP-0083,应付会计,2024-01-23 17:43:18.165677,2024-01-23 17:46:31.165677,approve,193000
PI-000399,purchase_requisition,PI-000399|A01,n_submit,Submit Purchase Requisition,userTask,1,TK-0001689,EMP-0018,采购申请人,2024-01-17 21:45:01.752856,2024-01-17 22:22:18.752856,approve,2237000
PI-000399,purchase_requisition,PI-000399|A02,n_mgr_appr,Approve Requisition by Manager,userTask,2,TK-0001691,EMP-0043,部门经理,2024-01-17 22:40:07.949190,2024-01-17 23:58:49.949190,approve,4722000
PI-000399,purchase_requisition,PI-000399|A02,n_mgr_appr,Approve Requisition by Manager,userTask,2,TK-0001690,EMP-0046,部门经理,2024-01-18 00:02:10.126640,2024-01-18 01:00:42.126640,approve,3512000
PI-000399,purchase_requisition,PI-000399|A03,n_convert,Convert to Purchase Order,serviceTask,3,TK-0001692,EMP-0061,采购专员,2024-01-18 03:27:53.774523,2024-01-18 03:35:35.774523,approve,462000
PI-000400,purchase_order,PI-000400|A01,n_create_po,Create Purchase Order,serviceTask,1,TK-0001693,EMP-0058,采购专员,2024-01-18 07:52:13.023115,2024-01-18 08:01:37.023115,approve,564000
PI-000400,purchase_order,PI-000400|A02,n_dir_appr,Approve Purchase Order by Director,userTask,2,TK-0001694,EMP-0051,采购总监,2024-01-18 09:50:59.386930,2024-01-18 11:15:14.386930,approve,5055000
PI-000400,purchase_order,PI-000400|A03,n_send_po,Send Order to Supplier,serviceTask,3,TK-0001695,EMP-0061,采购专员,2024-01-18 11:50:26.740059,2024-01-18 12:03:50.740059,approve,804000
PI-000401,goods_receipt,PI-000401|A01,n_post_gr,Post Goods Receipt,serviceTask,1,TK-0001696,EMP-0066,仓储专员,2024-01-21 01:56:29.816953,2024-01-21 02:09:06.816953,approve,757000
PI-000401,goods_receipt,PI-000401|A02,n_inspect,Quality Inspection,userTask,2,TK-0001697,EMP-0070,质检员,2024-01-21 02:46:59.568210,2024-01-21 03:12:24.568210,approve,1525000
PI-000401,goods_receipt,PI-000401|A03,n_putaway,Putaway to Warehouse,serviceTask,3,TK-0001698,EMP-0067,仓储专员,2024-01-21 07:05:54.272233,2024-01-21 07:27:26.272233,approve,1292000
PI-000402,invoice_verification,PI-000402|A01,n_enter_inv,Enter Incoming Invoice,userTask,1,TK-0001699,EMP-0081,财务专员,2024-01-24 03:07:26.037233,2024-01-24 03:34:04.037233,approve,1598000
PI-000402,invoice_verification,PI-000402|A02,n_match,Three-Way Match,serviceTask,2,TK-0001700,EMP-0079,财务专员,2024-01-24 04:32:30.323014,2024-01-24 04:45:06.323014,reject,756000
PI-000402,invoice_verification,PI-000402|A03,n_park,Park Invoice,userTask,3,TK-0001701,EMP-0077,财务专员,2024-01-24 08:34:23.659397,2024-01-24 08:44:56.659397,approve,633000
PI-000402,invoice_verification,PI-000402|A04,n_handle_exc,Handle Invoice Exception,userTask,4,TK-0001702,EMP-0081,财务专员,2024-01-24 08:54:28.165209,2024-01-24 10:46:53.165209,approve,6745000
PI-000402,invoice_verification,PI-000402|A05,n_match,Three-Way Match,serviceTask,5,TK-0001703,EMP-0076,财务专员,2024-01-24 11:01:18.998501,2024-01-24 11:10:27.998501,approve,549000
PI-000402,invoice_verification,PI-000402|A06,n_appr_inv,Approve Invoice,userTask,6,TK-0001705,EMP-0085,应付会计,2024-01-24 11:21:17.848866,2024-01-24 12:22:24.848866,approve,3667000
PI-000402,invoice_verification,PI-000402|A06,n_appr_inv,Approve Invoice,userTask,6,TK-0001704,EMP-0087,应付会计,2024-01-24 12:14:01.124077,2024-01-24 13:50:19.124077,approve,5778000
PI-000402,invoice_verification,PI-000402|A07,n_pay,Post Payment,serviceTask,7,TK-0001706,EMP-0089,出纳,2024-01-24 14:32:53.196914,2024-01-24 14:37:41.196914,approve,288000
PI-000402,invoice_verification,PI-000402|A08,n_clear,Clear Invoice,serviceTask,8,TK-0001707,EMP-0085,应付会计,2024-01-24 18:13:41.983520,2024-01-24 18:17:49.983520,approve,248000
PI-000403,purchase_requisition,PI-000403|A01,n_submit,Submit Purchase Requisition,userTask,1,TK-0001708,EMP-0033,采购申请人,2024-01-18 00:22:16.287483,2024-01-18 00:28:00.287483,approve,344000
PI-000403,purchase_requisition,PI-000403|A02,n_mgr_appr,Approve Requisition by Manager,userTask,2,TK-0001710,EMP-0043,部门经理,2024-01-18 01:21:38.206155,2024-01-18 03:03:14.206155,approve,6096000
PI-000403,purchase_requisition,PI-000403|A02,n_mgr_appr,Approve Requisition by Manager,userTask,2,TK-0001709,EMP-0045,部门经理,2024-01-18 01:26:20.367898,2024-01-18 02:41:53.367898,approve,4533000
PI-000403,purchase_requisition,PI-000403|A03,n_convert,Convert to Purchase Order,serviceTask,3,TK-0001711,EMP-0054,采购专员,2024-01-18 06:30:25.254092,2024-01-18 06:38:36.254092,approve,491000
PI-000404,purchase_order,PI-000404|A01,n_create_po,Create Purchase Order,serviceTask,1,TK-0001712,EMP-0056,采购专员,2024-01-19 01:25:22.314223,2024-01-19 01:35:36.314223,approve,614000
PI-000404,purchase_order,PI-000404|A02,n_dir_appr,Approve Purchase Order by Director,userTask,2,TK-0001713,EMP-0049,采购总监,2024-01-19 04:12:21.701056,2024-01-19 05:25:08.701056,reject,4367000
PI-000404,purchase_order,PI-000404|A03,n_revise_po,Revise Purchase Order,serviceTask,3,TK-0001714,EMP-0052,采购专员,2024-01-19 09:01:17.857025,2024-01-19 09:19:23.857025,approve,1086000
PI-000404,purchase_order,PI-000404|A04,n_create_po,Create Purchase Order,serviceTask,4,TK-0001715,EMP-0055,采购专员,2024-01-19 09:52:40.439819,2024-01-19 10:02:00.439819,approve,560000
PI-000404,purchase_order,PI-000404|A05,n_dir_appr,Approve Purchase Order by Director,userTask,5,TK-0001716,EMP-0051,采购总监,2024-01-19 11:59:44.562266,2024-01-19 14:04:42.562266,reject,7498000
PI-000404,purchase_order,PI-000404|A06,n_revise_po,Revise Purchase Order,serviceTask,6,TK-0001717,EMP-0052,采购专员,2024-01-19 14:18:26.534730,2024-01-19 14:39:54.534730,approve,1288000
PI-000404,purchase_order,PI-000404|A07,n_create_po,Create Purchase Order,serviceTask,7,TK-0001718,EMP-0052,采购专员,2024-01-19 17:00:26.860405,2024-01-19 17:23:57.860405,approve,1411000
PI-000404,purchase_order,PI-000404|A08,n_dir_appr,Approve Purchase Order by Director,userTask,8,TK-0001719,EMP-0050,采购总监,2024-01-19 17:34:42.081948,2024-01-19 18:25:14.081948,approve,3032000
PI-000404,purchase_order,PI-000404|A09,n_send_po,Send Order to Supplier,serviceTask,9,TK-0001720,EMP-0061,采购专员,2024-01-19 21:46:33.115937,2024-01-19 21:47:33.115937,approve,60000
PI-000405,goods_receipt,PI-000405|A01,n_post_gr,Post Goods Receipt,serviceTask,1,TK-0001721,EMP-0069,仓储专员,2024-01-21 19:52:20.212849,2024-01-21 19:54:52.212849,approve,152000
PI-000405,goods_receipt,PI-000405|A02,n_inspect,Quality Inspection,userTask,2,TK-0001722,EMP-0072,质检员,2024-01-21 22:52:38.461729,2024-01-21 23:28:38.461729,approve,2160000
PI-000405,goods_receipt,PI-000405|A03,n_putaway,Putaway to Warehouse,serviceTask,3,TK-0001723,EMP-0067,仓储专员,2024-01-22 02:33:57.579102,2024-01-22 02:42:11.579102,approve,494000
PI-000406,goods_receipt,PI-000406|A01,n_post_gr,Post Goods Receipt,serviceTask,1,TK-0001724,EMP-0064,仓储专员,2024-01-24 13:01:50.161296,2024-01-24 13:08:59.161296,approve,429000
PI-000406,goods_receipt,PI-000406|A02,n_inspect,Quality Inspection,userTask,2,TK-0001725,EMP-0074,质检员,2024-01-24 13:46:46.411635,2024-01-24 14:59:21.411635,approve,4355000
PI-000406,goods_receipt,PI-000406|A03,n_putaway,Putaway to Warehouse,serviceTask,3,TK-0001726,EMP-0068,仓储专员,2024-01-24 18:31:19.606151,2024-01-24 19:03:01.606151,approve,1902000
PI-000407,invoice_verification,PI-000407|A01,n_enter_inv,Enter Incoming Invoice,userTask,1,TK-0001727,EMP-0080,财务专员,2024-01-28 14:51:22.467875,2024-01-28 14:58:18.467875,approve,416000
PI-000407,invoice_verification,PI-000407|A02,n_match,Three-Way Match,serviceTask,2,TK-0001728,EMP-0081,财务专员,2024-01-28 15:54:47.374930,2024-01-28 16:00:41.374930,approve,354000
PI-000407,invoice_verification,PI-000407|A03,n_appr_inv,Approve Invoice,userTask,3,TK-0001730,EMP-0087,应付会计,2024-01-28 16:55:48.510992,2024-01-28 18:05:52.510992,approve,4204000
PI-000407,invoice_verification,PI-000407|A03,n_appr_inv,Approve Invoice,userTask,3,TK-0001729,EMP-0084,应付会计,2024-01-28 17:28:03.167947,2024-01-28 19:10:06.167947,approve,6123000
PI-000407,invoice_verification,PI-000407|A04,n_pay,Post Payment,serviceTask,4,TK-0001731,EMP-0089,出纳,2024-01-28 22:29:01.938527,2024-01-28 22:41:42.938527,approve,761000
PI-000407,invoice_verification,PI-000407|A05,n_clear,Clear Invoice,serviceTask,5,TK-0001732,EMP-0083,应付会计,2024-01-28 22:50:31.640473,2024-01-28 22:54:55.640473,approve,264000
PI-000408,purchase_requisition,PI-000408|A01,n_submit,Submit Purchase Requisition,userTask,1,TK-0001733,EMP-0005,采购申请人,2024-01-18 06:01:02.299068,2024-01-18 06:18:02.299068,approve,1020000
PI-000408,purchase_requisition,PI-000408|A02,n_mgr_appr,Approve Requisition by Manager,userTask,2,TK-0001735,EMP-0046,部门经理,2024-01-18 06:34:52.421045,2024-01-18 07:26:09.421045,approve,3077000
PI-000408,purchase_requisition,PI-000408|A02,n_mgr_appr,Approve Requisition by Manager,userTask,2,TK-0001736,EMP-0045,部门经理,2024-01-18 07:03:42.453558,2024-01-18 08:48:51.453558,approve,6309000
PI-000408,purchase_requisition,PI-000408|A02,n_mgr_appr,Approve Requisition by Manager,userTask,2,TK-0001734,EMP-0048,部门经理,2024-01-18 07:31:16.318763,2024-01-18 08:31:15.318763,approve,3599000
PI-000408,purchase_requisition,PI-000408|A03,n_convert,Convert to Purchase Order,serviceTask,3,TK-0001737,EMP-0059,采购专员,2024-01-18 12:47:35.853821,2024-01-18 13:01:38.853821,approve,843000
PI-000409,purchase_order,PI-000409|A01,n_create_po,Create Purchase Order,serviceTask,1,TK-0001738,EMP-0059,采购专员,2024-01-18 21:40:25.654415,2024-01-18 21:45:47.654415,approve,322000
PI-000409,purchase_order,PI-000409|A02,n_send_po,Send Order to Supplier,serviceTask,2,TK-0001739,EMP-0058,采购专员,2024-01-18 22:13:06.502439,2024-01-18 22:21:42.502439,approve,516000
PI-000410,goods_receipt,PI-000410|A01,n_post_gr,Post Goods Receipt,serviceTask,1,TK-0001740,EMP-0068,仓储专员,2024-01-20 12:00:22.295098,2024-01-20 12:14:23.295098,approve,841000
PI-000410,goods_receipt,PI-000410|A02,n_inspect,Quality Inspection,userTask,2,TK-0001741,EMP-0074,质检员,2024-01-20 14:14:47.791016,2024-01-20 15:43:55.791016,reject,5348000
PI-000410,goods_receipt,PI-000410|A03,n_return,Return to Supplier,serviceTask,3,TK-0001742,EMP-0067,仓储专员,2024-01-20 17:29:12.706607,2024-01-20 17:42:19.706607,approve,787000
PI-000411,goods_receipt,PI-000411|A01,n_post_gr,Post Goods Receipt,serviceTask,1,TK-0001743,EMP-0067,仓储专员,2024-01-21 02:15:00.599702,2024-01-21 02:29:37.599702,approve,877000
PI-000411,goods_receipt,PI-000411|A02,n_inspect,Quality Inspection,userTask,2,TK-0001744,EMP-0070,质检员,2024-01-21 02:58:29.281562,2024-01-21 05:31:56.281562,approve,9207000
PI-000411,goods_receipt,PI-000411|A03,n_putaway,Putaway to Warehouse,serviceTask,3,TK-0001745,EMP-0068,仓储专员,2024-01-21 05:41:45.861795,2024-01-21 06:14:51.861795,approve,1986000
PI-000412,invoice_verification,PI-000412|A01,n_enter_inv,Enter Incoming Invoice,userTask,1,TK-0001746,EMP-0081,财务专员,2024-01-22 18:56:45.256612,2024-01-22 19:33:10.256612,approve,2185000
PI-000412,invoice_verification,PI-000412|A02,n_match,Three-Way Match,serviceTask,2,TK-0001747,EMP-0077,财务专员,2024-01-22 20:06:36.509983,2024-01-22 20:09:42.509983,approve,186000
PI-000412,invoice_verification,PI-000412|A03,n_appr_inv,Approve Invoice,userTask,3,TK-0001749,EMP-0085,应付会计,2024-01-22 20:14:00.860039,2024-01-22 20:44:00.860039,approve,1800000
PI-000412,invoice_verification,PI-000412|A03,n_appr_inv,Approve Invoice,userTask,3,TK-0001748,EMP-0087,应付会计,2024-01-22 21:09:39.880194,2024-01-22 22:05:32.880194,approve,3353000
PI-000412,invoice_verification,PI-000412|A04,n_pay,Post Payment,serviceTask,4,TK-0001750,EMP-0089,出纳,2024-01-22 22:13:10.710249,2024-01-22 22:16:08.710249,approve,178000
PI-000412,invoice_verification,PI-000412|A05,n_clear,Clear Invoice,serviceTask,5,TK-0001751,EMP-0083,应付会计,2024-01-22 23:32:25.862687,2024-01-22 23:42:48.862687,approve,623000
PI-000413,invoice_verification,PI-000413|A01,n_enter_inv,Enter Incoming Invoice,userTask,1,TK-0001752,EMP-0082,财务专员,2024-01-24 06:26:42.112383,2024-01-24 06:38:05.112383,approve,683000
PI-000413,invoice_verification,PI-000413|A02,n_match,Three-Way Match,serviceTask,2,TK-0001753,EMP-0076,财务专员,2024-01-24 07:17:25.297150,2024-01-24 07:20:37.297150,approve,192000
PI-000413,invoice_verification,PI-000413|A03,n_appr_inv,Approve Invoice,userTask,3,TK-0001755,EMP-0084,应付会计,2024-01-24 07:37:50.687366,2024-01-24 07:57:32.687366,approve,1182000
PI-000413,invoice_verification,PI-000413|A03,n_appr_inv,Approve Invoice,userTask,3,TK-0001754,EMP-0087,应付会计,2024-01-24 07:54:02.065116,2024-01-24 08:34:23.065116,approve,2421000
PI-000413,invoice_verification,PI-000413|A04,n_pay,Post Payment,serviceTask,4,TK-0001756,EMP-0089,出纳,2024-01-24 08:45:53.144951,2024-01-24 08:54:28.144951,approve,515000
PI-000413,invoice_verification,PI-000413|A05,n_clear,Clear Invoice,serviceTask,5,TK-0001757,EMP-0084,应付会计,2024-01-24 10:52:07.202737,2024-01-24 11:10:08.202737,approve,1081000
PI-000414,purchase_order,PI-000414|A01,n_create_po,Create Purchase Order,serviceTask,1,TK-0001758,EMP-0053,采购专员,2024-01-19 01:58:48.569115,2024-01-19 02:43:55.569115,approve,2707000
PI-000414,purchase_order,PI-000414|A02,n_dir_appr,Approve Purchase Order by Director,userTask,2,TK-0001759,EMP-0050,采购总监,2024-01-19 04:38:05.119125,2024-01-19 05:32:14.119125,approve,3249000
PI-000414,purchase_order,PI-000414|A03,n_send_po,Send Order to Supplier,serviceTask,3,TK-0001760,EMP-0059,采购专员,2024-01-19 07:37:25.422566,2024-01-19 07:39:08.422566,approve,103000
PI-000415,goods_receipt,PI-000415|A01,n_post_gr,Post Goods Receipt,serviceTask,1,TK-0001761,EMP-0063,仓储专员,2024-01-21 11:07:14.750013,2024-01-21 11:15:25.750013,approve,491000
PI-000415,goods_receipt,PI-000415|A02,n_inspect,Quality Inspection,userTask,2,TK-0001762,EMP-0072,质检员,2024-01-21 14:58:13.909727,2024-01-21 15:32:18.909727,approve,2045000
PI-000415,goods_receipt,PI-000415|A03,n_putaway,Putaway to Warehouse,serviceTask,3,TK-0001763,EMP-0065,仓储专员,2024-01-21 18:51:21.776243,2024-01-21 19:22:27.776243,approve,1866000
PI-000416,invoice_verification,PI-000416|A01,n_enter_inv,Enter Incoming Invoice,userTask,1,TK-0001764,EMP-0077,财务专员,2024-01-25 19:43:27.371232,2024-01-25 20:16:30.371232,approve,1983000
PI-000416,invoice_verification,PI-000416|A02,n_match,Three-Way Match,serviceTask,2,TK-0001765,EMP-0080,财务专员,2024-01-25 21:09:33.320488,2024-01-25 21:16:50.320488,approve,437000
PI-000416,invoice_verification,PI-000416|A03,n_appr_inv,Approve Invoice,userTask,3,TK-0001767,EMP-0087,应付会计,2024-01-25 22:10:18.031448,2024-01-25 23:40:56.031448,approve,5438000
PI-000416,invoice_verification,PI-000416|A03,n_appr_inv,Approve Invoice,userTask,3,TK-0001766,EMP-0084,应付会计,2024-01-25 22:30:37.426081,2024-01-25 23:34:17.426081,approve,3820000
PI-000416,invoice_verification,PI-000416|A04,n_pay,Post Payment,serviceTask,4,TK-0001768,EMP-0090,出纳,2024-01-26 00:49:33.472408,2024-01-26 01:03:52.472408,approve,859000
PI-000416,invoice_verification,PI-000416|A05,n_clear,Clear Invoice,serviceTask,5,TK-0001769,EMP-0087,应付会计,2024-01-26 01:25:48.380870,2024-01-26 01:28:42.380870,approve,174000
PI-000417,purchase_requisition,PI-000417|A01,n_submit,Submit Purchase Requisition,userTask,1,TK-0001770,EMP-0005,采购申请人,2024-01-18 12:14:58.025819,2024-01-18 12:43:41.025819,approve,1723000
PI-000417,purchase_requisition,PI-000417|A02,n_mgr_appr,Approve Requisition by Manager,userTask,2,TK-0001773,EMP-0041,部门经理,2024-01-18 12:48:50.693283,2024-01-18 14:35:39.693283,reject,6409000
PI-000417,purchase_requisition,PI-000417|A02,n_mgr_appr,Approve Requisition by Manager,userTask,2,TK-0001772,EMP-0045,部门经理,2024-01-18 12:56:11.270272,2024-01-18 13:22:08.270272,reject,1557000
PI-000417,purchase_requisition,PI-000417|A02,n_mgr_appr,Approve Requisition by Manager,userTask,2,TK-0001771,EMP-0048,部门经理,2024-01-18 13:43:27.966088,2024-01-18 14:34:52.966088,reject,3085000
PI-000417,purchase_requisition,PI-000417|A03,n_revise,Revise Requisition,userTask,3,TK-0001774,EMP-0005,采购申请人,2024-01-18 17:44:52.269281,2024-01-18 18:28:13.269281,approve,2601000
PI-000417,purchase_requisition,PI-000417|A04,n_submit,Submit Purchase Requisition,userTask,4,TK-0001775,EMP-0005,采购申请人,2024-01-18 20:59:56.745603,2024-01-18 21:15:34.745603,approve,938000
PI-000417,purchase_requisition,PI-000417|A05,n_mgr_appr,Approve Requisition by Manager,userTask,5,TK-0001777,EMP-0047,部门经理,2024-01-18 21:30:19.901223,2024-01-18 21:54:00.901223,approve,1421000
PI-000417,purchase_requisition,PI-000417|A05,n_mgr_appr,Approve Requisition by Manager,userTask,5,TK-0001776,EMP-0046,部门经理,2024-01-18 21:38:01.495585,2024-01-18 22:43:57.495585,approve,3956000
PI-000417,purchase_requisition,PI-000417|A05,n_mgr_appr,Approve Requisition by Manager,userTask,5,TK-0001778,EMP-0042,部门经理,2024-01-18 22:12:56.312749,2024-01-18 23:11:50.312749,approve,3534000
PI-000417,purchase_requisition,PI-000417|A06,n_convert,Convert to Purchase Order,serviceTask,6,TK-0001779,EMP-0059,采购专员,2024-01-19 01:40:05.774354,2024-01-19 01:54:28.774354,approve,863000
PI-000418,purchase_order,PI-000418|A01,n_create_po,Create Purchase Order,serviceTask,1,TK-0001780,EMP-0058,采购专员,2024-01-19 16:13:19.873578,2024-01-19 16:35:42.873578,approve,1343000
PI-000418,purchase_order,PI-000418|A02,n_dir_appr,Approve Purchase Order by Director,userTask,2,TK-0001781,EMP-0050,采购总监,2024-01-19 17:56:24.201808,2024-01-19 19:26:07.201808,approve,5383000
PI-000418,purchase_order,PI-000418|A03,n_send_po,Send Order to Supplier,serviceTask,3,TK-0001782,EMP-0057,采购专员,2024-01-19 20:05:04.873681,2024-01-19 20:11:34.873681,approve,390000
PI-000419,goods_receipt,PI-000419|A01,n_post_gr,Post Goods Receipt,serviceTask,1,TK-0001783,EMP-0069,仓储专员,2024-01-20 18:12:05.770587,2024-01-20 18:32:07.770587,approve,1202000
PI-000419,goods_receipt,PI-000419|A02,n_inspect,Quality Inspection,userTask,2,TK-0001784,EMP-0070,质检员,2024-01-20 20:08:30.835873,2024-01-20 20:41:49.835873,reject,1999000
PI-000419,goods_receipt,PI-000419|A03,n_return,Return to Supplier,serviceTask,3,TK-0001785,EMP-0068,仓储专员,2024-01-20 21:07:51.234636,2024-01-20 21:31:44.234636,approve,1433000
PI-000420,goods_receipt,PI-000420|A01,n_post_gr,Post Goods Receipt,serviceTask,1,TK-0001786,EMP-0065,仓储专员,2024-01-23 00:04:33.715409,2024-01-23 00:34:13.715409,approve,1780000
PI-000420,goods_receipt,PI-000420|A02,n_inspect,Quality Inspection,userTask,2,TK-0001787,EMP-0071,质检员,2024-01-23 01:00:56.228016,2024-01-23 01:58:32.228016,reject,3456000
PI-000420,goods_receipt,PI-000420|A03,n_return,Return to Supplier,serviceTask,3,TK-0001788,EMP-0069,仓储专员,2024-01-23 02:38:33.541697,2024-01-23 02:54:52.541697,approve,979000
PI-000421,invoice_verification,PI-000421|A01,n_enter_inv,Enter Incoming Invoice,userTask,1,TK-0001789,EMP-0076,财务专员,2024-01-24 04:45:32.046780,2024-01-24 05:22:54.046780,approve,2242000
PI-000421,invoice_verification,PI-000421|A02,n_match,Three-Way Match,serviceTask,2,TK-0001790,EMP-0077,财务专员,2024-01-24 06:35:38.272972,2024-01-24 06:43:09.272972,approve,451000
PI-000421,invoice_verification,PI-000421|A03,n_appr_inv,Approve Invoice,userTask,3,TK-0001791,EMP-0087,应付会计,2024-01-24 06:55:54.209483,2024-01-24 07:28:05.209483,approve,1931000
PI-000421,invoice_verification,PI-000421|A03,n_appr_inv,Approve Invoice,userTask,3,TK-0001792,EMP-0083,应付会计,2024-01-24 07:11:58.902180,2024-01-24 09:47:01.902180,approve,9303000
PI-000421,invoice_verification,PI-000421|A04,n_pay,Post Payment,serviceTask,4,TK-0001793,EMP-0088,出纳,2024-01-24 10:49:45.518425,2024-01-24 11:12:54.518425,approve,1389000
PI-000421,invoice_verification,PI-000421|A05,n_clear,Clear Invoice,serviceTask,5,TK-0001794,EMP-0087,应付会计,2024-01-24 14:48:11.736827,2024-01-24 14:53:19.736827,approve,308000
PI-000422,purchase_requisition,PI-000422|A01,n_submit,Submit Purchase Requisition,userTask,1,TK-0001795,EMP-0016,采购申请人,2024-01-18 16:23:17.529614,2024-01-18 16:40:33.529614,approve,1036000
PI-000422,purchase_requisition,PI-000422|A02,n_mgr_appr,Approve Requisition by Manager,userTask,2,TK-0001796,EMP-0042,部门经理,2024-01-18 17:01:11.268956,2024-01-18 17:36:03.268956,approve,2092000
PI-000422,purchase_requisition,PI-000422|A02,n_mgr_appr,Approve Requisition by Manager,userTask,2,TK-0001797,EMP-0044,部门经理,2024-01-18 17:10:58.578297,2024-01-18 19:09:16.578297,approve,7098000
PI-000422,purchase_requisition,PI-000422|A03,n_convert,Convert to Purchase Order,serviceTask,3,TK-0001798,EMP-0059,采购专员,2024-01-18 23:00:22.257374,2024-01-18 23:23:09.257374,approve,1367000
PI-000423,purchase_order,PI-000423|A01,n_create_po,Create Purchase Order,serviceTask,1,TK-0001799,EMP-0053,采购专员,2024-01-20 01:42:44.091874,2024-01-20 01:55:24.091874,approve,760000
PI-000423,purchase_order,PI-000423|A02,n_dir_appr,Approve Purchase Order by Director,userTask,2,TK-0001800,EMP-0049,采购总监,2024-01-20 02:51:03.634947,2024-01-20 08:29:01.634947,approve,20278000
PI-000423,purchase_order,PI-000423|A03,n_send_po,Send Order to Supplier,serviceTask,3,TK-0001801,EMP-0054,采购专员,2024-01-20 11:06:33.540550,2024-01-20 11:10:11.540550,approve,218000
PI-000424,goods_receipt,PI-000424|A01,n_post_gr,Post Goods Receipt,serviceTask,1,TK-0001802,EMP-0064,仓储专员,2024-01-23 11:56:23.615340,2024-01-23 12:21:02.615340,approve,1479000
PI-000424,goods_receipt,PI-000424|A02,n_inspect,Quality Inspection,userTask,2,TK-0001803,EMP-0073,质检员,2024-01-23 15:54:29.971388,2024-01-23 16:05:46.971388,approve,677000
PI-000424,goods_receipt,PI-000424|A03,n_putaway,Putaway to Warehouse,serviceTask,3,TK-0001804,EMP-0069,仓储专员,2024-01-23 16:26:42.326153,2024-01-23 16:49:04.326153,approve,1342000
PI-000425,goods_receipt,PI-000425|A01,n_post_gr,Post Goods Receipt,serviceTask,1,TK-0001805,EMP-0062,仓储专员,2024-01-25 22:40:26.836486,2024-01-25 22:55:50.836486,approve,924000
PI-000425,goods_receipt,PI-000425|A02,n_inspect,Quality Inspection,userTask,2,TK-0001806,EMP-0074,质检员,2024-01-26 00:49:00.939177,2024-01-26 01:44:12.939177,approve,3312000
PI-000425,goods_receipt,PI-000425|A03,n_putaway,Putaway to Warehouse,serviceTask,3,TK-0001807,EMP-0063,仓储专员,2024-01-26 05:16:50.754957,2024-01-26 06:08:43.754957,approve,3113000
PI-000426,invoice_verification,PI-000426|A01,n_enter_inv,Enter Incoming Invoice,userTask,1,TK-0001808,EMP-0077,财务专员,2024-01-30 04:45:34.540889,2024-01-30 05:01:47.540889,approve,973000
PI-000426,invoice_verification,PI-000426|A02,n_match,Three-Way Match,serviceTask,2,TK-0001809,EMP-0079,财务专员,2024-01-30 05:40:37.256710,2024-01-30 05:52:27.256710,approve,710000
PI-000426,invoice_verification,PI-000426|A03,n_appr_inv,Approve Invoice,userTask,3,TK-0001810,EMP-0083,应付会计,2024-01-30 06:32:17.337716,2024-01-30 07:29:57.337716,approve,3460000
PI-000426,invoice_verification,PI-000426|A03,n_appr_inv,Approve Invoice,userTask,3,TK-0001811,EMP-0087,应付会计,2024-01-30 06:42:21.465699,2024-01-30 07:02:12.465699,approve,1191000
PI-000426,invoice_verification,PI-000426|A04,n_pay,Post Payment,serviceTask,4,TK-0001812,EMP-0088,出纳,2024-01-30 07:35:05.332157,2024-01-30 07:42:02.332157,approve,417000
PI-000426,invoice_verification,PI-000426|A05,n_clear,Clear Invoice,serviceTask,5,TK-0001813,EMP-0086,应付会计,2024-01-30 11:22:05.721839,2024-01-30 11:23:50.721839,approve,105000
PI-000427,purchase_requisition,PI-000427|A01,n_submit,Submit Purchase Requisition,userTask,1,TK-0001814,EMP-0022,采购申请人,2024-01-19 00:43:23.959890,2024-01-19 00:56:19.959890,approve,776000
PI-000427,purchase_requisition,PI-000427|A02,n_mgr_appr,Approve Requisition by Manager,userTask,2,TK-0001816,EMP-0046,部门经理,2024-01-19 01:45:05.497472,2024-01-19 03:18:30.497472,approve,5605000
PI-000427,purchase_requisition,PI-000427|A02,n_mgr_appr,Approve Requisition by Manager,userTask,2,TK-0001817,EMP-0047,部门经理,2024-01-19 01:45:35.922745,2024-01-19 02:39:22.922745,approve,3227000
PI-000427,purchase_requisition,PI-000427|A02,n_mgr_appr,Approve Requisition by Manager,userTask,2,TK-0001815,EMP-0043,部门经理,2024-01-19 02:37:23.934608,2024-01-19 04:01:39.934608,approve,5056000
PI-000427,purchase_requisition,PI-000427|A03,n_convert,Convert to Purchase Order,serviceTask,3,TK-0001818,EMP-0058,采购专员,2024-01-19 04:18:43.075250,2024-01-19 04:36:08.075250,approve,1045000
PI-000428,purchase_order,PI-000428|A01,n_create_po,Create Purchase Order,serviceTask,1,TK-0001819,EMP-0060,采购专员,2024-01-20 04:22:10.243348,2024-01-20 04:46:56.243348,approve,1486000
PI-000428,purchase_order,PI-000428|A02,n_dir_appr,Approve Purchase Order by Director,userTask,2,TK-0001820,EMP-0050,采购总监,2024-01-20 08:34:49.975260,2024-01-20 12:09:28.975260,approve,12879000
PI-000428,purchase_order,PI-000428|A03,n_send_po,Send Order to Supplier,serviceTask,3,TK-0001821,EMP-0058,采购专员,2024-01-20 15:26:01.333031,2024-01-20 15:28:17.333031,approve,136000
PI-000429,goods_receipt,PI-000429|A01,n_post_gr,Post Goods Receipt,serviceTask,1,TK-0001822,EMP-0068,仓储专员,2024-01-23 09:23:48.773072,2024-01-23 09:29:26.773072,approve,338000
PI-000429,goods_receipt,PI-000429|A02,n_inspect,Quality Inspection,userTask,2,TK-0001823,EMP-0071,质检员,2024-01-23 10:53:25.942204,2024-01-23 11:53:31.942204,approve,3606000
PI-000429,goods_receipt,PI-000429|A03,n_putaway,Putaway to Warehouse,serviceTask,3,TK-0001824,EMP-0063,仓储专员,2024-01-23 15:05:38.281807,2024-01-23 15:35:20.281807,approve,1782000
PI-000430,invoice_verification,PI-000430|A01,n_enter_inv,Enter Incoming Invoice,userTask,1,TK-0001825,EMP-0077,财务专员,2024-01-28 14:51:12.379367,2024-01-28 14:56:14.379367,approve,302000
PI-000430,invoice_verification,PI-000430|A02,n_match,Three-Way Match,serviceTask,2,TK-0001826,EMP-0080,财务专员,2024-01-28 17:37:45.800434,2024-01-28 17:42:10.800434,approve,265000
PI-000430,invoice_verification,PI-000430|A03,n_appr_inv,Approve Invoice,userTask,3,TK-0001828,EMP-0087,应付会计,2024-01-28 18:06:51.007719,2024-01-28 19:13:46.007719,approve,4015000
PI-000430,invoice_verification,PI-000430|A03,n_appr_inv,Approve Invoice,userTask,3,TK-0001827,EMP-0083,应付会计,2024-01-28 19:21:38.665923,2024-01-28 19:53:40.665923,approve,1922000
PI-000430,invoice_verification,PI-000430|A04,n_pay,Post Payment,serviceTask,4,TK-0001829,EMP-0090,出纳,2024-01-28 21:05:31.338374,2024-01-28 21:08:42.338374,approve,191000
PI-000430,invoice_verification,PI-000430|A05,n_clear,Clear Invoice,serviceTask,5,TK-0001830,EMP-0087,应付会计,2024-01-28 21:36:17.633051,2024-01-28 21:45:20.633051,approve,543000
PI-000431,purchase_requisition,PI-000431|A01,n_submit,Submit Purchase Requisition,userTask,1,TK-0001831,EMP-0011,采购申请人,2024-01-19 05:56:18.527078,2024-01-19 06:07:04.527078,approve,646000
PI-000431,purchase_requisition,PI-000431|A02,n_mgr_appr,Approve Requisition by Manager,userTask,2,TK-0001833,EMP-0042,部门经理,2024-01-19 06:12:28.970416,2024-01-19 07:54:15.970416,approve,6107000
PI-000431,purchase_requisition,PI-000431|A02,n_mgr_appr,Approve Requisition by Manager,userTask,2,TK-0001832,EMP-0046,部门经理,2024-01-19 07:05:07.405736,2024-01-19 08:22:25.405736,approve,4638000
PI-000431,purchase_requisition,PI-000431|A02,n_mgr_appr,Approve Requisition by Manager,userTask,2,TK-0001834,EMP-0047,部门经理,2024-01-19 07:06:58.352591,2024-01-19 07:47:31.352591,approve,2433000
PI-000431,purchase_requisition,PI-000431|A03,n_convert,Convert to Purchase Order,serviceTask,3,TK-0001835,EMP-0059,采购专员,2024-01-19 10:09:43.626903,2024-01-19 10:12:30.626903,approve,167000
PI-000432,purchase_order,PI-000432|A01,n_create_po,Create Purchase Order,serviceTask,1,TK-0001836,EMP-0056,采购专员,2024-01-19 13:52:11.692419,2024-01-19 14:22:22.692419,approve,1811000
PI-000432,purchase_order,PI-000432|A02,n_dir_appr,Approve Purchase Order by Director,userTask,2,TK-0001837,EMP-0050,采购总监,2024-01-19 14:58:36.628303,2024-01-19 16:17:08.628303,approve,4712000
PI-000432,purchase_order,PI-000432|A03,n_send_po,Send Order to Supplier,serviceTask,3,TK-0001838,EMP-0054,采购专员,2024-01-19 16:23:53.514021,2024-01-19 16:27:59.514021,approve,246000
PI-000433,goods_receipt,PI-000433|A01,n_post_gr,Post Goods Receipt,serviceTask,1,TK-0001839,EMP-0065,仓储专员,2024-01-21 08:02:52.701017,2024-01-21 08:10:40.701017,approve,468000
PI-000433,goods_receipt,PI-000433|A02,n_inspect,Quality Inspection,userTask,2,TK-0001840,EMP-0074,质检员,2024-01-21 09:43:20.337901,2024-01-21 11:21:33.337901,approve,5893000
PI-000433,goods_receipt,PI-000433|A03,n_putaway,Putaway to Warehouse,serviceTask,3,TK-0001841,EMP-0066,仓储专员,2024-01-21 13:31:18.592203,2024-01-21 14:13:47.592203,approve,2549000
PI-000434,goods_receipt,PI-000434|A01,n_post_gr,Post Goods Receipt,serviceTask,1,TK-0001842,EMP-0063,仓储专员,2024-01-22 17:27:14.852414,2024-01-22 18:10:00.852414,approve,2566000
PI-000434,goods_receipt,PI-000434|A02,n_inspect,Quality Inspection,userTask,2,TK-0001843,EMP-0074,质检员,2024-01-22 19:07:23.735993,2024-01-22 20:20:11.735993,approve,4368000
PI-000434,goods_receipt,PI-000434|A03,n_putaway,Putaway to Warehouse,serviceTask,3,TK-0001844,EMP-0065,仓储专员,2024-01-22 20:34:43.408458,2024-01-22 21:55:05.408458,approve,4822000
PI-000435,invoice_verification,PI-000435|A01,n_enter_inv,Enter Incoming Invoice,userTask,1,TK-0001845,EMP-0081,财务专员,2024-01-26 23:08:34.406148,2024-01-27 01:01:51.406148,approve,6797000
PI-000435,invoice_verification,PI-000435|A02,n_match,Three-Way Match,serviceTask,2,TK-0001846,EMP-0082,财务专员,2024-01-27 04:59:14.450445,2024-01-27 05:02:07.450445,approve,173000
PI-000435,invoice_verification,PI-000435|A03,n_appr_inv,Approve Invoice,userTask,3,TK-0001848,EMP-0085,应付会计,2024-01-27 05:18:22.125609,2024-01-27 06:07:02.125609,approve,2920000
PI-000435,invoice_verification,PI-000435|A03,n_appr_inv,Approve Invoice,userTask,3,TK-0001847,EMP-0086,应付会计,2024-01-27 05:27:30.383796,2024-01-27 06:11:34.383796,approve,2644000
PI-000435,invoice_verification,PI-000435|A04,n_pay,Post Payment,serviceTask,4,TK-0001849,EMP-0090,出纳,2024-01-27 07:17:14.908177,2024-01-27 07:38:35.908177,approve,1281000
PI-000435,invoice_verification,PI-000435|A05,n_clear,Clear Invoice,serviceTask,5,TK-0001850,EMP-0086,应付会计,2024-01-27 08:31:33.624096,2024-01-27 08:35:23.624096,approve,230000
PI-000436,purchase_requisition,PI-000436|A01,n_submit,Submit Purchase Requisition,userTask,1,TK-0001851,EMP-0035,采购申请人,2024-01-19 07:43:16.103831,2024-01-19 09:19:07.103831,approve,5751000
PI-000436,purchase_requisition,PI-000436|A02,n_mgr_appr,Approve Requisition by Manager,userTask,2,TK-0001854,EMP-0047,部门经理,2024-01-19 09:32:05.868392,2024-01-19 13:12:11.868392,approve,13206000
PI-000436,purchase_requisition,PI-000436|A02,n_mgr_appr,Approve Requisition by Manager,userTask,2,TK-0001853,EMP-0045,部门经理,2024-01-19 09:37:15.589804,2024-01-19 10:22:14.589804,approve,2699000
PI-000436,purchase_requisition,PI-000436|A02,n_mgr_appr,Approve Requisition by Manager,userTask,2,TK-0001852,EMP-0042,部门经理,2024-01-19 10:17:37.654690,2024-01-19 10:32:54.654690,approve,917000
PI-000436,purchase_requisition,PI-000436|A03,n_convert,Convert to Purchase Order,serviceTask,3,TK-0001855,EMP-0053,采购专员,2024-01-19 13:55:20.187444,2024-01-19 14:02:03.187444,approve,403000
PI-000437,purchase_order,PI-000437|A01,n_create_po,Create Purchase Order,serviceTask,1,TK-0001856,EMP-0061,采购专员,2024-01-20 02:34:19.850197,2024-01-20 03:29:27.850197,approve,3308000
PI-000437,purchase_order,PI-000437|A02,n_send_po,Send Order to Supplier,serviceTask,2,TK-0001857,EMP-0055,采购专员,2024-01-20 06:50:34.457634,2024-01-20 06:56:14.457634,approve,340000
PI-000438,goods_receipt,PI-000438|A01,n_post_gr,Post Goods Receipt,serviceTask,1,TK-0001858,EMP-0067,仓储专员,2024-01-20 11:49:19.243502,2024-01-20 11:55:44.243502,approve,385000
PI-000438,goods_receipt,PI-000438|A02,n_inspect,Quality Inspection,userTask,2,TK-0001859,EMP-0070,质检员,2024-01-20 12:32:14.766131,2024-01-20 12:48:35.766131,approve,981000
PI-000438,goods_receipt,PI-000438|A03,n_putaway,Putaway to Warehouse,serviceTask,3,TK-0001860,EMP-0069,仓储专员,2024-01-20 14:49:46.036388,2024-01-20 15:07:46.036388,approve,1080000
PI-000439,invoice_verification,PI-000439|A01,n_enter_inv,Enter Incoming Invoice,userTask,1,TK-0001861,EMP-0079,财务专员,2024-01-22 07:33:50.568086,2024-01-22 09:03:25.568086,approve,5375000
PI-000439,invoice_verification,PI-000439|A02,n_match,Three-Way Match,serviceTask,2,TK-0001862,EMP-0081,财务专员,2024-01-22 12:59:02.042806,2024-01-22 13:18:38.042806,approve,1176000
PI-000439,invoice_verification,PI-000439|A03,n_appr_inv,Approve Invoice,userTask,3,TK-0001864,EMP-0087,应付会计,2024-01-22 14:11:03.919805,2024-01-22 17:15:22.919805,approve,11059000
PI-000439,invoice_verification,PI-000439|A03,n_appr_inv,Approve Invoice,userTask,3,TK-0001863,EMP-0083,应付会计,2024-01-22 15:16:28.694471,2024-01-22 15:40:51.694471,approve,1463000
PI-000439,invoice_verification,PI-000439|A04,n_pay,Post Payment,serviceTask,4,TK-0001865,EMP-0089,出纳,2024-01-22 17:47:01.495768,2024-01-22 17:56:22.495768,approve,561000
PI-000439,invoice_verification,PI-000439|A05,n_clear,Clear Invoice,serviceTask,5,TK-0001866,EMP-0087,应付会计,2024-01-22 21:09:27.735157,2024-01-22 21:13:17.735157,approve,230000
PI-000440,purchase_requisition,PI-000440|A01,n_submit,Submit Purchase Requisition,userTask,1,TK-0001867,EMP-0035,采购申请人,2024-01-19 14:13:28.640168,2024-01-19 14:48:05.640168,approve,2077000
PI-000440,purchase_requisition,PI-000440|A02,n_mgr_appr,Approve Requisition by Manager,userTask,2,TK-0001869,EMP-0044,部门经理,2024-01-19 14:58:02.023054,2024-01-19 15:50:54.023054,approve,3172000
PI-000440,purchase_requisition,PI-000440|A02,n_mgr_appr,Approve Requisition by Manager,userTask,2,TK-0001868,EMP-0045,部门经理,2024-01-19 15:03:47.115765,2024-01-19 15:31:28.115765,approve,1661000
PI-000440,purchase_requisition,PI-000440|A03,n_convert,Convert to Purchase Order,serviceTask,3,TK-0001870,EMP-0055,采购专员,2024-01-19 16:15:10.348239,2024-01-19 16:18:23.348239,approve,193000
PI-000441,purchase_order,PI-000441|A01,n_create_po,Create Purchase Order,serviceTask,1,TK-0001871,EMP-0060,采购专员,2024-01-20 10:27:57.881027,2024-01-20 10:38:33.881027,approve,636000
PI-000441,purchase_order,PI-000441|A02,n_send_po,Send Order to Supplier,serviceTask,2,TK-0001872,EMP-0055,采购专员,2024-01-20 12:39:20.285616,2024-01-20 12:42:12.285616,approve,172000
PI-000442,goods_receipt,PI-000442|A01,n_post_gr,Post Goods Receipt,serviceTask,1,TK-0001873,EMP-0066,仓储专员,2024-01-23 12:00:08.081396,2024-01-23 12:42:40.081396,approve,2552000
PI-000442,goods_receipt,PI-000442|A02,n_inspect,Quality Inspection,userTask,2,TK-0001874,EMP-0074,质检员,2024-01-23 14:44:37.330435,2024-01-23 16:42:45.330435,approve,7088000
PI-000442,goods_receipt,PI-000442|A03,n_putaway,Putaway to Warehouse,serviceTask,3,TK-0001875,EMP-0064,仓储专员,2024-01-23 19:03:15.616217,2024-01-23 20:17:00.616217,approve,4425000
PI-000443,invoice_verification,PI-000443|A01,n_enter_inv,Enter Incoming Invoice,userTask,1,TK-0001876,EMP-0075,财务专员,2024-01-25 06:00:36.596184,2024-01-25 06:32:51.596184,approve,1935000
PI-000443,invoice_verification,PI-000443|A02,n_match,Three-Way Match,serviceTask,2,TK-0001877,EMP-0075,财务专员,2024-01-25 09:11:02.723438,2024-01-25 09:48:08.723438,approve,2226000
PI-000443,invoice_verification,PI-000443|A03,n_appr_inv,Approve Invoice,userTask,3,TK-0001878,EMP-0086,应付会计,2024-01-25 10:10:02.937570,2024-01-25 11:11:15.937570,approve,3673000
PI-000443,invoice_verification,PI-000443|A03,n_appr_inv,Approve Invoice,userTask,3,TK-0001879,EMP-0084,应付会计,2024-01-25 10:11:31.997191,2024-01-25 12:17:17.997191,approve,7546000
PI-000443,invoice_verification,PI-000443|A04,n_pay,Post Payment,serviceTask,4,TK-0001880,EMP-0089,出纳,2024-01-25 14:06:30.103182,2024-01-25 14:10:59.103182,approve,269000
PI-000443,invoice_verification,PI-000443|A05,n_clear,Clear Invoice,serviceTask,5,TK-0001881,EMP-0085,应付会计,2024-01-25 15:00:09.912953,2024-01-25 15:03:25.912953,approve,196000
PI-000444,purchase_requisition,PI-000444|A01,n_submit,Submit Purchase Requisition,userTask,1,TK-0001882,EMP-0001,采购申请人,2024-01-19 16:34:15.989551,2024-01-19 17:21:02.989551,approve,2807000
PI-000444,purchase_requisition,PI-000444|A02,n_mgr_appr,Approve Requisition by Manager,userTask,2,TK-0001884,EMP-0042,部门经理,2024-01-19 17:26:50.216256,2024-01-19 18:22:18.216256,approve,3328000
PI-000444,purchase_requisition,PI-000444|A02,n_mgr_appr,Approve Requisition by Manager,userTask,2,TK-0001885,EMP-0044,部门经理,2024-01-19 17:36:03.608313,2024-01-19 18:11:17.608313,approve,2114000
PI-000444,purchase_requisition,PI-000444|A02,n_mgr_appr,Approve Requisition by Manager,userTask,2,TK-0001883,EMP-0045,部门经理,2024-01-19 18:54:29.459140,2024-01-19 19:46:53.459140,approve,3144000
PI-000444,purchase_requisition,PI-000444|A03,n_convert,Convert to Purchase Order,serviceTask,3,TK-0001886,EMP-0055,采购专员,2024-01-19 22:23:31.066185,2024-01-19 22:35:24.066185,approve,713000
PI-000445,purchase_order,PI-000445|A01,n_create_po,Create Purchase Order,serviceTask,1,TK-0001887,EMP-0053,采购专员,2024-01-20 01:35:52.423237,2024-01-20 01:39:40.423237,approve,228000
PI-000445,purchase_order,PI-000445|A02,n_dir_appr,Approve Purchase Order by Director,userTask,2,TK-0001888,EMP-0051,采购总监,2024-01-20 03:59:39.655992,2024-01-20 04:45:47.655992,approve,2768000
PI-000445,purchase_order,PI-000445|A03,n_send_po,Send Order to Supplier,serviceTask,3,TK-0001889,EMP-0052,采购专员,2024-01-20 06:43:50.027452,2024-01-20 06:45:03.027452,approve,73000
PI-000446,goods_receipt,PI-000446|A01,n_post_gr,Post Goods Receipt,serviceTask,1,TK-0001890,EMP-0065,仓储专员,2024-01-21 13:18:11.303440,2024-01-21 13:20:54.303440,approve,163000
PI-000446,goods_receipt,PI-000446|A02,n_inspect,Quality Inspection,userTask,2,TK-0001891,EMP-0074,质检员,2024-01-21 14:44:15.654931,2024-01-21 15:33:31.654931,approve,2956000
PI-000446,goods_receipt,PI-000446|A03,n_putaway,Putaway to Warehouse,serviceTask,3,TK-0001892,EMP-0069,仓储专员,2024-01-21 17:15:25.929168,2024-01-21 17:43:03.929168,approve,1658000
PI-000447,invoice_verification,PI-000447|A01,n_enter_inv,Enter Incoming Invoice,userTask,1,TK-0001893,EMP-0081,财务专员,2024-01-23 04:01:16.092152,2024-01-23 04:14:26.092152,approve,790000
PI-000447,invoice_verification,PI-000447|A02,n_match,Three-Way Match,serviceTask,2,TK-0001894,EMP-0080,财务专员,2024-01-23 07:56:28.389146,2024-01-23 08:05:44.389146,approve,556000
PI-000447,invoice_verification,PI-000447|A03,n_appr_inv,Approve Invoice,userTask,3,TK-0001896,EMP-0086,应付会计,2024-01-23 08:48:06.012788,2024-01-23 10:09:22.012788,approve,4876000
PI-000447,invoice_verification,PI-000447|A03,n_appr_inv,Approve Invoice,userTask,3,TK-0001895,EMP-0083,应付会计,2024-01-23 09:29:58.466356,2024-01-23 10:27:42.466356,approve,3464000
PI-000447,invoice_verification,PI-000447|A04,n_pay,Post Payment,serviceTask,4,TK-0001897,EMP-0089,出纳,2024-01-23 10:56:13.785329,2024-01-23 11:08:17.785329,approve,724000
PI-000447,invoice_verification,PI-000447|A05,n_clear,Clear Invoice,serviceTask,5,TK-0001898,EMP-0083,应付会计,2024-01-23 12:53:39.975912,2024-01-23 12:58:10.975912,approve,271000
PI-000448,purchase_requisition,PI-000448|A01,n_submit,Submit Purchase Requisition,userTask,1,TK-0001899,EMP-0002,采购申请人,2024-01-19 21:47:27.533110,2024-01-19 22:02:23.533110,approve,896000
PI-000448,purchase_requisition,PI-000448|A02,n_mgr_appr,Approve Requisition by Manager,userTask,2,TK-0001901,EMP-0046,部门经理,2024-01-19 22:55:26.512060,2024-01-19 23:23:15.512060,approve,1669000
PI-000448,purchase_requisition,PI-000448|A02,n_mgr_appr,Approve Requisition by Manager,userTask,2,TK-0001900,EMP-0042,部门经理,2024-01-19 23:52:17.997671,2024-01-20 00:15:25.997671,approve,1388000
PI-000448,purchase_requisition,PI-000448|A03,n_convert,Convert to Purchase Order,serviceTask,3,TK-0001902,EMP-0054,采购专员,2024-01-20 02:11:45.591416,2024-01-20 02:15:38.591416,approve,233000
PI-000449,purchase_order,PI-000449|A01,n_create_po,Create Purchase Order,serviceTask,1,TK-0001903,EMP-0053,采购专员,2024-01-20 09:31:23.737543,2024-01-20 09:51:22.737543,approve,1199000
PI-000449,purchase_order,PI-000449|A02,n_send_po,Send Order to Supplier,serviceTask,2,TK-0001904,EMP-0060,采购专员,2024-01-20 13:39:37.270508,2024-01-20 13:48:17.270508,approve,520000
PI-000450,goods_receipt,PI-000450|A01,n_post_gr,Post Goods Receipt,serviceTask,1,TK-0001905,EMP-0066,仓储专员,2024-01-22 11:53:28.152634,2024-01-22 13:01:08.152634,approve,4060000
PI-000450,goods_receipt,PI-000450|A02,n_inspect,Quality Inspection,userTask,2,TK-0001906,EMP-0071,质检员,2024-01-22 14:41:30.160523,2024-01-22 15:14:07.160523,approve,1957000
PI-000450,goods_receipt,PI-000450|A03,n_putaway,Putaway to Warehouse,serviceTask,3,TK-0001907,EMP-0063,仓储专员,2024-01-22 18:26:19.245901,2024-01-22 19:21:32.245901,approve,3313000
PI-000451,invoice_verification,PI-000451|A01,n_enter_inv,Enter Incoming Invoice,userTask,1,TK-0001908,EMP-0077,财务专员,2024-01-26 03:00:33.217514,2024-01-26 03:40:39.217514,approve,2406000
PI-000451,invoice_verification,PI-000451|A02,n_match,Three-Way Match,serviceTask,2,TK-0001909,EMP-0076,财务专员,2024-01-26 04:42:24.293265,2024-01-26 04:51:11.293265,approve,527000
PI-000451,invoice_verification,PI-000451|A03,n_appr_inv,Approve Invoice,userTask,3,TK-0001911,EMP-0084,应付会计,2024-01-26 05:41:47.190241,2024-01-26 06:46:46.190241,approve,3899000
PI-000451,invoice_verification,PI-000451|A03,n_appr_inv,Approve Invoice,userTask,3,TK-0001910,EMP-0087,应付会计,2024-01-26 06:31:25.253008,2024-01-26 06:48:29.253008,approve,1024000
PI-000451,invoice_verification,PI-000451|A04,n_pay,Post Payment,serviceTask,4,TK-0001912,EMP-0089,出纳,2024-01-26 07:10:16.489767,2024-01-26 07:31:48.489767,approve,1292000
PI-000451,invoice_verification,PI-000451|A05,n_clear,Clear Invoice,serviceTask,5,TK-0001913,EMP-0085,应付会计,2024-01-26 09:25:07.168561,2024-01-26 09:30:01.168561,approve,294000
PI-000452,purchase_requisition,PI-000452|A01,n_submit,Submit Purchase Requisition,userTask,1,TK-0001914,EMP-0002,采购申请人,2024-01-19 23:20:08.707615,2024-01-20 00:21:11.707615,approve,3663000
PI-000452,purchase_requisition,PI-000452|A02,n_mgr_appr,Approve Requisition by Manager,userTask,2,TK-0001916,EMP-0047,部门经理,2024-01-20 00:59:47.051796,2024-01-20 01:31:05.051796,approve,1878000
PI-000452,purchase_requisition,PI-000452|A02,n_mgr_appr,Approve Requisition by Manager,userTask,2,TK-0001915,EMP-0048,部门经理,2024-01-20 02:09:02.338307,2024-01-20 03:21:26.338307,approve,4344000
PI-000452,purchase_requisition,PI-000452|A03,n_convert,Convert to Purchase Order,serviceTask,3,TK-0001917,EMP-0060,采购专员,2024-01-20 05:58:09.397487,2024-01-20 06:13:13.397487,approve,904000
PI-000453,purchase_order,PI-000453|A01,n_create_po,Create Purchase Order,serviceTask,1,TK-0001918,EMP-0059,采购专员,2024-01-20 17:55:30.314776,2024-01-20 18:05:45.314776,approve,615000
PI-000453,purchase_order,PI-000453|A02,n_dir_appr,Approve Purchase Order by Director,userTask,2,TK-0001919,EMP-0051,采购总监,2024-01-20 19:15:23.933102,2024-01-20 20:01:11.933102,approve,2748000
PI-000453,purchase_order,PI-000453|A03,n_send_po,Send Order to Supplier,serviceTask,3,TK-0001920,EMP-0056,采购专员,2024-01-20 22:06:26.657363,2024-01-20 22:19:09.657363,approve,763000
PI-000454,goods_receipt,PI-000454|A01,n_post_gr,Post Goods Receipt,serviceTask,1,TK-0001921,EMP-0065,仓储专员,2024-01-22 21:05:43.415378,2024-01-22 21:22:12.415378,approve,989000
PI-000454,goods_receipt,PI-000454|A02,n_inspect,Quality Inspection,userTask,2,TK-0001922,EMP-0070,质检员,2024-01-23 00:28:42.782693,2024-01-23 02:19:36.782693,approve,6654000
PI-000454,goods_receipt,PI-000454|A03,n_putaway,Putaway to Warehouse,serviceTask,3,TK-0001923,EMP-0062,仓储专员,2024-01-23 06:02:43.536949,2024-01-23 06:56:40.536949,approve,3237000
PI-000455,invoice_verification,PI-000455|A01,n_enter_inv,Enter Incoming Invoice,userTask,1,TK-0001924,EMP-0079,财务专员,2024-01-27 04:27:47.075318,2024-01-27 05:04:23.075318,approve,2196000
PI-000455,invoice_verification,PI-000455|A02,n_match,Three-Way Match,serviceTask,2,TK-0001925,EMP-0078,财务专员,2024-01-27 07:10:33.928547,2024-01-27 07:14:51.928547,approve,258000
PI-000455,invoice_verification,PI-000455|A03,n_appr_inv,Approve Invoice,userTask,3,TK-0001927,EMP-0087,应付会计,2024-01-27 07:56:11.031138,2024-01-27 09:24:22.031138,approve,5291000
PI-000455,invoice_verification,PI-000455|A03,n_appr_inv,Approve Invoice,userTask,3,TK-0001926,EMP-0084,应付会计,2024-01-27 08:37:15.627114,2024-01-27 09:01:38.627114,approve,1463000
PI-000455,invoice_verification,PI-000455|A04,n_pay,Post Payment,serviceTask,4,TK-0001928,EMP-0090,出纳,2024-01-27 12:21:02.811153,2024-01-27 12:31:33.811153,approve,631000
PI-000455,invoice_verification,PI-000455|A05,n_clear,Clear Invoice,serviceTask,5,TK-0001929,EMP-0086,应付会计,2024-01-27 15:34:20.171467,2024-01-27 15:46:45.171467,approve,745000
PI-000456,purchase_requisition,PI-000456|A01,n_submit,Submit Purchase Requisition,userTask,1,TK-0001930,EMP-0017,采购申请人,2024-01-20 05:14:10.545510,2024-01-20 06:18:45.545510,approve,3875000
PI-000456,purchase_requisition,PI-000456|A02,n_mgr_appr,Approve Requisition by Manager,userTask,2,TK-0001932,EMP-0044,部门经理,2024-01-20 06:52:16.818363,2024-01-20 07:29:57.818363,approve,2261000
PI-000456,purchase_requisition,PI-000456|A02,n_mgr_appr,Approve Requisition by Manager,userTask,2,TK-0001931,EMP-0043,部门经理,2024-01-20 07:54:27.292717,2024-01-20 09:25:50.292717,approve,5483000
PI-000456,purchase_requisition,PI-000456|A03,n_convert,Convert to Purchase Order,serviceTask,3,TK-0001933,EMP-0053,采购专员,2024-01-20 11:21:14.924631,2024-01-20 11:24:31.924631,approve,197000
PI-000457,purchase_order,PI-000457|A01,n_create_po,Create Purchase Order,serviceTask,1,TK-0001934,EMP-0060,采购专员,2024-01-20 16:35:04.710540,2024-01-20 17:01:00.710540,approve,1556000
PI-000457,purchase_order,PI-000457|A02,n_send_po,Send Order to Supplier,serviceTask,2,TK-0001935,EMP-0061,采购专员,2024-01-20 20:21:28.432964,2024-01-20 20:22:35.432964,approve,67000
PI-000458,goods_receipt,PI-000458|A01,n_post_gr,Post Goods Receipt,serviceTask,1,TK-0001936,EMP-0064,仓储专员,2024-01-21 10:10:08.765493,2024-01-21 10:20:58.765493,approve,650000
PI-000458,goods_receipt,PI-000458|A02,n_inspect,Quality Inspection,userTask,2,TK-0001937,EMP-0070,质检员,2024-01-21 12:48:29.802082,2024-01-21 13:06:57.802082,approve,1108000
PI-000458,goods_receipt,PI-000458|A03,n_putaway,Putaway to Warehouse,serviceTask,3,TK-0001938,EMP-0065,仓储专员,2024-01-21 13:43:37.170248,2024-01-21 13:55:25.170248,approve,708000
PI-000459,invoice_verification,PI-000459|A01,n_enter_inv,Enter Incoming Invoice,userTask,1,TK-0001939,EMP-0082,财务专员,2024-01-25 11:58:56.308149,2024-01-25 12:16:44.308149,approve,1068000
PI-000459,invoice_verification,PI-000459|A02,n_match,Three-Way Match,serviceTask,2,TK-0001940,EMP-0081,财务专员,2024-01-25 15:24:46.986322,2024-01-25 15:38:43.986322,approve,837000
PI-000459,invoice_verification,PI-000459|A03,n_appr_inv,Approve Invoice,userTask,3,TK-0001942,EMP-0087,应付会计,2024-01-25 16:12:37.083035,2024-01-25 18:09:46.083035,approve,7029000
PI-000459,invoice_verification,PI-000459|A03,n_appr_inv,Approve Invoice,userTask,3,TK-0001941,EMP-0083,应付会计,2024-01-25 16:51:08.009271,2024-01-25 17:26:44.009271,approve,2136000
PI-000459,invoice_verification,PI-000459|A04,n_pay,Post Payment,serviceTask,4,TK-0001943,EMP-0090,出纳,2024-01-25 19:43:25.887870,2024-01-25 19:54:08.887870,approve,643000
PI-000459,invoice_verification,PI-000459|A05,n_clear,Clear Invoice,serviceTask,5,TK-0001944,EMP-0085,应付会计,2024-01-25 23:12:33.764910,2024-01-25 23:37:45.764910,approve,1512000
PI-000460,invoice_verification,PI-000460|A01,n_enter_inv,Enter Incoming Invoice,userTask,1,TK-0001945,EMP-0076,财务专员,2024-01-27 21:02:37.054990,2024-01-27 21:31:16.054990,approve,1719000
PI-000460,invoice_verification,PI-000460|A02,n_match,Three-Way Match,serviceTask,2,TK-0001946,EMP-0078,财务专员,2024-01-27 22:30:38.083059,2024-01-27 22:39:04.083059,approve,506000
PI-000460,invoice_verification,PI-000460|A03,n_appr_inv,Approve Invoice,userTask,3,TK-0001948,EMP-0087,应付会计,2024-01-27 23:15:58.919804,2024-01-27 23:44:37.919804,approve,1719000
PI-000460,invoice_verification,PI-000460|A03,n_appr_inv,Approve Invoice,userTask,3,TK-0001947,EMP-0084,应付会计,2024-01-28 00:17:47.213346,2024-01-28 00:47:23.213346,approve,1776000
PI-000460,invoice_verification,PI-000460|A04,n_pay,Post Payment,serviceTask,4,TK-0001949,EMP-0089,出纳,2024-01-28 02:30:40.805952,2024-01-28 03:32:47.805952,approve,3727000
PI-000460,invoice_verification,PI-000460|A05,n_clear,Clear Invoice,serviceTask,5,TK-0001950,EMP-0087,应付会计,2024-01-28 05:43:46.886908,2024-01-28 05:48:51.886908,approve,305000
PI-000461,purchase_requisition,PI-000461|A01,n_submit,Submit Purchase Requisition,userTask,1,TK-0001951,EMP-0026,采购申请人,2024-01-20 08:47:30.058066,2024-01-20 09:01:34.058066,approve,844000
PI-000461,purchase_requisition,PI-000461|A02,n_convert,Convert to Purchase Order,serviceTask,2,TK-0001952,EMP-0052,采购专员,2024-01-20 11:08:49.675607,2024-01-20 11:14:23.675607,approve,334000
PI-000462,purchase_order,PI-000462|A01,n_create_po,Create Purchase Order,serviceTask,1,TK-0001953,EMP-0058,采购专员,2024-01-20 21:49:10.770331,2024-01-20 21:55:20.770331,approve,370000
PI-000462,purchase_order,PI-000462|A02,n_dir_appr,Approve Purchase Order by Director,userTask,2,TK-0001954,EMP-0051,采购总监,2024-01-21 00:31:43.298506,2024-01-21 01:23:57.298506,approve,3134000
PI-000462,purchase_order,PI-000462|A03,n_send_po,Send Order to Supplier,serviceTask,3,TK-0001955,EMP-0052,采购专员,2024-01-21 01:56:10.481316,2024-01-21 01:59:06.481316,approve,176000
PI-000463,goods_receipt,PI-000463|A01,n_post_gr,Post Goods Receipt,serviceTask,1,TK-0001956,EMP-0064,仓储专员,2024-01-23 21:33:18.145939,2024-01-23 21:37:49.145939,approve,271000
PI-000463,goods_receipt,PI-000463|A02,n_inspect,Quality Inspection,userTask,2,TK-0001957,EMP-0070,质检员,2024-01-24 00:19:34.208981,2024-01-24 00:56:46.208981,approve,2232000
PI-000463,goods_receipt,PI-000463|A03,n_putaway,Putaway to Warehouse,serviceTask,3,TK-0001958,EMP-0067,仓储专员,2024-01-24 04:55:10.195050,2024-01-24 05:28:26.195050,approve,1996000
PI-000464,invoice_verification,PI-000464|A01,n_enter_inv,Enter Incoming Invoice,userTask,1,TK-0001959,EMP-0079,财务专员,2024-01-27 22:44:24.068892,2024-01-27 22:49:12.068892,approve,288000
PI-000464,invoice_verification,PI-000464|A02,n_match,Three-Way Match,serviceTask,2,TK-0001960,EMP-0081,财务专员,2024-01-28 01:54:21.530651,2024-01-28 02:03:33.530651,approve,552000
PI-000464,invoice_verification,PI-000464|A03,n_appr_inv,Approve Invoice,userTask,3,TK-0001961,EMP-0083,应付会计,2024-01-28 02:25:15.279889,2024-01-28 04:17:33.279889,approve,6738000
PI-000464,invoice_verification,PI-000464|A03,n_appr_inv,Approve Invoice,userTask,3,TK-0001962,EMP-0085,应付会计,2024-01-28 02:42:29.514631,2024-01-28 03:37:33.514631,approve,3304000
PI-000464,invoice_verification,PI-000464|A04,n_pay,Post Payment,serviceTask,4,TK-0001963,EMP-0089,出纳,2024-01-28 04:27:33.234341,2024-01-28 04:39:33.234341,approve,720000
PI-000464,invoice_verification,PI-000464|A05,n_clear,Clear Invoice,serviceTask,5,TK-0001964,EMP-0084,应付会计,2024-01-28 08:28:34.601936,2024-01-28 08:29:53.601936,approve,79000
PI-000465,purchase_order,PI-000465|A01,n_create_po,Create Purchase Order,serviceTask,1,TK-0001965,EMP-0052,采购专员,2024-01-21 08:17:11.743324,2024-01-21 08:26:17.743324,approve,546000
PI-000465,purchase_order,PI-000465|A02,n_send_po,Send Order to Supplier,serviceTask,2,TK-0001966,EMP-0055,采购专员,2024-01-21 10:33:29.655609,2024-01-21 10:35:17.655609,approve,108000
PI-000466,goods_receipt,PI-000466|A01,n_post_gr,Post Goods Receipt,serviceTask,1,TK-0001967,EMP-0062,仓储专员,2024-01-24 02:42:13.646784,2024-01-24 02:49:14.646784,approve,421000
PI-000466,goods_receipt,PI-000466|A02,n_inspect,Quality Inspection,userTask,2,TK-0001968,EMP-0072,质检员,2024-01-24 03:01:16.799289,2024-01-24 07:06:06.799289,approve,14690000
PI-000466,goods_receipt,PI-000466|A03,n_putaway,Putaway to Warehouse,serviceTask,3,TK-0001969,EMP-0064,仓储专员,2024-01-24 08:53:08.251893,2024-01-24 09:01:19.251893,approve,491000
PI-000467,invoice_verification,PI-000467|A01,n_enter_inv,Enter Incoming Invoice,userTask,1,TK-0001970,EMP-0075,财务专员,2024-01-24 23:45:03.565306,2024-01-25 00:22:45.565306,approve,2262000
PI-000467,invoice_verification,PI-000467|A02,n_match,Three-Way Match,serviceTask,2,TK-0001971,EMP-0078,财务专员,2024-01-25 03:37:27.543074,2024-01-25 03:43:09.543074,approve,342000
PI-000467,invoice_verification,PI-000467|A03,n_appr_inv,Approve Invoice,userTask,3,TK-0001973,EMP-0086,应付会计,2024-01-25 04:03:10.927687,2024-01-25 04:54:38.927687,approve,3088000
PI-000467,invoice_verification,PI-000467|A03,n_appr_inv,Approve Invoice,userTask,3,TK-0001972,EMP-0085,应付会计,2024-01-25 04:50:25.672860,2024-01-25 05:01:15.672860,approve,650000
PI-000467,invoice_verification,PI-000467|A04,n_pay,Post Payment,serviceTask,4,TK-0001974,EMP-0088,出纳,2024-01-25 08:21:54.345321,2024-01-25 08:24:15.345321,approve,141000
PI-000467,invoice_verification,PI-000467|A05,n_clear,Clear Invoice,serviceTask,5,TK-0001975,EMP-0087,应付会计,2024-01-25 10:11:18.244185,2024-01-25 10:13:12.244185,approve,114000
PI-000468,purchase_requisition,PI-000468|A01,n_submit,Submit Purchase Requisition,userTask,1,TK-0001976,EMP-0025,采购申请人,2024-01-20 11:19:59.001283,2024-01-20 11:28:16.001283,approve,497000
PI-000468,purchase_requisition,PI-000468|A02,n_mgr_appr,Approve Requisition by Manager,userTask,2,TK-0001978,EMP-0041,部门经理,2024-01-20 12:25:19.995798,2024-01-20 14:00:06.995798,approve,5687000
PI-000468,purchase_requisition,PI-000468|A02,n_mgr_appr,Approve Requisition by Manager,userTask,2,TK-0001977,EMP-0046,部门经理,2024-01-20 12:25:22.645904,2024-01-20 13:38:58.645904,approve,4416000
PI-000468,purchase_requisition,PI-000468|A03,n_convert,Convert to Purchase Order,serviceTask,3,TK-0001979,EMP-0056,采购专员,2024-01-20 15:08:35.709053,2024-01-20 15:31:58.709053,approve,1403000
PI-000469,purchase_order,PI-000469|A01,n_create_po,Create Purchase Order,serviceTask,1,TK-0001980,EMP-0059,采购专员,2024-01-21 07:17:41.757830,2024-01-21 08:05:42.757830,approve,2881000
PI-000469,purchase_order,PI-000469|A02,n_dir_appr,Approve Purchase Order by Director,userTask,2,TK-0001981,EMP-0051,采购总监,2024-01-21 10:49:15.074940,2024-01-21 11:35:37.074940,reject,2782000
PI-000469,purchase_order,PI-000469|A03,n_revise_po,Revise Purchase Order,serviceTask,3,TK-0001982,EMP-0057,采购专员,2024-01-21 13:04:43.167940,2024-01-21 13:52:32.167940,approve,2869000
PI-000469,purchase_order,PI-000469|A04,n_create_po,Create Purchase Order,serviceTask,4,TK-0001983,EMP-0058,采购专员,2024-01-21 14:23:05.025295,2024-01-21 14:38:59.025295,approve,954000
PI-000469,purchase_order,PI-000469|A05,n_dir_appr,Approve Purchase Order by Director,userTask,5,TK-0001984,EMP-0049,采购总监,2024-01-21 17:23:19.286323,2024-01-21 18:38:08.286323,approve,4489000
PI-000469,purchase_order,PI-000469|A06,n_send_po,Send Order to Supplier,serviceTask,6,TK-0001985,EMP-0057,采购专员,2024-01-21 19:14:14.509795,2024-01-21 19:19:10.509795,approve,296000
PI-000470,goods_receipt,PI-000470|A01,n_post_gr,Post Goods Receipt,serviceTask,1,TK-0001986,EMP-0064,仓储专员,2024-01-22 22:17:09.536059,2024-01-22 22:26:31.536059,approve,562000
PI-000470,goods_receipt,PI-000470|A02,n_inspect,Quality Inspection,userTask,2,TK-0001987,EMP-0070,质检员,2024-01-23 00:12:50.888453,2024-01-23 00:47:05.888453,approve,2055000
PI-000470,goods_receipt,PI-000470|A03,n_putaway,Putaway to Warehouse,serviceTask,3,TK-0001988,EMP-0063,仓储专员,2024-01-23 02:25:42.758501,2024-01-23 03:18:37.758501,approve,3175000
PI-000471,goods_receipt,PI-000471|A01,n_post_gr,Post Goods Receipt,serviceTask,1,TK-0001989,EMP-0063,仓储专员,2024-01-25 01:05:02.559137,2024-01-25 01:14:36.559137,approve,574000
PI-000471,goods_receipt,PI-000471|A02,n_inspect,Quality Inspection,userTask,2,TK-0001990,EMP-0074,质检员,2024-01-25 03:02:31.386278,2024-01-25 03:09:50.386278,approve,439000
PI-000471,goods_receipt,PI-000471|A03,n_putaway,Putaway to Warehouse,serviceTask,3,TK-0001991,EMP-0064,仓储专员,2024-01-25 05:22:33.902001,2024-01-25 06:44:38.902001,approve,4925000
PI-000472,invoice_verification,PI-000472|A01,n_enter_inv,Enter Incoming Invoice,userTask,1,TK-0001992,EMP-0081,财务专员,2024-01-29 02:06:14.931193,2024-01-29 02:30:32.931193,approve,1458000
PI-000472,invoice_verification,PI-000472|A02,n_match,Three-Way Match,serviceTask,2,TK-0001993,EMP-0081,财务专员,2024-01-29 04:37:20.642184,2024-01-29 04:44:03.642184,approve,403000
PI-000472,invoice_verification,PI-000472|A03,n_appr_inv,Approve Invoice,userTask,3,TK-0001995,EMP-0087,应付会计,2024-01-29 05:36:43.250625,2024-01-29 06:00:59.250625,approve,1456000
PI-000472,invoice_verification,PI-000472|A03,n_appr_inv,Approve Invoice,userTask,3,TK-0001994,EMP-0085,应付会计,2024-01-29 06:06:33.435139,2024-01-29 06:28:35.435139,approve,1322000
PI-000472,invoice_verification,PI-000472|A04,n_pay,Post Payment,serviceTask,4,TK-0001996,EMP-0089,出纳,2024-01-29 10:13:47.963690,2024-01-29 10:31:16.963690,approve,1049000
PI-000472,invoice_verification,PI-000472|A05,n_clear,Clear Invoice,serviceTask,5,TK-0001997,EMP-0083,应付会计,2024-01-29 12:39:08.971840,2024-01-29 12:48:01.971840,approve,533000
PI-000473,purchase_requisition,PI-000473|A01,n_submit,Submit Purchase Requisition,userTask,1,TK-0001998,EMP-0037,采购申请人,2024-01-20 12:17:54.650853,2024-01-20 12:46:21.650853,approve,1707000
PI-000473,purchase_requisition,PI-000473|A02,n_mgr_appr,Approve Requisition by Manager,userTask,2,TK-0002000,EMP-0042,部门经理,2024-01-20 12:50:19.661252,2024-01-20 14:26:02.661252,approve,5743000
PI-000473,purchase_requisition,PI-000473|A02,n_mgr_appr,Approve Requisition by Manager,userTask,2,TK-0001999,EMP-0043,部门经理,2024-01-20 14:33:57.669120,2024-01-20 15:00:07.669120,approve,1570000
PI-000473,purchase_requisition,PI-000473|A03,n_convert,Convert to Purchase Order,serviceTask,3,TK-0002001,EMP-0061,采购专员,2024-01-20 17:53:33.859053,2024-01-20 18:06:26.859053,approve,773000
PI-000474,purchase_order,PI-000474|A01,n_create_po,Create Purchase Order,serviceTask,1,TK-0002002,EMP-0060,采购专员,2024-01-21 04:38:00.578804,2024-01-21 05:00:49.578804,approve,1369000
PI-000474,purchase_order,PI-000474|A02,n_send_po,Send Order to Supplier,serviceTask,2,TK-0002003,EMP-0060,采购专员,2024-01-21 06:40:12.890762,2024-01-21 06:44:26.890762,approve,254000
PI-000475,goods_receipt,PI-000475|A01,n_post_gr,Post Goods Receipt,serviceTask,1,TK-0002004,EMP-0063,仓储专员,2024-01-23 18:15:33.031468,2024-01-23 18:32:50.031468,approve,1037000
PI-000475,goods_receipt,PI-000475|A02,n_inspect,Quality Inspection,userTask,2,TK-0002005,EMP-0074,质检员,2024-01-23 19:13:03.862295,2024-01-23 23:32:52.862295,approve,15589000
PI-000475,goods_receipt,PI-000475|A03,n_putaway,Putaway to Warehouse,serviceTask,3,TK-0002006,EMP-0064,仓储专员,2024-01-24 02:54:35.196869,2024-01-24 03:06:32.196869,approve,717000
PI-000476,invoice_verification,PI-000476|A01,n_enter_inv,Enter Incoming Invoice,userTask,1,TK-0002007,EMP-0075,财务专员,2024-01-27 11:22:36.809257,2024-01-27 11:31:44.809257,approve,548000
PI-000476,invoice_verification,PI-000476|A02,n_match,Three-Way Match,serviceTask,2,TK-0002008,EMP-0079,财务专员,2024-01-27 15:04:15.397755,2024-01-27 15:39:35.397755,reject,2120000
PI-000476,invoice_verification,PI-000476|A03,n_park,Park Invoice,userTask,3,TK-0002009,EMP-0080,财务专员,2024-01-27 18:25:42.532788,2024-01-27 18:47:29.532788,approve,1307000
PI-000476,invoice_verification,PI-000476|A04,n_handle_exc,Handle Invoice Exception,userTask,4,TK-0002010,EMP-0079,财务专员,2024-01-27 22:23:56.244029,2024-01-27 22:36:51.244029,approve,775000
PI-000476,invoice_verification,PI-000476|A05,n_match,Three-Way Match,serviceTask,5,TK-0002011,EMP-0077,财务专员,2024-01-28 02:21:23.899162,2024-01-28 02:27:13.899162,approve,350000
PI-000476,invoice_verification,PI-000476|A06,n_appr_inv,Approve Invoice,userTask,6,TK-0002013,EMP-0087,应付会计,2024-01-28 03:02:38.564302,2024-01-28 03:34:20.564302,approve,1902000
PI-000476,invoice_verification,PI-000476|A06,n_appr_inv,Approve Invoice,userTask,6,TK-0002012,EMP-0084,应付会计,2024-01-28 03:45:08.147391,2024-01-28 04:04:36.147391,approve,1168000
PI-000476,invoice_verification,PI-000476|A07,n_pay,Post Payment,serviceTask,7,TK-0002014,EMP-0088,出纳,2024-01-28 06:17:57.314835,2024-01-28 06:55:01.314835,approve,2224000
PI-000476,invoice_verification,PI-000476|A08,n_clear,Clear Invoice,serviceTask,8,TK-0002015,EMP-0086,应付会计,2024-01-28 07:38:39.658415,2024-01-28 07:42:30.658415,approve,231000
PI-000477,purchase_requisition,PI-000477|A01,n_submit,Submit Purchase Requisition,userTask,1,TK-0002016,EMP-0031,采购申请人,2024-01-20 18:42:49.119540,2024-01-20 19:32:34.119540,approve,2985000
PI-000477,purchase_requisition,PI-000477|A02,n_mgr_appr,Approve Requisition by Manager,userTask,2,TK-0002018,EMP-0048,部门经理,2024-01-20 19:36:03.413800,2024-01-20 21:02:23.413800,approve,5180000
PI-000477,purchase_requisition,PI-000477|A02,n_mgr_appr,Approve Requisition by Manager,userTask,2,TK-0002017,EMP-0042,部门经理,2024-01-20 19:49:46.972841,2024-01-20 21:19:21.972841,approve,5375000
PI-000477,purchase_requisition,PI-000477|A02,n_mgr_appr,Approve Requisition by Manager,userTask,2,TK-0002019,EMP-0045,部门经理,2024-01-20 20:30:01.900783,2024-01-20 23:53:55.900783,approve,12234000
PI-000477,purchase_requisition,PI-000477|A03,n_convert,Convert to Purchase Order,serviceTask,3,TK-0002020,EMP-0059,采购专员,2024-01-21 03:00:35.246474,2024-01-21 03:07:39.246474,approve,424000
PI-000478,purchase_order,PI-000478|A01,n_create_po,Create Purchase Order,serviceTask,1,TK-0002021,EMP-0053,采购专员,2024-01-22 02:39:43.157582,2024-01-22 02:57:00.157582,approve,1037000
PI-000478,purchase_order,PI-000478|A02,n_dir_appr,Approve Purchase Order by Director,userTask,2,TK-0002022,EMP-0049,采购总监,2024-01-22 04:05:14.943913,2024-01-22 04:59:40.943913,approve,3266000
PI-000478,purchase_order,PI-000478|A03,n_send_po,Send Order to Supplier,serviceTask,3,TK-0002023,EMP-0057,采购专员,2024-01-22 08:19:10.094630,2024-01-22 08:22:20.094630,approve,190000
PI-000479,goods_receipt,PI-000479|A01,n_post_gr,Post Goods Receipt,serviceTask,1,TK-0002024,EMP-0065,仓储专员,2024-01-25 00:47:43.831081,2024-01-25 00:58:39.831081,approve,656000
PI-000479,goods_receipt,PI-000479|A02,n_inspect,Quality Inspection,userTask,2,TK-0002025,EMP-0071,质检员,2024-01-25 03:47:29.306527,2024-01-25 04:42:04.306527,approve,3275000
PI-000479,goods_receipt,PI-000479|A03,n_putaway,Putaway to Warehouse,serviceTask,3,TK-0002026,EMP-0062,仓储专员,2024-01-25 07:49:30.611799,2024-01-25 08:05:30.611799,approve,960000
PI-000480,invoice_verification,PI-000480|A01,n_enter_inv,Enter Incoming Invoice,userTask,1,TK-0002027,EMP-0077,财务专员,2024-01-28 03:53:40.984362,2024-01-28 04:03:33.984362,approve,593000
PI-000480,invoice_verification,PI-000480|A02,n_match,Three-Way Match,serviceTask,2,TK-0002028,EMP-0080,财务专员,2024-01-28 05:43:04.914222,2024-01-28 06:00:43.914222,approve,1059000
PI-000480,invoice_verification,PI-000480|A03,n_appr_inv,Approve Invoice,userTask,3,TK-0002030,EMP-0086,应付会计,2024-01-28 06:20:03.216829,2024-01-28 06:42:48.216829,approve,1365000
PI-000480,invoice_verification,PI-000480|A03,n_appr_inv,Approve Invoice,userTask,3,TK-0002029,EMP-0087,应付会计,2024-01-28 07:36:50.753832,2024-01-28 08:21:42.753832,approve,2692000
PI-000480,invoice_verification,PI-000480|A04,n_pay,Post Payment,serviceTask,4,TK-0002031,EMP-0089,出纳,2024-01-28 12:17:45.224243,2024-01-28 12:40:51.224243,approve,1386000
PI-000480,invoice_verification,PI-000480|A05,n_clear,Clear Invoice,serviceTask,5,TK-0002032,EMP-0087,应付会计,2024-01-28 14:25:00.925424,2024-01-28 14:26:45.925424,approve,105000
PI-000481,purchase_requisition,PI-000481|A01,n_submit,Submit Purchase Requisition,userTask,1,TK-0002033,EMP-0019,采购申请人,2024-01-21 04:29:51.520200,2024-01-21 04:51:49.520200,approve,1318000
PI-000481,purchase_requisition,PI-000481|A02,n_convert,Convert to Purchase Order,serviceTask,2,TK-0002034,EMP-0052,采购专员,2024-01-21 05:06:54.056762,2024-01-21 05:24:42.056762,approve,1068000
PI-000482,purchase_order,PI-000482|A01,n_create_po,Create Purchase Order,serviceTask,1,TK-0002035,EMP-0053,采购专员,2024-01-22 05:44:38.006149,2024-01-22 05:50:44.006149,approve,366000
PI-000482,purchase_order,PI-000482|A02,n_send_po,Send Order to Supplier,serviceTask,2,TK-0002036,EMP-0058,采购专员,2024-01-22 08:06:17.205465,2024-01-22 08:09:33.205465,approve,196000
PI-000483,goods_receipt,PI-000483|A01,n_post_gr,Post Goods Receipt,serviceTask,1,TK-0002037,EMP-0069,仓储专员,2024-01-25 11:40:18.155102,2024-01-25 11:45:06.155102,approve,288000
PI-000483,goods_receipt,PI-000483|A02,n_inspect,Quality Inspection,userTask,2,TK-0002038,EMP-0072,质检员,2024-01-25 14:21:14.507979,2024-01-25 14:53:32.507979,approve,1938000
PI-000483,goods_receipt,PI-000483|A03,n_putaway,Putaway to Warehouse,serviceTask,3,TK-0002039,EMP-0067,仓储专员,2024-01-25 16:06:12.085007,2024-01-25 16:11:05.085007,approve,293000
PI-000484,invoice_verification,PI-000484|A01,n_enter_inv,Enter Incoming Invoice,userTask,1,TK-0002040,EMP-0077,财务专员,2024-01-26 12:33:51.526721,2024-01-26 12:45:14.526721,approve,683000
PI-000484,invoice_verification,PI-000484|A02,n_match,Three-Way Match,serviceTask,2,TK-0002041,EMP-0078,财务专员,2024-01-26 14:27:51.215523,2024-01-26 14:35:43.215523,reject,472000
PI-000484,invoice_verification,PI-000484|A03,n_park,Park Invoice,userTask,3,TK-0002042,EMP-0077,财务专员,2024-01-26 17:40:56.999259,2024-01-26 17:54:26.999259,approve,810000
PI-000484,invoice_verification,PI-000484|A04,n_handle_exc,Handle Invoice Exception,userTask,4,TK-0002043,EMP-0077,财务专员,2024-01-26 21:04:22.612825,2024-01-26 23:35:27.612825,approve,9065000
PI-000484,invoice_verification,PI-000484|A05,n_match,Three-Way Match,serviceTask,5,TK-0002044,EMP-0080,财务专员,2024-01-27 01:52:32.395186,2024-01-27 01:58:18.395186,approve,346000
PI-000484,invoice_verification,PI-000484|A06,n_appr_inv,Approve Invoice,userTask,6,TK-0002046,EMP-0084,应付会计,2024-01-27 02:39:09.244310,2024-01-27 03:07:50.244310,approve,1721000
PI-000484,invoice_verification,PI-000484|A06,n_appr_inv,Approve Invoice,userTask,6,TK-0002045,EMP-0085,应付会计,2024-01-27 03:14:26.814641,2024-01-27 04:07:26.814641,approve,3180000
PI-000484,invoice_verification,PI-000484|A07,n_pay,Post Payment,serviceTask,7,TK-0002047,EMP-0090,出纳,2024-01-27 04:36:28.538875,2024-01-27 04:51:17.538875,approve,889000
PI-000484,invoice_verification,PI-000484|A08,n_clear,Clear Invoice,serviceTask,8,TK-0002048,EMP-0084,应付会计,2024-01-27 05:42:53.867644,2024-01-27 06:04:14.867644,approve,1281000
PI-000485,purchase_requisition,PI-000485|A01,n_submit,Submit Purchase Requisition,userTask,1,TK-0002049,EMP-0012,采购申请人,2024-01-21 08:46:40.376173,2024-01-21 09:17:27.376173,approve,1847000
PI-000485,purchase_requisition,PI-000485|A02,n_convert,Convert to Purchase Order,serviceTask,2,TK-0002050,EMP-0053,采购专员,2024-01-21 12:14:39.928486,2024-01-21 12:43:11.928486,approve,1712000
PI-000486,purchase_order,PI-000486|A01,n_create_po,Create Purchase Order,serviceTask,1,TK-0002051,EMP-0060,采购专员,2024-01-22 12:45:24.075428,2024-01-22 13:01:55.075428,approve,991000
PI-000486,purchase_order,PI-000486|A02,n_dir_appr,Approve Purchase Order by Director,userTask,2,TK-0002052,EMP-0051,采购总监,2024-01-22 16:01:40.681562,2024-01-22 17:30:46.681562,approve,5346000
PI-000486,purchase_order,PI-000486|A03,n_send_po,Send Order to Supplier,serviceTask,3,TK-0002053,EMP-0052,采购专员,2024-01-22 19:49:58.397977,2024-01-22 19:53:22.397977,approve,204000
PI-000487,goods_receipt,PI-000487|A01,n_post_gr,Post Goods Receipt,serviceTask,1,TK-0002054,EMP-0069,仓储专员,2024-01-24 16:14:09.370345,2024-01-24 16:28:07.370345,approve,838000
PI-000487,goods_receipt,PI-000487|A02,n_inspect,Quality Inspection,userTask,2,TK-0002055,EMP-0074,质检员,2024-01-24 18:23:13.375634,2024-01-24 19:11:13.375634,approve,2880000
PI-000487,goods_receipt,PI-000487|A03,n_putaway,Putaway to Warehouse,serviceTask,3,TK-0002056,EMP-0067,仓储专员,2024-01-24 19:48:43.058307,2024-01-24 20:19:30.058307,approve,1847000
PI-000488,invoice_verification,PI-000488|A01,n_enter_inv,Enter Incoming Invoice,userTask,1,TK-0002057,EMP-0075,财务专员,2024-01-25 18:10:54.092937,2024-01-25 18:24:11.092937,approve,797000
PI-000488,invoice_verification,PI-000488|A02,n_match,Three-Way Match,serviceTask,2,TK-0002058,EMP-0082,财务专员,2024-01-25 20:31:03.691288,2024-01-25 20:39:10.691288,approve,487000
PI-000488,invoice_verification,PI-000488|A03,n_appr_inv,Approve Invoice,userTask,3,TK-0002060,EMP-0085,应付会计,2024-01-25 20:44:42.557202,2024-01-26 00:59:05.557202,approve,15263000
PI-000488,invoice_verification,PI-000488|A03,n_appr_inv,Approve Invoice,userTask,3,TK-0002059,EMP-0087,应付会计,2024-01-25 21:05:24.819099,2024-01-25 22:11:03.819099,approve,3939000
PI-000488,invoice_verification,PI-000488|A04,n_pay,Post Payment,serviceTask,4,TK-0002061,EMP-0088,出纳,2024-01-26 01:51:33.689439,2024-01-26 01:59:44.689439,approve,491000
PI-000488,invoice_verification,PI-000488|A05,n_clear,Clear Invoice,serviceTask,5,TK-0002062,EMP-0083,应付会计,2024-01-26 05:16:11.574899,2024-01-26 05:32:30.574899,approve,979000
PI-000489,purchase_requisition,PI-000489|A01,n_submit,Submit Purchase Requisition,userTask,1,TK-0002063,EMP-0011,采购申请人,2024-01-21 08:21:02.457255,2024-01-21 09:24:54.457255,approve,3832000
PI-000489,purchase_requisition,PI-000489|A02,n_convert,Convert to Purchase Order,serviceTask,2,TK-0002064,EMP-0061,采购专员,2024-01-21 12:25:59.281000,2024-01-21 12:38:24.281000,approve,745000
PI-000490,purchase_order,PI-000490|A01,n_create_po,Create Purchase Order,serviceTask,1,TK-0002065,EMP-0061,采购专员,2024-01-22 14:29:50.675981,2024-01-22 14:47:13.675981,approve,1043000
PI-000490,purchase_order,PI-000490|A02,n_send_po,Send Order to Supplier,serviceTask,2,TK-0002066,EMP-0054,采购专员,2024-01-22 15:19:23.066262,2024-01-22 15:22:36.066262,approve,193000
PI-000491,goods_receipt,PI-000491|A01,n_post_gr,Post Goods Receipt,serviceTask,1,TK-0002067,EMP-0064,仓储专员,2024-01-23 21:48:45.632096,2024-01-23 22:02:37.632096,approve,832000
PI-000491,goods_receipt,PI-000491|A02,n_inspect,Quality Inspection,userTask,2,TK-0002068,EMP-0074,质检员,2024-01-24 01:06:12.955150,2024-01-24 02:32:10.955150,approve,5158000
PI-000491,goods_receipt,PI-000491|A03,n_putaway,Putaway to Warehouse,serviceTask,3,TK-0002069,EMP-0062,仓储专员,2024-01-24 03:46:10.887504,2024-01-24 04:02:41.887504,approve,991000
PI-000492,goods_receipt,PI-000492|A01,n_post_gr,Post Goods Receipt,serviceTask,1,TK-0002070,EMP-0063,仓储专员,2024-01-26 20:05:43.569218,2024-01-26 20:23:53.569218,approve,1090000
PI-000492,goods_receipt,PI-000492|A02,n_inspect,Quality Inspection,userTask,2,TK-0002071,EMP-0074,质检员,2024-01-26 23:09:24.457429,2024-01-27 00:03:00.457429,reject,3216000
PI-000492,goods_receipt,PI-000492|A03,n_return,Return to Supplier,serviceTask,3,TK-0002072,EMP-0067,仓储专员,2024-01-27 03:58:46.429594,2024-01-27 04:18:11.429594,approve,1165000
PI-000493,invoice_verification,PI-000493|A01,n_enter_inv,Enter Incoming Invoice,userTask,1,TK-0002073,EMP-0080,财务专员,2024-01-30 20:29:06.915761,2024-01-30 21:27:11.915761,approve,3485000
PI-000493,invoice_verification,PI-000493|A02,n_match,Three-Way Match,serviceTask,2,TK-0002074,EMP-0080,财务专员,2024-01-30 22:02:19.582725,2024-01-30 22:15:02.582725,approve,763000
PI-000493,invoice_verification,PI-000493|A03,n_appr_inv,Approve Invoice,userTask,3,TK-0002076,EMP-0084,应付会计,2024-01-30 22:35:59.286240,2024-01-30 23:15:40.286240,approve,2381000
PI-000493,invoice_verification,PI-000493|A03,n_appr_inv,Approve Invoice,userTask,3,TK-0002075,EMP-0083,应付会计,2024-01-30 22:51:43.270083,2024-01-30 23:35:04.270083,approve,2601000
PI-000493,invoice_verification,PI-000493|A04,n_pay,Post Payment,serviceTask,4,TK-0002077,EMP-0088,出纳,2024-01-31 02:58:57.693825,2024-01-31 03:07:43.693825,approve,526000
PI-000493,invoice_verification,PI-000493|A05,n_clear,Clear Invoice,serviceTask,5,TK-0002078,EMP-0084,应付会计,2024-01-31 03:18:45.296047,2024-01-31 03:23:56.296047,approve,311000
PI-000494,purchase_requisition,PI-000494|A01,n_submit,Submit Purchase Requisition,userTask,1,TK-0002079,EMP-0032,采购申请人,2024-01-21 12:20:07.377698,2024-01-21 12:53:33.377698,approve,2006000
PI-000494,purchase_requisition,PI-000494|A02,n_mgr_appr,Approve Requisition by Manager,userTask,2,TK-0002081,EMP-0047,部门经理,2024-01-21 13:15:24.896024,2024-01-21 16:44:16.896024,approve,12532000
PI-000494,purchase_requisition,PI-000494|A02,n_mgr_appr,Approve Requisition by Manager,userTask,2,TK-0002080,EMP-0043,部门经理,2024-01-21 13:30:55.029312,2024-01-21 19:42:17.029312,approve,22282000
PI-000494,purchase_requisition,PI-000494|A03,n_convert,Convert to Purchase Order,serviceTask,3,TK-0002082,EMP-0056,采购专员,2024-01-21 19:54:53.629356,2024-01-21 19:56:39.629356,approve,106000
PI-000495,purchase_order,PI-000495|A01,n_create_po,Create Purchase Order,serviceTask,1,TK-0002083,EMP-0055,采购专员,2024-01-22 07:30:12.085657,2024-01-22 07:54:19.085657,approve,1447000
PI-000495,purchase_order,PI-000495|A02,n_dir_appr,Approve Purchase Order by Director,userTask,2,TK-0002084,EMP-0049,采购总监,2024-01-22 10:09:43.759416,2024-01-22 17:32:56.759416,reject,26593000
PI-000495,purchase_order,PI-000495|A03,n_revise_po,Revise Purchase Order,serviceTask,3,TK-0002085,EMP-0052,采购专员,2024-01-22 20:47:22.723547,2024-01-22 21:27:55.723547,approve,2433000
PI-000495,purchase_order,PI-000495|A04,n_create_po,Create Purchase Order,serviceTask,4,TK-0002086,EMP-0059,采购专员,2024-01-22 23:06:36.524140,2024-01-22 23:27:50.524140,approve,1274000
PI-000495,purchase_order,PI-000495|A05,n_dir_appr,Approve Purchase Order by Director,userTask,5,TK-0002087,EMP-0051,采购总监,2024-01-22 23:55:44.263563,2024-01-23 02:14:02.263563,approve,8298000
PI-000495,purchase_order,PI-000495|A06,n_send_po,Send Order to Supplier,serviceTask,6,TK-0002088,EMP-0053,采购专员,2024-01-23 06:07:58.500027,2024-01-23 06:15:51.500027,approve,473000
PI-000496,goods_receipt,PI-000496|A01,n_post_gr,Post Goods Receipt,serviceTask,1,TK-0002089,EMP-0066,仓储专员,2024-01-24 06:24:55.943283,2024-01-24 06:31:29.943283,approve,394000
PI-000496,goods_receipt,PI-000496|A02,n_inspect,Quality Inspection,userTask,2,TK-0002090,EMP-0070,质检员,2024-01-24 08:49:18.293387,2024-01-24 09:09:11.293387,approve,1193000
PI-000496,goods_receipt,PI-000496|A03,n_putaway,Putaway to Warehouse,serviceTask,3,TK-0002091,EMP-0068,仓储专员,2024-01-24 11:59:29.342806,2024-01-24 12:37:12.342806,approve,2263000
PI-000497,goods_receipt,PI-000497|A01,n_post_gr,Post Goods Receipt,serviceTask,1,TK-0002092,EMP-0065,仓储专员,2024-01-26 16:03:15.310946,2024-01-26 16:14:13.310946,approve,658000
PI-000497,goods_receipt,PI-000497|A02,n_inspect,Quality Inspection,userTask,2,TK-0002093,EMP-0071,质检员,2024-01-26 19:34:26.082773,2024-01-26 20:45:27.082773,reject,4261000
PI-000497,goods_receipt,PI-000497|A03,n_return,Return to Supplier,serviceTask,3,TK-0002094,EMP-0068,仓储专员,2024-01-26 22:27:55.819486,2024-01-26 23:08:50.819486,approve,2455000
PI-000498,invoice_verification,PI-000498|A01,n_enter_inv,Enter Incoming Invoice,userTask,1,TK-0002095,EMP-0079,财务专员,2024-01-29 11:42:46.442084,2024-01-29 12:20:16.442084,approve,2250000
PI-000498,invoice_verification,PI-000498|A02,n_match,Three-Way Match,serviceTask,2,TK-0002096,EMP-0076,财务专员,2024-01-29 15:38:06.161051,2024-01-29 15:48:23.161051,approve,617000
PI-000498,invoice_verification,PI-000498|A03,n_appr_inv,Approve Invoice,userTask,3,TK-0002098,EMP-0084,应付会计,2024-01-29 16:00:22.140640,2024-01-29 16:23:58.140640,approve,1416000
PI-000498,invoice_verification,PI-000498|A03,n_appr_inv,Approve Invoice,userTask,3,TK-0002097,EMP-0085,应付会计,2024-01-29 17:10:10.357883,2024-01-29 18:22:11.357883,approve,4321000
PI-000498,invoice_verification,PI-000498|A04,n_pay,Post Payment,serviceTask,4,TK-0002099,EMP-0090,出纳,2024-01-29 19:37:07.924837,2024-01-29 20:05:14.924837,approve,1687000
PI-000498,invoice_verification,PI-000498|A05,n_clear,Clear Invoice,serviceTask,5,TK-0002100,EMP-0086,应付会计,2024-01-29 22:40:23.155335,2024-01-29 22:47:52.155335,approve,449000
PI-000499,invoice_verification,PI-000499|A01,n_enter_inv,Enter Incoming Invoice,userTask,1,TK-0002101,EMP-0079,财务专员,2024-02-03 01:39:57.767561,2024-02-03 01:50:57.767561,approve,660000
PI-000499,invoice_verification,PI-000499|A02,n_match,Three-Way Match,serviceTask,2,TK-0002102,EMP-0079,财务专员,2024-02-03 02:54:17.977030,2024-02-03 03:36:49.977030,approve,2552000
PI-000499,invoice_verification,PI-000499|A03,n_appr_inv,Approve Invoice,userTask,3,TK-0002104,EMP-0083,应付会计,2024-02-03 04:20:05.951406,2024-02-03 05:50:23.951406,approve,5418000
PI-000499,invoice_verification,PI-000499|A03,n_appr_inv,Approve Invoice,userTask,3,TK-0002103,EMP-0087,应付会计,2024-02-03 05:36:20.103956,2024-02-03 06:23:09.103956,approve,2809000
PI-000499,invoice_verification,PI-000499|A04,n_pay,Post Payment,serviceTask,4,TK-0002105,EMP-0090,出纳,2024-02-03 07:00:56.992813,2024-02-03 07:08:16.992813,approve,440000
PI-000499,invoice_verification,PI-000499|A05,n_clear,Clear Invoice,serviceTask,5,TK-0002106,EMP-0083,应付会计,2024-02-03 07:34:12.214551,2024-02-03 07:41:33.214551,approve,441000
PI-000500,purchase_requisition,PI-000500|A01,n_submit,Submit Purchase Requisition,userTask,1,TK-0002107,EMP-0007,采购申请人,2024-01-21 16:54:55.739242,2024-01-21 17:55:43.739242,approve,3648000
PI-000500,purchase_requisition,PI-000500|A02,n_mgr_appr,Approve Requisition by Manager,userTask,2,TK-0002110,EMP-0047,部门经理,2024-01-21 18:45:01.048896,2024-01-21 19:30:41.048896,approve,2740000
PI-000500,purchase_requisition,PI-000500|A02,n_mgr_appr,Approve Requisition by Manager,userTask,2,TK-0002109,EMP-0041,部门经理,2024-01-21 18:53:40.485270,2024-01-21 21:44:12.485270,approve,10232000
PI-000500,purchase_requisition,PI-000500|A02,n_mgr_appr,Approve Requisition by Manager,userTask,2,TK-0002108,EMP-0043,部门经理,2024-01-21 19:52:58.217225,2024-01-21 21:00:38.217225,approve,4060000
PI-000500,purchase_requisition,PI-000500|A03,n_convert,Convert to Purchase Order,serviceTask,3,TK-0002111,EMP-0057,采购专员,2024-01-21 23:51:51.927994,2024-01-22 00:06:21.927994,approve,870000
PI-000501,purchase_order,PI-000501|A01,n_create_po,Create Purchase Order,serviceTask,1,TK-0002112,EMP-0058,采购专员,2024-01-22 22:41:49.613951,2024-01-22 22:51:50.613951,approve,601000
PI-000501,purchase_order,PI-000501|A02,n_dir_appr,Approve Purchase Order by Director,userTask,2,TK-0002113,EMP-0051,采购总监,2024-01-23 02:26:13.572219,2024-01-23 04:56:16.572219,approve,9003000
PI-000501,purchase_order,PI-000501|A03,n_send_po,Send Order to Supplier,serviceTask,3,TK-0002114,EMP-0058,采购专员,2024-01-23 07:12:48.185852,2024-01-23 07:17:51.185852,approve,303000
PI-000502,goods_receipt,PI-000502|A01,n_post_gr,Post Goods Receipt,serviceTask,1,TK-0002115,EMP-0068,仓储专员,2024-01-25 02:13:17.518768,2024-01-25 02:59:11.518768,approve,2754000
PI-000502,goods_receipt,PI-000502|A02,n_inspect,Quality Inspection,userTask,2,TK-0002116,EMP-0074,质检员,2024-01-25 05:15:21.964217,2024-01-25 05:47:58.964217,approve,1957000
PI-000502,goods_receipt,PI-000502|A03,n_putaway,Putaway to Warehouse,serviceTask,3,TK-0002117,EMP-0068,仓储专员,2024-01-25 06:35:41.290254,2024-01-25 08:44:43.290254,approve,7742000
PI-000503,invoice_verification,PI-000503|A01,n_enter_inv,Enter Incoming Invoice,userTask,1,TK-0002118,EMP-0078,财务专员,2024-01-28 14:23:23.132023,2024-01-28 15:25:53.132023,approve,3750000
PI-000503,invoice_verification,PI-000503|A02,n_match,Three-Way Match,serviceTask,2,TK-0002119,EMP-0077,财务专员,2024-01-28 15:46:06.247012,2024-01-28 16:05:42.247012,approve,1176000
PI-000503,invoice_verification,PI-000503|A03,n_appr_inv,Approve Invoice,userTask,3,TK-0002120,EMP-0085,应付会计,2024-01-28 16:10:44.615811,2024-01-28 17:29:36.615811,approve,4732000
PI-000503,invoice_verification,PI-000503|A03,n_appr_inv,Approve Invoice,userTask,3,TK-0002121,EMP-0084,应付会计,2024-01-28 16:30:54.701305,2024-01-28 17:38:47.701305,approve,4073000
PI-000503,invoice_verification,PI-000503|A04,n_pay,Post Payment,serviceTask,4,TK-0002122,EMP-0089,出纳,2024-01-28 18:16:05.878701,2024-01-28 18:22:57.878701,approve,412000
PI-000503,invoice_verification,PI-000503|A05,n_clear,Clear Invoice,serviceTask,5,TK-0002123,EMP-0087,应付会计,2024-01-28 20:12:34.836593,2024-01-28 20:19:35.836593,approve,421000
PI-000504,purchase_requisition,PI-000504|A01,n_submit,Submit Purchase Requisition,userTask,1,TK-0002124,EMP-0020,采购申请人,2024-01-21 20:56:51.641472,2024-01-21 21:27:25.641472,approve,1834000
PI-000504,purchase_requisition,PI-000504|A02,n_mgr_appr,Approve Requisition by Manager,userTask,2,TK-0002126,EMP-0048,部门经理,2024-01-21 22:26:19.565396,2024-01-21 22:55:05.565396,approve,1726000
PI-000504,purchase_requisition,PI-000504|A02,n_mgr_appr,Approve Requisition by Manager,userTask,2,TK-0002125,EMP-0044,部门经理,2024-01-21 22:55:11.671183,2024-01-22 00:58:23.671183,approve,7392000
PI-000504,purchase_requisition,PI-000504|A03,n_convert,Convert to Purchase Order,serviceTask,3,TK-0002127,EMP-0057,采购专员,2024-01-22 04:06:38.271031,2024-01-22 04:24:47.271031,approve,1089000
PI-000505,purchase_order,PI-000505|A01,n_create_po,Create Purchase Order,serviceTask,1,TK-0002128,EMP-0059,采购专员,2024-01-23 04:22:06.812230,2024-01-23 04:38:04.812230,approve,958000
PI-000505,purchase_order,PI-000505|A02,n_dir_appr,Approve Purchase Order by Director,userTask,2,TK-0002129,EMP-0049,采购总监,2024-01-23 06:51:33.343964,2024-01-23 10:15:19.343964,approve,12226000
PI-000505,purchase_order,PI-000505|A03,n_send_po,Send Order to Supplier,serviceTask,3,TK-0002130,EMP-0053,采购专员,2024-01-23 12:04:23.542561,2024-01-23 12:06:54.542561,approve,151000
PI-000506,goods_receipt,PI-000506|A01,n_post_gr,Post Goods Receipt,serviceTask,1,TK-0002131,EMP-0065,仓储专员,2024-01-26 11:14:19.363385,2024-01-26 11:30:54.363385,approve,995000
PI-000506,goods_receipt,PI-000506|A02,n_inspect,Quality Inspection,userTask,2,TK-0002132,EMP-0074,质检员,2024-01-26 13:05:28.753460,2024-01-26 13:26:48.753460,approve,1280000
PI-000506,goods_receipt,PI-000506|A03,n_putaway,Putaway to Warehouse,serviceTask,3,TK-0002133,EMP-0062,仓储专员,2024-01-26 13:57:48.861786,2024-01-26 14:46:51.861786,approve,2943000
PI-000507,goods_receipt,PI-000507|A01,n_post_gr,Post Goods Receipt,serviceTask,1,TK-0002134,EMP-0068,仓储专员,2024-01-29 17:58:29.303925,2024-01-29 18:09:51.303925,approve,682000
PI-000507,goods_receipt,PI-000507|A02,n_inspect,Quality Inspection,userTask,2,TK-0002135,EMP-0074,质检员,2024-01-29 20:21:14.530236,2024-01-30 00:25:42.530236,approve,14668000
PI-000507,goods_receipt,PI-000507|A03,n_putaway,Putaway to Warehouse,serviceTask,3,TK-0002136,EMP-0068,仓储专员,2024-01-30 04:20:02.215871,2024-01-30 04:56:33.215871,approve,2191000
PI-000508,invoice_verification,PI-000508|A01,n_enter_inv,Enter Incoming Invoice,userTask,1,TK-0002137,EMP-0075,财务专员,2024-02-01 07:18:53.541655,2024-02-01 07:51:18.541655,approve,1945000
PI-000508,invoice_verification,PI-000508|A02,n_match,Three-Way Match,serviceTask,2,TK-0002138,EMP-0079,财务专员,2024-02-01 08:38:21.419985,2024-02-01 08:43:43.419985,approve,322000
PI-000508,invoice_verification,PI-000508|A03,n_appr_inv,Approve Invoice,userTask,3,TK-0002140,EMP-0087,应付会计,2024-02-01 08:55:06.585872,2024-02-01 09:04:42.585872,approve,576000
PI-000508,invoice_verification,PI-000508|A03,n_appr_inv,Approve Invoice,userTask,3,TK-0002139,EMP-0086,应付会计,2024-02-01 09:35:55.596063,2024-02-01 10:10:30.596063,approve,2075000
PI-000508,invoice_verification,PI-000508|A04,n_pay,Post Payment,serviceTask,4,TK-0002141,EMP-0089,出纳,2024-02-01 11:35:23.422095,2024-02-01 12:11:24.422095,approve,2161000
PI-000508,invoice_verification,PI-000508|A05,n_clear,Clear Invoice,serviceTask,5,TK-0002142,EMP-0085,应付会计,2024-02-01 15:16:53.298071,2024-02-01 15:23:00.298071,approve,367000
PI-000509,purchase_requisition,PI-000509|A01,n_submit,Submit Purchase Requisition,userTask,1,TK-0002143,EMP-0024,采购申请人,2024-01-21 23:28:54.082512,2024-01-21 23:41:55.082512,approve,781000
PI-000509,purchase_requisition,PI-000509|A02,n_mgr_appr,Approve Requisition by Manager,userTask,2,TK-0002144,EMP-0046,部门经理,2024-01-21 23:47:58.259589,2024-01-22 02:15:57.259589,approve,8879000
PI-000509,purchase_requisition,PI-000509|A02,n_mgr_appr,Approve Requisition by Manager,userTask,2,TK-0002146,EMP-0041,部门经理,2024-01-21 23:54:25.115466,2024-01-22 01:40:57.115466,approve,6392000
PI-000509,purchase_requisition,PI-000509|A02,n_mgr_appr,Approve Requisition by Manager,userTask,2,TK-0002145,EMP-0042,部门经理,2024-01-22 00:33:32.485212,2024-01-22 01:08:28.485212,approve,2096000
PI-000509,purchase_requisition,PI-000509|A03,n_convert,Convert to Purchase Order,serviceTask,3,TK-0002147,EMP-0059,采购专员,2024-01-22 03:33:56.948929,2024-01-22 03:39:11.948929,approve,315000
PI-000510,purchase_order,PI-000510|A01,n_create_po,Create Purchase Order,serviceTask,1,TK-0002148,EMP-0056,采购专员,2024-01-23 05:10:39.087618,2024-01-23 05:26:09.087618,approve,930000
PI-000510,purchase_order,PI-000510|A02,n_send_po,Send Order to Supplier,serviceTask,2,TK-0002149,EMP-0060,采购专员,2024-01-23 05:34:40.785138,2024-01-23 05:39:21.785138,approve,281000
PI-000511,goods_receipt,PI-000511|A01,n_post_gr,Post Goods Receipt,serviceTask,1,TK-0002150,EMP-0067,仓储专员,2024-01-23 21:34:51.497778,2024-01-23 21:57:56.497778,approve,1385000
PI-000511,goods_receipt,PI-000511|A02,n_inspect,Quality Inspection,userTask,2,TK-0002151,EMP-0072,质检员,2024-01-24 01:23:20.157074,2024-01-24 02:23:26.157074,approve,3606000
PI-000511,goods_receipt,PI-000511|A03,n_putaway,Putaway to Warehouse,serviceTask,3,TK-0002152,EMP-0064,仓储专员,2024-01-24 02:41:00.101228,2024-01-24 03:12:22.101228,approve,1882000
PI-000512,invoice_verification,PI-000512|A01,n_enter_inv,Enter Incoming Invoice,userTask,1,TK-0002153,EMP-0081,财务专员,2024-01-26 02:47:10.669170,2024-01-26 03:14:01.669170,approve,1611000
PI-000512,invoice_verification,PI-000512|A02,n_match,Three-Way Match,serviceTask,2,TK-0002154,EMP-0077,财务专员,2024-01-26 04:45:37.459733,2024-01-26 04:50:05.459733,approve,268000
PI-000512,invoice_verification,PI-000512|A03,n_appr_inv,Approve Invoice,userTask,3,TK-0002156,EMP-0085,应付会计,2024-01-26 05:47:11.541942,2024-01-26 06:31:25.541942,approve,2654000
PI-000512,invoice_verification,PI-000512|A03,n_appr_inv,Approve Invoice,userTask,3,TK-0002155,EMP-0087,应付会计,2024-01-26 06:36:08.144401,2024-01-26 07:01:44.144401,approve,1536000
PI-000512,invoice_verification,PI-000512|A04,n_pay,Post Payment,serviceTask,4,TK-0002157,EMP-0090,出纳,2024-01-26 08:56:32.003599,2024-01-26 09:03:33.003599,approve,421000
PI-000512,invoice_verification,PI-000512|A05,n_clear,Clear Invoice,serviceTask,5,TK-0002158,EMP-0086,应付会计,2024-01-26 10:15:38.073656,2024-01-26 10:22:53.073656,approve,435000
PI-000513,purchase_order,PI-000513|A01,n_create_po,Create Purchase Order,serviceTask,1,TK-0002159,EMP-0055,采购专员,2024-01-23 01:01:04.010205,2024-01-23 01:26:51.010205,approve,1547000
PI-000513,purchase_order,PI-000513|A02,n_send_po,Send Order to Supplier,serviceTask,2,TK-0002160,EMP-0055,采购专员,2024-01-23 04:55:44.308877,2024-01-23 05:01:17.308877,approve,333000
PI-000514,goods_receipt,PI-000514|A01,n_post_gr,Post Goods Receipt,serviceTask,1,TK-0002161,EMP-0063,仓储专员,2024-01-25 07:20:06.159078,2024-01-25 07:30:07.159078,approve,601000
PI-000514,goods_receipt,PI-000514|A02,n_inspect,Quality Inspection,userTask,2,TK-0002162,EMP-0071,质检员,2024-01-25 07:42:55.281055,2024-01-25 09:07:30.281055,approve,5075000
PI-000514,goods_receipt,PI-000514|A03,n_putaway,Putaway to Warehouse,serviceTask,3,TK-0002163,EMP-0064,仓储专员,2024-01-25 10:15:11.672221,2024-01-25 11:16:00.672221,approve,3649000
PI-000515,goods_receipt,PI-000515|A01,n_post_gr,Post Goods Receipt,serviceTask,1,TK-0002164,EMP-0063,仓储专员,2024-01-28 07:49:27.774445,2024-01-28 08:07:51.774445,approve,1104000
PI-000515,goods_receipt,PI-000515|A02,n_inspect,Quality Inspection,userTask,2,TK-0002165,EMP-0070,质检员,2024-01-28 11:30:51.872811,2024-01-28 12:06:48.872811,approve,2157000
PI-000515,goods_receipt,PI-000515|A03,n_putaway,Putaway to Warehouse,serviceTask,3,TK-0002166,EMP-0067,仓储专员,2024-01-28 13:13:18.176757,2024-01-28 13:31:29.176757,approve,1091000
PI-000516,invoice_verification,PI-000516|A01,n_enter_inv,Enter Incoming Invoice,userTask,1,TK-0002167,EMP-0078,财务专员,2024-01-29 03:01:22.725096,2024-01-29 03:38:00.725096,approve,2198000
PI-000516,invoice_verification,PI-000516|A02,n_match,Three-Way Match,serviceTask,2,TK-0002168,EMP-0080,财务专员,2024-01-29 04:39:37.747376,2024-01-29 04:48:46.747376,approve,549000
PI-000516,invoice_verification,PI-000516|A03,n_appr_inv,Approve Invoice,userTask,3,TK-0002170,EMP-0086,应付会计,2024-01-29 05:24:47.161310,2024-01-29 06:15:49.161310,approve,3062000
PI-000516,invoice_verification,PI-000516|A03,n_appr_inv,Approve Invoice,userTask,3,TK-0002169,EMP-0087,应付会计,2024-01-29 06:26:13.692698,2024-01-29 07:23:50.692698,approve,3457000
PI-000516,invoice_verification,PI-000516|A04,n_pay,Post Payment,serviceTask,4,TK-0002171,EMP-0090,出纳,2024-01-29 09:49:34.483754,2024-01-29 10:00:41.483754,approve,667000
PI-000516,invoice_verification,PI-000516|A05,n_clear,Clear Invoice,serviceTask,5,TK-0002172,EMP-0083,应付会计,2024-01-29 11:10:08.279742,2024-01-29 11:15:43.279742,approve,335000
PI-000517,purchase_requisition,PI-000517|A01,n_submit,Submit Purchase Requisition,userTask,1,TK-0002173,EMP-0006,采购申请人,2024-01-22 01:09:52.081396,2024-01-22 01:43:49.081396,approve,2037000
PI-000517,purchase_requisition,PI-000517|A02,n_mgr_appr,Approve Requisition by Manager,userTask,2,TK-0002175,EMP-0042,部门经理,2024-01-22 01:54:34.380005,2024-01-22 02:10:41.380005,approve,967000
PI-000517,purchase_requisition,PI-000517|A02,n_mgr_appr,Approve Requisition by Manager,userTask,2,TK-0002174,EMP-0048,部门经理,2024-01-22 02:48:47.179239,2024-01-22 03:01:59.179239,approve,792000
PI-000517,purchase_requisition,PI-000517|A03,n_convert,Convert to Purchase Order,serviceTask,3,TK-0002176,EMP-0054,采购专员,2024-01-22 06:48:45.369826,2024-01-22 06:59:10.369826,approve,625000
PI-000518,purchase_order,PI-000518|A01,n_create_po,Create Purchase Order,serviceTask,1,TK-0002177,EMP-0052,采购专员,2024-01-22 13:13:18.748539,2024-01-22 13:29:03.748539,approve,945000
PI-000518,purchase_order,PI-000518|A02,n_dir_appr,Approve Purchase Order by Director,userTask,2,TK-0002178,EMP-0051,采购总监,2024-01-22 15:54:19.566202,2024-01-22 19:03:46.566202,reject,11367000
PI-000518,purchase_order,PI-000518|A03,n_revise_po,Revise Purchase Order,serviceTask,3,TK-0002179,EMP-0056,采购专员,2024-01-22 19:53:16.412923,2024-01-22 20:14:41.412923,approve,1285000
PI-000518,purchase_order,PI-000518|A04,n_create_po,Create Purchase Order,serviceTask,4,TK-0002180,EMP-0055,采购专员,2024-01-22 23:50:39.561990,2024-01-23 00:00:59.561990,approve,620000
PI-000518,purchase_order,PI-000518|A05,n_send_po,Send Order to Supplier,serviceTask,5,TK-0002181,EMP-0061,采购专员,2024-01-23 02:05:55.281975,2024-01-23 02:07:39.281975,approve,104000
PI-000519,goods_receipt,PI-000519|A01,n_post_gr,Post Goods Receipt,serviceTask,1,TK-0002182,EMP-0067,仓储专员,2024-01-24 12:04:35.639228,2024-01-24 12:07:01.639228,approve,146000
PI-000519,goods_receipt,PI-000519|A02,n_inspect,Quality Inspection,userTask,2,TK-0002183,EMP-0073,质检员,2024-01-24 15:47:17.229283,2024-01-24 16:17:34.229283,approve,1817000
PI-000519,goods_receipt,PI-000519|A03,n_putaway,Putaway to Warehouse,serviceTask,3,TK-0002184,EMP-0063,仓储专员,2024-01-24 17:40:27.074227,2024-01-24 17:54:10.074227,approve,823000
PI-000520,invoice_verification,PI-000520|A01,n_enter_inv,Enter Incoming Invoice,userTask,1,TK-0002185,EMP-0080,财务专员,2024-01-29 08:08:09.865262,2024-01-29 08:23:55.865262,approve,946000
PI-000520,invoice_verification,PI-000520|A02,n_match,Three-Way Match,serviceTask,2,TK-0002186,EMP-0076,财务专员,2024-01-29 10:02:39.273520,2024-01-29 10:06:30.273520,approve,231000
PI-000520,invoice_verification,PI-000520|A03,n_appr_inv,Approve Invoice,userTask,3,TK-0002188,EMP-0084,应付会计,2024-01-29 10:16:40.350479,2024-01-29 11:11:39.350479,approve,3299000
PI-000520,invoice_verification,PI-000520|A03,n_appr_inv,Approve Invoice,userTask,3,TK-0002187,EMP-0087,应付会计,2024-01-29 11:00:56.559417,2024-01-29 11:55:12.559417,approve,3256000
PI-000520,invoice_verification,PI-000520|A04,n_pay,Post Payment,serviceTask,4,TK-0002189,EMP-0088,出纳,2024-01-29 13:31:29.200704,2024-01-29 13:42:53.200704,approve,684000
PI-000520,invoice_verification,PI-000520|A05,n_clear,Clear Invoice,serviceTask,5,TK-0002190,EMP-0086,应付会计,2024-01-29 15:59:01.424628,2024-01-29 16:05:25.424628,approve,384000
PI-000521,purchase_requisition,PI-000521|A01,n_submit,Submit Purchase Requisition,userTask,1,TK-0002191,EMP-0032,采购申请人,2024-01-22 05:14:21.122985,2024-01-22 05:36:12.122985,approve,1311000
PI-000521,purchase_requisition,PI-000521|A02,n_mgr_appr,Approve Requisition by Manager,userTask,2,TK-0002192,EMP-0044,部门经理,2024-01-22 05:43:45.833905,2024-01-22 06:08:49.833905,approve,1504000
PI-000521,purchase_requisition,PI-000521|A02,n_mgr_appr,Approve Requisition by Manager,userTask,2,TK-0002193,EMP-0042,部门经理,2024-01-22 06:18:53.489830,2024-01-22 09:14:40.489830,approve,10547000
PI-000521,purchase_requisition,PI-000521|A03,n_convert,Convert to Purchase Order,serviceTask,3,TK-0002194,EMP-0060,采购专员,2024-01-22 12:34:58.111724,2024-01-22 12:56:15.111724,approve,1277000
PI-000522,purchase_order,PI-000522|A01,n_create_po,Create Purchase Order,serviceTask,1,TK-0002195,EMP-0058,采购专员,2024-01-23 09:27:21.890531,2024-01-23 09:49:13.890531,approve,1312000
PI-000522,purchase_order,PI-000522|A02,n_dir_appr,Approve Purchase Order by Director,userTask,2,TK-0002196,EMP-0050,采购总监,2024-01-23 10:15:49.709568,2024-01-23 12:33:52.709568,approve,8283000
PI-000522,purchase_order,PI-000522|A03,n_send_po,Send Order to Supplier,serviceTask,3,TK-0002197,EMP-0054,采购专员,2024-01-23 13:11:59.586744,2024-01-23 13:23:06.586744,approve,667000
PI-000523,goods_receipt,PI-000523|A01,n_post_gr,Post Goods Receipt,serviceTask,1,TK-0002198,EMP-0062,仓储专员,2024-01-25 16:23:19.773362,2024-01-25 16:40:56.773362,approve,1057000
PI-000523,goods_receipt,PI-000523|A02,n_inspect,Quality Inspection,userTask,2,TK-0002199,EMP-0072,质检员,2024-01-25 18:42:43.697336,2024-01-25 19:37:51.697336,approve,3308000
PI-000523,goods_receipt,PI-000523|A03,n_putaway,Putaway to Warehouse,serviceTask,3,TK-0002200,EMP-0066,仓储专员,2024-01-25 23:26:15.709266,2024-01-25 23:54:26.709266,approve,1691000
PI-000524,invoice_verification,PI-000524|A01,n_enter_inv,Enter Incoming Invoice,userTask,1,TK-0002201,EMP-0080,财务专员,2024-01-27 04:04:15.725495,2024-01-27 04:51:48.725495,approve,2853000
PI-000524,invoice_verification,PI-000524|A02,n_match,Three-Way Match,serviceTask,2,TK-0002202,EMP-0077,财务专员,2024-01-27 05:34:37.665968,2024-01-27 05:39:21.665968,approve,284000
PI-000524,invoice_verification,PI-000524|A03,n_appr_inv,Approve Invoice,userTask,3,TK-0002203,EMP-0086,应付会计,2024-01-27 05:45:04.770234,2024-01-27 06:54:07.770234,approve,4143000
PI-000524,invoice_verification,PI-000524|A03,n_appr_inv,Approve Invoice,userTask,3,TK-0002204,EMP-0085,应付会计,2024-01-27 05:48:05.932878,2024-01-27 06:12:23.932878,approve,1458000
PI-000524,invoice_verification,PI-000524|A04,n_pay,Post Payment,serviceTask,4,TK-0002205,EMP-0090,出纳,2024-01-27 07:19:22.818678,2024-01-27 07:21:22.818678,approve,120000
PI-000524,invoice_verification,PI-000524|A05,n_clear,Clear Invoice,serviceTask,5,TK-0002206,EMP-0083,应付会计,2024-01-27 10:39:16.317339,2024-01-27 10:43:59.317339,approve,283000
PI-000525,purchase_order,PI-000525|A01,n_create_po,Create Purchase Order,serviceTask,1,TK-0002207,EMP-0053,采购专员,2024-01-22 22:58:58.042228,2024-01-22 23:16:02.042228,approve,1024000
PI-000525,purchase_order,PI-000525|A02,n_send_po,Send Order to Supplier,serviceTask,2,TK-0002208,EMP-0055,采购专员,2024-01-23 02:31:33.309387,2024-01-23 02:33:23.309387,approve,110000
PI-000526,goods_receipt,PI-000526|A01,n_post_gr,Post Goods Receipt,serviceTask,1,TK-0002209,EMP-0069,仓储专员,2024-01-25 01:18:08.623746,2024-01-25 01:26:15.623746,approve,487000
PI-000526,goods_receipt,PI-000526|A02,n_inspect,Quality Inspection,userTask,2,TK-0002210,EMP-0074,质检员,2024-01-25 05:08:47.929803,2024-01-25 05:36:17.929803,approve,1650000
PI-000526,goods_receipt,PI-000526|A03,n_putaway,Putaway to Warehouse,serviceTask,3,TK-0002211,EMP-0063,仓储专员,2024-01-25 05:49:38.785394,2024-01-25 06:13:16.785394,approve,1418000
PI-000527,invoice_verification,PI-000527|A01,n_enter_inv,Enter Incoming Invoice,userTask,1,TK-0002212,EMP-0079,财务专员,2024-01-28 18:33:14.767652,2024-01-28 18:53:10.767652,approve,1196000
PI-000527,invoice_verification,PI-000527|A02,n_match,Three-Way Match,serviceTask,2,TK-0002213,EMP-0080,财务专员,2024-01-28 22:22:56.902938,2024-01-28 22:26:12.902938,approve,196000
PI-000527,invoice_verification,PI-000527|A03,n_appr_inv,Approve Invoice,userTask,3,TK-0002215,EMP-0086,应付会计,2024-01-28 23:09:50.665282,2024-01-28 23:42:28.665282,approve,1958000
PI-000527,invoice_verification,PI-000527|A03,n_appr_inv,Approve Invoice,userTask,3,TK-0002214,EMP-0083,应付会计,2024-01-28 23:22:42.755048,2024-01-29 00:19:58.755048,approve,3436000
PI-000527,invoice_verification,PI-000527|A04,n_pay,Post Payment,serviceTask,4,TK-0002216,EMP-0088,出纳,2024-01-29 02:33:33.745847,2024-01-29 03:00:53.745847,approve,1640000
PI-000527,invoice_verification,PI-000527|A05,n_clear,Clear Invoice,serviceTask,5,TK-0002217,EMP-0085,应付会计,2024-01-29 04:41:16.825764,2024-01-29 04:45:27.825764,approve,251000
PI-000528,purchase_requisition,PI-000528|A01,n_submit,Submit Purchase Requisition,userTask,1,TK-0002218,EMP-0004,采购申请人,2024-01-22 05:20:42.641832,2024-01-22 05:53:59.641832,approve,1997000
PI-000528,purchase_requisition,PI-000528|A02,n_mgr_appr,Approve Requisition by Manager,userTask,2,TK-0002220,EMP-0041,部门经理,2024-01-22 06:30:51.215859,2024-01-22 07:48:46.215859,approve,4675000
PI-000528,purchase_requisition,PI-000528|A02,n_mgr_appr,Approve Requisition by Manager,userTask,2,TK-0002221,EMP-0044,部门经理,2024-01-22 06:42:42.577581,2024-01-22 08:16:02.577581,approve,5600000
PI-000528,purchase_requisition,PI-000528|A02,n_mgr_appr,Approve Requisition by Manager,userTask,2,TK-0002219,EMP-0042,部门经理,2024-01-22 07:11:19.355842,2024-01-22 08:12:12.355842,approve,3653000
PI-000528,purchase_requisition,PI-000528|A03,n_convert,Convert to Purchase Order,serviceTask,3,TK-0002222,EMP-0054,采购专员,2024-01-22 09:00:34.057838,2024-01-22 09:08:44.057838,approve,490000
PI-000529,purchase_order,PI-000529|A01,n_create_po,Create Purchase Order,serviceTask,1,TK-0002223,EMP-0054,采购专员,2024-01-22 10:27:28.647060,2024-01-22 10:59:08.647060,approve,1900000
PI-000529,purchase_order,PI-000529|A02,n_dir_appr,Approve Purchase Order by Director,userTask,2,TK-0002224,EMP-0051,采购总监,2024-01-22 14:40:06.164353,2024-01-22 15:06:37.164353,approve,1591000
PI-000529,purchase_order,PI-000529|A03,n_send_po,Send Order to Supplier,serviceTask,3,TK-0002225,EMP-0061,采购专员,2024-01-22 16:12:37.942701,2024-01-22 16:20:13.942701,approve,456000
PI-000530,goods_receipt,PI-000530|A01,n_post_gr,Post Goods Receipt,serviceTask,1,TK-0002226,EMP-0069,仓储专员,2024-01-24 22:02:37.372564,2024-01-24 22:07:48.372564,approve,311000
PI-000530,goods_receipt,PI-000530|A02,n_inspect,Quality Inspection,userTask,2,TK-0002227,EMP-0070,质检员,2024-01-25 01:47:28.092109,2024-01-25 04:12:30.092109,approve,8702000
PI-000530,goods_receipt,PI-000530|A03,n_putaway,Putaway to Warehouse,serviceTask,3,TK-0002228,EMP-0066,仓储专员,2024-01-25 08:02:29.328095,2024-01-25 08:54:04.328095,approve,3095000
PI-000531,goods_receipt,PI-000531|A01,n_post_gr,Post Goods Receipt,serviceTask,1,TK-0002229,EMP-0066,仓储专员,2024-01-28 00:43:00.794653,2024-01-28 00:56:46.794653,approve,826000
PI-000531,goods_receipt,PI-000531|A02,n_inspect,Quality Inspection,userTask,2,TK-0002230,EMP-0072,质检员,2024-01-28 04:28:41.846451,2024-01-28 05:21:59.846451,approve,3198000
PI-000531,goods_receipt,PI-000531|A03,n_putaway,Putaway to Warehouse,serviceTask,3,TK-0002231,EMP-0065,仓储专员,2024-01-28 09:00:41.012621,2024-01-28 09:42:46.012621,approve,2525000
PI-000532,invoice_verification,PI-000532|A01,n_enter_inv,Enter Incoming Invoice,userTask,1,TK-0002232,EMP-0075,财务专员,2024-01-30 15:35:44.015172,2024-01-30 15:55:54.015172,approve,1210000
PI-000532,invoice_verification,PI-000532|A02,n_match,Three-Way Match,serviceTask,2,TK-0002233,EMP-0075,财务专员,2024-01-30 16:18:13.012359,2024-01-30 16:24:29.012359,approve,376000
PI-000532,invoice_verification,PI-000532|A03,n_appr_inv,Approve Invoice,userTask,3,TK-0002235,EMP-0085,应付会计,2024-01-30 17:15:41.019965,2024-01-30 17:38:49.019965,approve,1388000
PI-000532,invoice_verification,PI-000532|A03,n_appr_inv,Approve Invoice,userTask,3,TK-0002234,EMP-0086,应付会计,2024-01-30 17:49:20.290894,2024-01-30 18:22:10.290894,approve,1970000
PI-000532,invoice_verification,PI-000532|A04,n_pay,Post Payment,serviceTask,4,TK-0002236,EMP-0088,出纳,2024-01-30 18:31:59.498745,2024-01-30 18:41:26.498745,approve,567000
PI-000532,invoice_verification,PI-000532|A05,n_clear,Clear Invoice,serviceTask,5,TK-0002237,EMP-0084,应付会计,2024-01-30 20:04:58.356063,2024-01-30 20:08:24.356063,approve,206000
PI-000533,purchase_requisition,PI-000533|A01,n_submit,Submit Purchase Requisition,userTask,1,TK-0002238,EMP-0026,采购申请人,2024-01-22 07:39:41.132158,2024-01-22 07:44:42.132158,approve,301000
PI-000533,purchase_requisition,PI-000533|A02,n_mgr_appr,Approve Requisition by Manager,userTask,2,TK-0002240,EMP-0048,部门经理,2024-01-22 08:39:41.197406,2024-01-22 09:40:41.197406,reject,3660000
PI-000533,purchase_requisition,PI-000533|A02,n_mgr_appr,Approve Requisition by Manager,userTask,2,TK-0002239,EMP-0047,部门经理,2024-01-22 09:07:31.823734,2024-01-22 11:07:19.823734,reject,7188000
PI-000533,purchase_requisition,PI-000533|A03,n_cancel,Cancel Requisition,serviceTask,3,TK-0002241,EMP-0053,采购专员,2024-01-22 12:42:34.591614,2024-01-22 12:53:23.591614,approve,649000
PI-000534,purchase_requisition,PI-000534|A01,n_submit,Submit Purchase Requisition,userTask,1,TK-0002242,EMP-0022,采购申请人,2024-01-22 10:11:25.927914,2024-01-22 11:04:58.927914,approve,3213000
PI-000534,purchase_requisition,PI-000534|A02,n_mgr_appr,Approve Requisition by Manager,userTask,2,TK-0002243,EMP-0047,部门经理,2024-01-22 11:29:14.588871,2024-01-22 11:52:28.588871,approve,1394000
PI-000534,purchase_requisition,PI-000534|A02,n_mgr_appr,Approve Requisition by Manager,userTask,2,TK-0002244,EMP-0043,部门经理,2024-01-22 11:58:09.350446,2024-01-22 12:28:26.350446,approve,1817000
PI-000534,purchase_requisition,PI-000534|A03,n_convert,Convert to Purchase Order,serviceTask,3,TK-0002245,EMP-0059,采购专员,2024-01-22 16:24:30.927880,2024-01-22 16:41:29.927880,approve,1019000
PI-000535,purchase_order,PI-000535|A01,n_create_po,Create Purchase Order,serviceTask,1,TK-0002246,EMP-0052,采购专员,2024-01-23 08:14:10.789823,2024-01-23 08:31:24.789823,approve,1034000
PI-000535,purchase_order,PI-000535|A02,n_dir_appr,Approve Purchase Order by Director,userTask,2,TK-0002247,EMP-0050,采购总监,2024-01-23 09:54:30.441857,2024-01-23 11:47:14.441857,approve,6764000
PI-000535,purchase_order,PI-000535|A03,n_send_po,Send Order to Supplier,serviceTask,3,TK-0002248,EMP-0059,采购专员,2024-01-23 14:34:27.211969,2024-01-23 14:38:53.211969,approve,266000
PI-000536,goods_receipt,PI-000536|A01,n_post_gr,Post Goods Receipt,serviceTask,1,TK-0002249,EMP-0069,仓储专员,2024-01-26 00:56:44.306162,2024-01-26 01:27:17.306162,approve,1833000
PI-000536,goods_receipt,PI-000536|A02,n_inspect,Quality Inspection,userTask,2,TK-0002250,EMP-0073,质检员,2024-01-26 03:55:19.362642,2024-01-26 04:39:00.362642,approve,2621000
PI-000536,goods_receipt,PI-000536|A03,n_putaway,Putaway to Warehouse,serviceTask,3,TK-0002251,EMP-0066,仓储专员,2024-01-26 08:07:34.242886,2024-01-26 08:13:50.242886,approve,376000
PI-000537,invoice_verification,PI-000537|A01,n_enter_inv,Enter Incoming Invoice,userTask,1,TK-0002252,EMP-0077,财务专员,2024-01-27 15:33:29.180181,2024-01-27 16:15:50.180181,approve,2541000
PI-000537,invoice_verification,PI-000537|A02,n_match,Three-Way Match,serviceTask,2,TK-0002253,EMP-0079,财务专员,2024-01-27 16:41:40.575656,2024-01-27 16:57:38.575656,reject,958000
PI-000537,invoice_verification,PI-000537|A03,n_park,Park Invoice,userTask,3,TK-0002254,EMP-0076,财务专员,2024-01-27 17:18:09.725439,2024-01-27 17:45:42.725439,approve,1653000
PI-000537,invoice_verification,PI-000537|A04,n_handle_exc,Handle Invoice Exception,userTask,4,TK-0002255,EMP-0077,财务专员,2024-01-27 20:43:36.367436,2024-01-27 22:06:29.367436,approve,4973000
PI-000537,invoice_verification,PI-000537|A05,n_match,Three-Way Match,serviceTask,5,TK-0002256,EMP-0079,财务专员,2024-01-28 01:51:42.542549,2024-01-28 02:02:30.542549,approve,648000
PI-000537,invoice_verification,PI-000537|A06,n_appr_inv,Approve Invoice,userTask,6,TK-0002258,EMP-0084,应付会计,2024-01-28 02:15:45.534823,2024-01-28 03:06:05.534823,approve,3020000
PI-000537,invoice_verification,PI-000537|A06,n_appr_inv,Approve Invoice,userTask,6,TK-0002257,EMP-0085,应付会计,2024-01-28 03:27:29.165488,2024-01-28 03:50:52.165488,approve,1403000
PI-000537,invoice_verification,PI-000537|A07,n_pay,Post Payment,serviceTask,7,TK-0002259,EMP-0089,出纳,2024-01-28 04:55:26.031229,2024-01-28 04:59:15.031229,approve,229000
PI-000537,invoice_verification,PI-000537|A08,n_clear,Clear Invoice,serviceTask,8,TK-0002260,EMP-0085,应付会计,2024-01-28 07:52:20.018498,2024-01-28 08:26:51.018498,approve,2071000
PI-000538,invoice_verification,PI-000538|A01,n_enter_inv,Enter Incoming Invoice,userTask,1,TK-0002261,EMP-0078,财务专员,2024-01-30 11:12:08.705335,2024-01-30 11:21:14.705335,approve,546000
PI-000538,invoice_verification,PI-000538|A02,n_match,Three-Way Match,serviceTask,2,TK-0002262,EMP-0076,财务专员,2024-01-30 13:16:37.143415,2024-01-30 13:22:07.143415,approve,330000
PI-000538,invoice_verification,PI-000538|A03,n_appr_inv,Approve Invoice,userTask,3,TK-0002263,EMP-0083,应付会计,2024-01-30 13:57:26.470883,2024-01-30 18:03:03.470883,approve,14737000
PI-000538,invoice_verification,PI-000538|A03,n_appr_inv,Approve Invoice,userTask,3,TK-0002264,EMP-0087,应付会计,2024-01-30 14:11:44.842721,2024-01-30 14:33:08.842721,approve,1284000
PI-000538,invoice_verification,PI-000538|A04,n_pay,Post Payment,serviceTask,4,TK-0002265,EMP-0090,出纳,2024-01-30 18:27:07.824992,2024-01-30 18:37:59.824992,approve,652000
PI-000538,invoice_verification,PI-000538|A05,n_clear,Clear Invoice,serviceTask,5,TK-0002266,EMP-0086,应付会计,2024-01-30 20:53:56.063643,2024-01-30 20:56:09.063643,approve,133000
PI-000539,purchase_order,PI-000539|A01,n_create_po,Create Purchase Order,serviceTask,1,TK-0002267,EMP-0056,采购专员,2024-01-22 19:52:20.631162,2024-01-22 20:05:05.631162,approve,765000
PI-000539,purchase_order,PI-000539|A02,n_dir_appr,Approve Purchase Order by Director,userTask,2,TK-0002268,EMP-0051,采购总监,2024-01-22 21:48:02.966075,2024-01-22 22:56:42.966075,approve,4120000
PI-000539,purchase_order,PI-000539|A03,n_send_po,Send Order to Supplier,serviceTask,3,TK-0002269,EMP-0054,采购专员,2024-01-23 00:43:40.108370,2024-01-23 00:54:19.108370,approve,639000
PI-000540,goods_receipt,PI-000540|A01,n_post_gr,Post Goods Receipt,serviceTask,1,TK-0002270,EMP-0069,仓储专员,2024-01-25 20:44:45.686915,2024-01-25 21:01:58.686915,approve,1033000
PI-000540,goods_receipt,PI-000540|A02,n_inspect,Quality Inspection,userTask,2,TK-0002271,EMP-0073,质检员,2024-01-25 21:41:38.703515,2024-01-25 22:10:14.703515,approve,1716000
PI-000540,goods_receipt,PI-000540|A03,n_putaway,Putaway to Warehouse,serviceTask,3,TK-0002272,EMP-0068,仓储专员,2024-01-25 23:17:12.446510,2024-01-25 23:34:37.446510,approve,1045000
PI-000541,invoice_verification,PI-000541|A01,n_enter_inv,Enter Incoming Invoice,userTask,1,TK-0002273,EMP-0077,财务专员,2024-01-31 01:54:13.491984,2024-01-31 02:28:28.491984,approve,2055000
PI-000541,invoice_verification,PI-000541|A02,n_match,Three-Way Match,serviceTask,2,TK-0002274,EMP-0078,财务专员,2024-01-31 06:16:34.522250,2024-01-31 06:21:29.522250,approve,295000
PI-000541,invoice_verification,PI-000541|A03,n_appr_inv,Approve Invoice,userTask,3,TK-0002276,EMP-0086,应付会计,2024-01-31 07:02:39.007749,2024-01-31 07:52:28.007749,approve,2989000
PI-000541,invoice_verification,PI-000541|A03,n_appr_inv,Approve Invoice,userTask,3,TK-0002275,EMP-0085,应付会计,2024-01-31 07:56:00.220180,2024-01-31 08:28:42.220180,approve,1962000
PI-000541,invoice_verification,PI-000541|A04,n_pay,Post Payment,serviceTask,4,TK-0002277,EMP-0090,出纳,2024-01-31 12:04:00.514501,2024-01-31 12:23:33.514501,approve,1173000
PI-000541,invoice_verification,PI-000541|A05,n_clear,Clear Invoice,serviceTask,5,TK-0002278,EMP-0085,应付会计,2024-01-31 16:11:06.065618,2024-01-31 16:15:54.065618,approve,288000
PI-000542,invoice_verification,PI-000542|A01,n_enter_inv,Enter Incoming Invoice,userTask,1,TK-0002279,EMP-0081,财务专员,2024-02-05 03:33:28.220221,2024-02-05 03:46:21.220221,approve,773000
PI-000542,invoice_verification,PI-000542|A02,n_match,Three-Way Match,serviceTask,2,TK-0002280,EMP-0080,财务专员,2024-02-05 04:58:27.485216,2024-02-05 05:01:45.485216,reject,198000
PI-000542,invoice_verification,PI-000542|A03,n_park,Park Invoice,userTask,3,TK-0002281,EMP-0079,财务专员,2024-02-05 07:06:08.927749,2024-02-05 07:37:56.927749,approve,1908000
PI-000542,invoice_verification,PI-000542|A04,n_handle_exc,Handle Invoice Exception,userTask,4,TK-0002282,EMP-0077,财务专员,2024-02-05 08:58:52.588465,2024-02-05 12:27:17.588465,approve,12505000
PI-000542,invoice_verification,PI-000542|A05,n_match,Three-Way Match,serviceTask,5,TK-0002283,EMP-0077,财务专员,2024-02-05 12:58:48.656042,2024-02-05 13:13:34.656042,approve,886000
PI-000542,invoice_verification,PI-000542|A06,n_appr_inv,Approve Invoice,userTask,6,TK-0002284,EMP-0085,应付会计,2024-02-05 14:02:49.817189,2024-02-05 15:46:24.817189,approve,6215000
PI-000542,invoice_verification,PI-000542|A06,n_appr_inv,Approve Invoice,userTask,6,TK-0002285,EMP-0084,应付会计,2024-02-05 14:13:26.638986,2024-02-05 15:10:33.638986,approve,3427000
PI-000542,invoice_verification,PI-000542|A07,n_pay,Post Payment,serviceTask,7,TK-0002286,EMP-0089,出纳,2024-02-05 19:03:18.567222,2024-02-05 19:11:45.567222,approve,507000
PI-000542,invoice_verification,PI-000542|A08,n_clear,Clear Invoice,serviceTask,8,TK-0002287,EMP-0083,应付会计,2024-02-05 21:03:10.120268,2024-02-05 21:07:34.120268,approve,264000
PI-000543,purchase_requisition,PI-000543|A01,n_submit,Submit Purchase Requisition,userTask,1,TK-0002288,EMP-0002,采购申请人,2024-01-22 11:39:29.869015,2024-01-22 12:05:57.869015,approve,1588000
PI-000543,purchase_requisition,PI-000543|A02,n_convert,Convert to Purchase Order,serviceTask,2,TK-0002289,EMP-0053,采购专员,2024-01-22 13:37:31.749789,2024-01-22 13:48:11.749789,approve,640000
PI-000544,purchase_order,PI-000544|A01,n_create_po,Create Purchase Order,serviceTask,1,TK-0002290,EMP-0060,采购专员,2024-01-22 21:39:04.706622,2024-01-22 21:41:25.706622,approve,141000
PI-000544,purchase_order,PI-000544|A02,n_dir_appr,Approve Purchase Order by Director,userTask,2,TK-0002291,EMP-0050,采购总监,2024-01-22 22:32:01.043948,2024-01-23 00:44:59.043948,reject,7978000
PI-000544,purchase_order,PI-000544|A03,n_revise_po,Revise Purchase Order,serviceTask,3,TK-0002292,EMP-0054,采购专员,2024-01-23 01:42:17.201967,2024-01-23 02:04:25.201967,approve,1328000
PI-000544,purchase_order,PI-000544|A04,n_create_po,Create Purchase Order,serviceTask,4,TK-0002293,EMP-0058,采购专员,2024-01-23 04:49:40.958835,2024-01-23 05:02:43.958835,approve,783000
PI-000544,purchase_order,PI-000544|A05,n_dir_appr,Approve Purchase Order by Director,userTask,5,TK-0002294,EMP-0049,采购总监,2024-01-23 08:45:06.464126,2024-01-23 10:39:41.464126,reject,6875000
PI-000544,purchase_order,PI-000544|A06,n_revise_po,Revise Purchase Order,serviceTask,6,TK-0002295,EMP-0060,采购专员,2024-01-23 10:59:28.097579,2024-01-23 11:55:45.097579,approve,3377000
PI-000544,purchase_order,PI-000544|A07,n_create_po,Create Purchase Order,serviceTask,7,TK-0002296,EMP-0052,采购专员,2024-01-23 12:09:17.865861,2024-01-23 12:49:12.865861,approve,2395000
PI-000544,purchase_order,PI-000544|A08,n_dir_appr,Approve Purchase Order by Director,userTask,8,TK-0002297,EMP-0049,采购总监,2024-01-23 14:06:52.427513,2024-01-23 14:54:15.427513,approve,2843000
PI-000544,purchase_order,PI-000544|A09,n_send_po,Send Order to Supplier,serviceTask,9,TK-0002298,EMP-0052,采购专员,2024-01-23 17:21:14.863507,2024-01-23 17:23:32.863507,approve,138000
PI-000545,goods_receipt,PI-000545|A01,n_post_gr,Post Goods Receipt,serviceTask,1,TK-0002299,EMP-0064,仓储专员,2024-01-25 18:57:43.494562,2024-01-25 19:05:21.494562,approve,458000
PI-000545,goods_receipt,PI-000545|A02,n_inspect,Quality Inspection,userTask,2,TK-0002300,EMP-0071,质检员,2024-01-25 21:12:06.668938,2024-01-25 21:23:10.668938,approve,664000
PI-000545,goods_receipt,PI-000545|A03,n_putaway,Putaway to Warehouse,serviceTask,3,TK-0002301,EMP-0069,仓储专员,2024-01-26 00:32:26.380684,2024-01-26 00:47:49.380684,approve,923000
PI-000546,invoice_verification,PI-000546|A01,n_enter_inv,Enter Incoming Invoice,userTask,1,TK-0002302,EMP-0078,财务专员,2024-01-29 09:56:14.010408,2024-01-29 10:02:36.010408,approve,382000
PI-000546,invoice_verification,PI-000546|A02,n_match,Three-Way Match,serviceTask,2,TK-0002303,EMP-0078,财务专员,2024-01-29 13:37:36.073148,2024-01-29 13:46:53.073148,approve,557000
PI-000546,invoice_verification,PI-000546|A03,n_appr_inv,Approve Invoice,userTask,3,TK-0002304,EMP-0085,应付会计,2024-01-29 14:06:44.571489,2024-01-29 14:51:55.571489,approve,2711000
PI-000546,invoice_verification,PI-000546|A03,n_appr_inv,Approve Invoice,userTask,3,TK-0002305,EMP-0084,应付会计,2024-01-29 14:09:11.101233,2024-01-29 14:28:58.101233,approve,1187000
PI-000546,invoice_verification,PI-000546|A04,n_pay,Post Payment,serviceTask,4,TK-0002306,EMP-0090,出纳,2024-01-29 18:46:18.908221,2024-01-29 19:08:18.908221,approve,1320000
PI-000546,invoice_verification,PI-000546|A05,n_clear,Clear Invoice,serviceTask,5,TK-0002307,EMP-0087,应付会计,2024-01-29 22:22:56.561751,2024-01-29 22:32:46.561751,approve,590000
PI-000547,purchase_requisition,PI-000547|A01,n_submit,Submit Purchase Requisition,userTask,1,TK-0002308,EMP-0008,采购申请人,2024-01-22 14:32:42.883340,2024-01-22 15:03:03.883340,approve,1821000
PI-000547,purchase_requisition,PI-000547|A02,n_convert,Convert to Purchase Order,serviceTask,2,TK-0002309,EMP-0058,采购专员,2024-01-22 18:44:58.788001,2024-01-22 19:04:36.788001,approve,1178000
PI-000548,purchase_order,PI-000548|A01,n_create_po,Create Purchase Order,serviceTask,1,TK-0002310,EMP-0060,采购专员,2024-01-22 23:03:17.169283,2024-01-22 23:07:46.169283,approve,269000
PI-000548,purchase_order,PI-000548|A02,n_dir_appr,Approve Purchase Order by Director,userTask,2,TK-0002311,EMP-0051,采购总监,2024-01-23 02:34:24.876430,2024-01-23 04:33:34.876430,approve,7150000
PI-000548,purchase_order,PI-000548|A03,n_send_po,Send Order to Supplier,serviceTask,3,TK-0002312,EMP-0054,采购专员,2024-01-23 05:20:33.675197,2024-01-23 05:33:09.675197,approve,756000
PI-000549,goods_receipt,PI-000549|A01,n_post_gr,Post Goods Receipt,serviceTask,1,TK-0002313,EMP-0069,仓储专员,2024-01-26 01:49:05.417161,2024-01-26 01:55:40.417161,approve,395000
PI-000549,goods_receipt,PI-000549|A02,n_inspect,Quality Inspection,userTask,2,TK-0002314,EMP-0070,质检员,2024-01-26 03:54:46.909459,2024-01-26 04:04:19.909459,approve,573000
PI-000549,goods_receipt,PI-000549|A03,n_putaway,Putaway to Warehouse,serviceTask,3,TK-0002315,EMP-0067,仓储专员,2024-01-26 04:44:13.719266,2024-01-26 05:28:57.719266,approve,2684000
PI-000550,invoice_verification,PI-000550|A01,n_enter_inv,Enter Incoming Invoice,userTask,1,TK-0002316,EMP-0082,财务专员,2024-01-28 10:27:25.524579,2024-01-28 10:47:53.524579,approve,1228000
PI-000550,invoice_verification,PI-000550|A02,n_match,Three-Way Match,serviceTask,2,TK-0002317,EMP-0080,财务专员,2024-01-28 12:07:43.252809,2024-01-28 12:19:46.252809,approve,723000
PI-000550,invoice_verification,PI-000550|A03,n_appr_inv,Approve Invoice,userTask,3,TK-0002319,EMP-0086,应付会计,2024-01-28 13:06:13.419218,2024-01-28 14:14:25.419218,approve,4092000
PI-000550,invoice_verification,PI-000550|A03,n_appr_inv,Approve Invoice,userTask,3,TK-0002318,EMP-0083,应付会计,2024-01-28 14:17:09.995275,2024-01-28 14:54:06.995275,approve,2217000
PI-000550,invoice_verification,PI-000550|A04,n_pay,Post Payment,serviceTask,4,TK-0002320,EMP-0090,出纳,2024-01-28 18:38:27.162856,2024-01-28 18:52:15.162856,approve,828000
PI-000550,invoice_verification,PI-000550|A05,n_clear,Clear Invoice,serviceTask,5,TK-0002321,EMP-0087,应付会计,2024-01-28 20:53:57.944113,2024-01-28 20:59:55.944113,approve,358000
PI-000551,purchase_requisition,PI-000551|A01,n_submit,Submit Purchase Requisition,userTask,1,TK-0002322,EMP-0005,采购申请人,2024-01-22 16:24:42.989081,2024-01-22 16:57:24.989081,approve,1962000
PI-000551,purchase_requisition,PI-000551|A02,n_mgr_appr,Approve Requisition by Manager,userTask,2,TK-0002325,EMP-0042,部门经理,2024-01-22 17:43:45.938524,2024-01-22 18:39:34.938524,reject,3349000
PI-000551,purchase_requisition,PI-000551|A02,n_mgr_appr,Approve Requisition by Manager,userTask,2,TK-0002324,EMP-0041,部门经理,2024-01-22 17:45:41.645856,2024-01-22 18:38:46.645856,reject,3185000
PI-000551,purchase_requisition,PI-000551|A02,n_mgr_appr,Approve Requisition by Manager,userTask,2,TK-0002323,EMP-0044,部门经理,2024-01-22 17:51:26.889994,2024-01-22 19:42:19.889994,reject,6653000
PI-000551,purchase_requisition,PI-000551|A03,n_revise,Revise Requisition,userTask,3,TK-0002326,EMP-0005,采购申请人,2024-01-22 22:13:24.977965,2024-01-22 23:07:50.977965,approve,3266000
PI-000551,purchase_requisition,PI-000551|A04,n_submit,Submit Purchase Requisition,userTask,4,TK-0002327,EMP-0005,采购申请人,2024-01-23 01:42:38.352644,2024-01-23 01:52:18.352644,approve,580000
PI-000551,purchase_requisition,PI-000551|A05,n_convert,Convert to Purchase Order,serviceTask,5,TK-0002328,EMP-0056,采购专员,2024-01-23 02:45:00.868353,2024-01-23 02:58:57.868353,approve,837000
PI-000552,purchase_order,PI-000552|A01,n_create_po,Create Purchase Order,serviceTask,1,TK-0002329,EMP-0058,采购专员,2024-01-23 05:11:06.826831,2024-01-23 05:18:22.826831,approve,436000
PI-000552,purchase_order,PI-000552|A02,n_send_po,Send Order to Supplier,serviceTask,2,TK-0002330,EMP-0052,采购专员,2024-01-23 08:10:27.453718,2024-01-23 08:12:13.453718,approve,106000
PI-000553,goods_receipt,PI-000553|A01,n_post_gr,Post Goods Receipt,serviceTask,1,TK-0002331,EMP-0066,仓储专员,2024-01-24 21:06:01.495708,2024-01-24 21:15:44.495708,approve,583000
PI-000553,goods_receipt,PI-000553|A02,n_inspect,Quality Inspection,userTask,2,TK-0002332,EMP-0072,质检员,2024-01-24 21:28:30.165810,2024-01-24 22:06:20.165810,reject,2270000
PI-000553,goods_receipt,PI-000553|A03,n_return,Return to Supplier,serviceTask,3,TK-0002333,EMP-0062,仓储专员,2024-01-25 00:29:43.138499,2024-01-25 00:58:43.138499,approve,1740000
PI-000554,invoice_verification,PI-000554|A01,n_enter_inv,Enter Incoming Invoice,userTask,1,TK-0002334,EMP-0080,财务专员,2024-01-25 14:46:22.867810,2024-01-25 15:20:12.867810,approve,2030000
PI-000554,invoice_verification,PI-000554|A02,n_match,Three-Way Match,serviceTask,2,TK-0002335,EMP-0082,财务专员,2024-01-25 18:14:10.991214,2024-01-25 18:18:35.991214,approve,265000
PI-000554,invoice_verification,PI-000554|A03,n_appr_inv,Approve Invoice,userTask,3,TK-0002337,EMP-0086,应付会计,2024-01-25 18:56:36.253153,2024-01-25 19:55:39.253153,approve,3543000
PI-000554,invoice_verification,PI-000554|A03,n_appr_inv,Approve Invoice,userTask,3,TK-0002336,EMP-0084,应付会计,2024-01-25 18:58:03.987899,2024-01-25 23:14:17.987899,approve,15374000
PI-000554,invoice_verification,PI-000554|A04,n_pay,Post Payment,serviceTask,4,TK-0002338,EMP-0089,出纳,2024-01-26 00:41:14.389191,2024-01-26 00:46:48.389191,approve,334000
PI-000554,invoice_verification,PI-000554|A05,n_clear,Clear Invoice,serviceTask,5,TK-0002339,EMP-0085,应付会计,2024-01-26 03:48:55.830614,2024-01-26 03:53:16.830614,approve,261000
PI-000555,purchase_requisition,PI-000555|A01,n_submit,Submit Purchase Requisition,userTask,1,TK-0002340,EMP-0020,采购申请人,2024-01-22 21:40:11.650501,2024-01-22 22:17:31.650501,approve,2240000
PI-000555,purchase_requisition,PI-000555|A02,n_convert,Convert to Purchase Order,serviceTask,2,TK-0002341,EMP-0056,采购专员,2024-01-23 00:38:25.952835,2024-01-23 00:43:51.952835,approve,326000
PI-000556,purchase_order,PI-000556|A01,n_create_po,Create Purchase Order,serviceTask,1,TK-0002342,EMP-0055,采购专员,2024-01-23 08:12:01.859297,2024-01-23 08:35:11.859297,approve,1390000
PI-000556,purchase_order,PI-000556|A02,n_send_po,Send Order to Supplier,serviceTask,2,TK-0002343,EMP-0056,采购专员,2024-01-23 09:03:38.460664,2024-01-23 09:08:17.460664,approve,279000
PI-000557,goods_receipt,PI-000557|A01,n_post_gr,Post Goods Receipt,serviceTask,1,TK-0002344,EMP-0065,仓储专员,2024-01-26 03:17:33.003620,2024-01-26 03:35:58.003620,approve,1105000
PI-000557,goods_receipt,PI-000557|A02,n_inspect,Quality Inspection,userTask,2,TK-0002345,EMP-0071,质检员,2024-01-26 07:02:51.927094,2024-01-26 07:27:40.927094,approve,1489000
PI-000557,goods_receipt,PI-000557|A03,n_putaway,Putaway to Warehouse,serviceTask,3,TK-0002346,EMP-0068,仓储专员,2024-01-26 10:52:01.344701,2024-01-26 11:17:47.344701,approve,1546000
PI-000558,invoice_verification,PI-000558|A01,n_enter_inv,Enter Incoming Invoice,userTask,1,TK-0002347,EMP-0080,财务专员,2024-01-26 18:58:27.230700,2024-01-26 19:36:31.230700,approve,2284000
PI-000558,invoice_verification,PI-000558|A02,n_match,Three-Way Match,serviceTask,2,TK-0002348,EMP-0081,财务专员,2024-01-26 23:04:38.130692,2024-01-26 23:13:20.130692,approve,522000
PI-000558,invoice_verification,PI-000558|A03,n_appr_inv,Approve Invoice,userTask,3,TK-0002350,EMP-0086,应付会计,2024-01-26 23:28:00.165755,2024-01-27 00:22:02.165755,approve,3242000
PI-000558,invoice_verification,PI-000558|A03,n_appr_inv,Approve Invoice,userTask,3,TK-0002349,EMP-0083,应付会计,2024-01-27 01:09:59.011916,2024-01-27 01:25:15.011916,approve,916000
PI-000558,invoice_verification,PI-000558|A04,n_pay,Post Payment,serviceTask,4,TK-0002351,EMP-0089,出纳,2024-01-27 03:01:24.208674,2024-01-27 03:07:42.208674,approve,378000
PI-000558,invoice_verification,PI-000558|A05,n_clear,Clear Invoice,serviceTask,5,TK-0002352,EMP-0085,应付会计,2024-01-27 03:23:59.825456,2024-01-27 03:27:11.825456,approve,192000
PI-000559,purchase_requisition,PI-000559|A01,n_submit,Submit Purchase Requisition,userTask,1,TK-0002353,EMP-0003,采购申请人,2024-01-23 02:15:57.093948,2024-01-23 02:33:59.093948,approve,1082000
PI-000559,purchase_requisition,PI-000559|A02,n_mgr_appr,Approve Requisition by Manager,userTask,2,TK-0002356,EMP-0045,部门经理,2024-01-23 03:14:25.165276,2024-01-23 04:06:41.165276,approve,3136000
PI-000559,purchase_requisition,PI-000559|A02,n_mgr_appr,Approve Requisition by Manager,userTask,2,TK-0002355,EMP-0048,部门经理,2024-01-23 03:19:40.450021,2024-01-23 04:49:21.450021,approve,5381000
PI-000559,purchase_requisition,PI-000559|A02,n_mgr_appr,Approve Requisition by Manager,userTask,2,TK-0002354,EMP-0047,部门经理,2024-01-23 04:14:34.340199,2024-01-23 05:21:54.340199,approve,4040000
PI-000559,purchase_requisition,PI-000559|A03,n_convert,Convert to Purchase Order,serviceTask,3,TK-0002357,EMP-0052,采购专员,2024-01-23 06:37:53.923051,2024-01-23 06:39:56.923051,approve,123000
PI-000560,purchase_order,PI-000560|A01,n_create_po,Create Purchase Order,serviceTask,1,TK-0002358,EMP-0054,采购专员,2024-01-23 12:17:09.727452,2024-01-23 12:35:21.727452,approve,1092000
PI-000560,purchase_order,PI-000560|A02,n_dir_appr,Approve Purchase Order by Director,userTask,2,TK-0002359,EMP-0049,采购总监,2024-01-23 13:31:00.647430,2024-01-23 16:13:11.647430,approve,9731000
PI-000560,purchase_order,PI-000560|A03,n_send_po,Send Order to Supplier,serviceTask,3,TK-0002360,EMP-0059,采购专员,2024-01-23 18:01:49.369661,2024-01-23 18:08:42.369661,approve,413000
PI-000561,goods_receipt,PI-000561|A01,n_post_gr,Post Goods Receipt,serviceTask,1,TK-0002361,EMP-0067,仓储专员,2024-01-25 06:41:28.816775,2024-01-25 06:58:40.816775,approve,1032000
PI-000561,goods_receipt,PI-000561|A02,n_inspect,Quality Inspection,userTask,2,TK-0002362,EMP-0070,质检员,2024-01-25 10:44:56.842813,2024-01-25 11:11:56.842813,approve,1620000
PI-000561,goods_receipt,PI-000561|A03,n_putaway,Putaway to Warehouse,serviceTask,3,TK-0002363,EMP-0069,仓储专员,2024-01-25 11:57:02.688026,2024-01-25 12:10:50.688026,approve,828000
PI-000562,invoice_verification,PI-000562|A01,n_enter_inv,Enter Incoming Invoice,userTask,1,TK-0002364,EMP-0075,财务专员,2024-01-28 07:16:52.651619,2024-01-28 07:48:08.651619,approve,1876000
PI-000562,invoice_verification,PI-000562|A02,n_match,Three-Way Match,serviceTask,2,TK-0002365,EMP-0082,财务专员,2024-01-28 11:04:30.622933,2024-01-28 11:11:02.622933,approve,392000
PI-000562,invoice_verification,PI-000562|A03,n_appr_inv,Approve Invoice,userTask,3,TK-0002366,EMP-0085,应付会计,2024-01-28 12:03:38.670734,2024-01-28 14:03:44.670734,approve,7206000
PI-000562,invoice_verification,PI-000562|A03,n_appr_inv,Approve Invoice,userTask,3,TK-0002367,EMP-0087,应付会计,2024-01-28 12:07:18.911794,2024-01-28 12:37:06.911794,approve,1788000
PI-000562,invoice_verification,PI-000562|A04,n_pay,Post Payment,serviceTask,4,TK-0002368,EMP-0090,出纳,2024-01-28 16:16:01.568978,2024-01-28 16:36:56.568978,approve,1255000
PI-000562,invoice_verification,PI-000562|A05,n_clear,Clear Invoice,serviceTask,5,TK-0002369,EMP-0086,应付会计,2024-01-28 19:09:44.373508,2024-01-28 19:11:03.373508,approve,79000
PI-000563,purchase_requisition,PI-000563|A01,n_submit,Submit Purchase Requisition,userTask,1,TK-0002370,EMP-0039,采购申请人,2024-01-23 05:10:53.388002,2024-01-23 05:39:40.388002,approve,1727000
PI-000563,purchase_requisition,PI-000563|A02,n_mgr_appr,Approve Requisition by Manager,userTask,2,TK-0002372,EMP-0042,部门经理,2024-01-23 05:46:05.943820,2024-01-23 06:24:59.943820,reject,2334000
PI-000563,purchase_requisition,PI-000563|A02,n_mgr_appr,Approve Requisition by Manager,userTask,2,TK-0002371,EMP-0048,部门经理,2024-01-23 06:56:48.075260,2024-01-23 07:43:22.075260,reject,2794000
PI-000563,purchase_requisition,PI-000563|A03,n_revise,Revise Requisition,userTask,3,TK-0002373,EMP-0039,采购申请人,2024-01-23 09:53:07.988778,2024-01-23 10:48:42.988778,approve,3335000
PI-000563,purchase_requisition,PI-000563|A04,n_submit,Submit Purchase Requisition,userTask,4,TK-0002374,EMP-0039,采购申请人,2024-01-23 11:05:27.941112,2024-01-23 12:03:42.941112,approve,3495000
PI-000563,purchase_requisition,PI-000563|A05,n_mgr_appr,Approve Requisition by Manager,userTask,5,TK-0002376,EMP-0041,部门经理,2024-01-23 12:26:18.200679,2024-01-23 13:59:57.200679,approve,5619000
PI-000563,purchase_requisition,PI-000563|A05,n_mgr_appr,Approve Requisition by Manager,userTask,5,TK-0002375,EMP-0046,部门经理,2024-01-23 13:16:18.464094,2024-01-23 14:28:58.464094,approve,4360000
PI-000563,purchase_requisition,PI-000563|A06,n_convert,Convert to Purchase Order,serviceTask,6,TK-0002377,EMP-0053,采购专员,2024-01-23 15:14:33.019286,2024-01-23 15:18:50.019286,approve,257000
PI-000564,purchase_order,PI-000564|A01,n_create_po,Create Purchase Order,serviceTask,1,TK-0002378,EMP-0058,采购专员,2024-01-24 01:21:07.924919,2024-01-24 01:30:35.924919,approve,568000
PI-000564,purchase_order,PI-000564|A02,n_dir_appr,Approve Purchase Order by Director,userTask,2,TK-0002379,EMP-0049,采购总监,2024-01-24 05:24:59.808750,2024-01-24 06:22:46.808750,approve,3467000
PI-000564,purchase_order,PI-000564|A03,n_send_po,Send Order to Supplier,serviceTask,3,TK-0002380,EMP-0060,采购专员,2024-01-24 09:45:19.520075,2024-01-24 09:50:18.520075,approve,299000
PI-000565,goods_receipt,PI-000565|A01,n_post_gr,Post Goods Receipt,serviceTask,1,TK-0002381,EMP-0065,仓储专员,2024-01-26 09:51:13.156151,2024-01-26 10:02:15.156151,approve,662000
PI-000565,goods_receipt,PI-000565|A02,n_inspect,Quality Inspection,userTask,2,TK-0002382,EMP-0073,质检员,2024-01-26 12:36:23.873960,2024-01-26 13:29:48.873960,approve,3205000
PI-000565,goods_receipt,PI-000565|A03,n_putaway,Putaway to Warehouse,serviceTask,3,TK-0002383,EMP-0069,仓储专员,2024-01-26 15:26:14.604696,2024-01-26 16:11:57.604696,approve,2743000
PI-000566,goods_receipt,PI-000566|A01,n_post_gr,Post Goods Receipt,serviceTask,1,TK-0002384,EMP-0064,仓储专员,2024-01-28 08:22:58.970788,2024-01-28 08:29:44.970788,approve,406000
PI-000566,goods_receipt,PI-000566|A02,n_inspect,Quality Inspection,userTask,2,TK-0002385,EMP-0070,质检员,2024-01-28 08:51:30.806547,2024-01-28 09:59:29.806547,approve,4079000
PI-000566,goods_receipt,PI-000566|A03,n_putaway,Putaway to Warehouse,serviceTask,3,TK-0002386,EMP-0068,仓储专员,2024-01-28 10:59:09.345095,2024-01-28 11:11:02.345095,approve,713000
PI-000567,invoice_verification,PI-000567|A01,n_enter_inv,Enter Incoming Invoice,userTask,1,TK-0002387,EMP-0077,财务专员,2024-01-31 15:38:08.896322,2024-01-31 15:58:09.896322,approve,1201000
PI-000567,invoice_verification,PI-000567|A02,n_match,Three-Way Match,serviceTask,2,TK-0002388,EMP-0080,财务专员,2024-01-31 16:25:58.950518,2024-01-31 16:31:20.950518,approve,322000
PI-000567,invoice_verification,PI-000567|A03,n_appr_inv,Approve Invoice,userTask,3,TK-0002390,EMP-0085,应付会计,2024-01-31 17:22:58.226844,2024-01-31 17:54:36.226844,approve,1898000
PI-000567,invoice_verification,PI-000567|A03,n_appr_inv,Approve Invoice,userTask,3,TK-0002389,EMP-0083,应付会计,2024-01-31 17:42:20.837252,2024-01-31 19:08:31.837252,approve,5171000
PI-000567,invoice_verification,PI-000567|A04,n_pay,Post Payment,serviceTask,4,TK-0002391,EMP-0088,出纳,2024-01-31 22:17:19.601891,2024-01-31 22:26:57.601891,approve,578000
PI-000567,invoice_verification,PI-000567|A05,n_clear,Clear Invoice,serviceTask,5,TK-0002392,EMP-0083,应付会计,2024-02-01 01:19:05.927945,2024-02-01 01:27:37.927945,approve,512000
PI-000568,purchase_requisition,PI-000568|A01,n_submit,Submit Purchase Requisition,userTask,1,TK-0002393,EMP-0026,采购申请人,2024-01-23 10:28:01.740446,2024-01-23 10:41:30.740446,approve,809000
PI-000568,purchase_requisition,PI-000568|A02,n_convert,Convert to Purchase Order,serviceTask,2,TK-0002394,EMP-0054,采购专员,2024-01-23 14:03:14.861029,2024-01-23 14:15:40.861029,approve,746000
PI-000569,purchase_order,PI-000569|A01,n_create_po,Create Purchase Order,serviceTask,1,TK-0002395,EMP-0056,采购专员,2024-01-24 16:06:18.250805,2024-01-24 16:12:58.250805,approve,400000
PI-000569,purchase_order,PI-000569|A02,n_dir_appr,Approve Purchase Order by Director,userTask,2,TK-0002396,EMP-0051,采购总监,2024-01-24 16:51:05.072735,2024-01-24 17:46:53.072735,approve,3348000
PI-000569,purchase_order,PI-000569|A03,n_send_po,Send Order to Supplier,serviceTask,3,TK-0002397,EMP-0052,采购专员,2024-01-24 18:58:42.014438,2024-01-24 19:05:21.014438,approve,399000
PI-000570,goods_receipt,PI-000570|A01,n_post_gr,Post Goods Receipt,serviceTask,1,TK-0002398,EMP-0063,仓储专员,2024-01-26 18:37:57.307385,2024-01-26 18:50:11.307385,approve,734000
PI-000570,goods_receipt,PI-000570|A02,n_inspect,Quality Inspection,userTask,2,TK-0002399,EMP-0071,质检员,2024-01-26 22:20:51.393104,2024-01-26 23:01:45.393104,reject,2454000
PI-000570,goods_receipt,PI-000570|A03,n_return,Return to Supplier,serviceTask,3,TK-0002400,EMP-0062,仓储专员,2024-01-26 23:21:25.063315,2024-01-26 23:49:17.063315,approve,1672000
PI-000571,goods_receipt,PI-000571|A01,n_post_gr,Post Goods Receipt,serviceTask,1,TK-0002401,EMP-0066,仓储专员,2024-01-27 06:06:37.435258,2024-01-27 06:19:11.435258,approve,754000
PI-000571,goods_receipt,PI-000571|A02,n_inspect,Quality Inspection,userTask,2,TK-0002402,EMP-0074,质检员,2024-01-27 09:06:07.920991,2024-01-27 10:13:53.920991,approve,4066000
PI-000571,goods_receipt,PI-000571|A03,n_putaway,Putaway to Warehouse,serviceTask,3,TK-0002403,EMP-0062,仓储专员,2024-01-27 12:04:54.457286,2024-01-27 12:37:08.457286,approve,1934000
PI-000572,invoice_verification,PI-000572|A01,n_enter_inv,Enter Incoming Invoice,userTask,1,TK-0002404,EMP-0078,财务专员,2024-01-31 23:39:39.868828,2024-02-01 00:05:06.868828,approve,1527000
PI-000572,invoice_verification,PI-000572|A02,n_match,Three-Way Match,serviceTask,2,TK-0002405,EMP-0078,财务专员,2024-02-01 01:00:31.180069,2024-02-01 01:07:05.180069,approve,394000
PI-000572,invoice_verification,PI-000572|A03,n_appr_inv,Approve Invoice,userTask,3,TK-0002406,EMP-0087,应付会计,2024-02-01 01:32:26.708661,2024-02-01 02:18:57.708661,approve,2791000
PI-000572,invoice_verification,PI-000572|A03,n_appr_inv,Approve Invoice,userTask,3,TK-0002407,EMP-0086,应付会计,2024-02-01 01:41:06.661986,2024-02-01 03:49:19.661986,approve,7693000
PI-000572,invoice_verification,PI-000572|A04,n_pay,Post Payment,serviceTask,4,TK-0002408,EMP-0088,出纳,2024-02-01 06:42:47.899187,2024-02-01 06:46:07.899187,approve,200000
PI-000572,invoice_verification,PI-000572|A05,n_clear,Clear Invoice,serviceTask,5,TK-0002409,EMP-0084,应付会计,2024-02-01 08:13:13.418567,2024-02-01 08:14:39.418567,approve,86000
PI-000573,purchase_requisition,PI-000573|A01,n_submit,Submit Purchase Requisition,userTask,1,TK-0002410,EMP-0031,采购申请人,2024-01-23 12:34:26.570673,2024-01-23 12:42:54.570673,approve,508000
PI-000573,purchase_requisition,PI-000573|A02,n_mgr_appr,Approve Requisition by Manager,userTask,2,TK-0002413,EMP-0046,部门经理,2024-01-23 13:20:56.241963,2024-01-23 14:16:48.241963,reject,3352000
PI-000573,purchase_requisition,PI-000573|A02,n_mgr_appr,Approve Requisition by Manager,userTask,2,TK-0002412,EMP-0041,部门经理,2024-01-23 13:22:51.149055,2024-01-23 13:40:32.149055,reject,1061000
PI-000573,purchase_requisition,PI-000573|A02,n_mgr_appr,Approve Requisition by Manager,userTask,2,TK-0002411,EMP-0043,部门经理,2024-01-23 14:31:16.662977,2024-01-23 15:34:24.662977,reject,3788000
PI-000573,purchase_requisition,PI-000573|A03,n_revise,Revise Requisition,userTask,3,TK-0002414,EMP-0031,采购申请人,2024-01-23 17:37:39.331455,2024-01-23 17:58:16.331455,approve,1237000
PI-000573,purchase_requisition,PI-000573|A04,n_submit,Submit Purchase Requisition,userTask,4,TK-0002415,EMP-0031,采购申请人,2024-01-23 20:10:24.682201,2024-01-23 20:22:40.682201,approve,736000
PI-000573,purchase_requisition,PI-000573|A05,n_mgr_appr,Approve Requisition by Manager,userTask,5,TK-0002417,EMP-0044,部门经理,2024-01-23 20:46:58.645498,2024-01-23 21:53:13.645498,approve,3975000
PI-000573,purchase_requisition,PI-000573|A05,n_mgr_appr,Approve Requisition by Manager,userTask,5,TK-0002416,EMP-0047,部门经理,2024-01-23 21:10:04.294420,2024-01-23 23:38:33.294420,approve,8909000
PI-000573,purchase_requisition,PI-000573|A06,n_convert,Convert to Purchase Order,serviceTask,6,TK-0002418,EMP-0061,采购专员,2024-01-24 01:42:45.234628,2024-01-24 02:34:59.234628,approve,3134000
PI-000574,purchase_order,PI-000574|A01,n_create_po,Create Purchase Order,serviceTask,1,TK-0002419,EMP-0061,采购专员,2024-01-24 19:31:26.689047,2024-01-24 19:37:19.689047,approve,353000
PI-000574,purchase_order,PI-000574|A02,n_dir_appr,Approve Purchase Order by Director,userTask,2,TK-0002420,EMP-0051,采购总监,2024-01-24 22:46:03.729920,2024-01-25 00:02:29.729920,approve,4586000
PI-000574,purchase_order,PI-000574|A03,n_send_po,Send Order to Supplier,serviceTask,3,TK-0002421,EMP-0061,采购专员,2024-01-25 03:27:23.305913,2024-01-25 03:30:52.305913,approve,209000
PI-000575,goods_receipt,PI-000575|A01,n_post_gr,Post Goods Receipt,serviceTask,1,TK-0002422,EMP-0063,仓储专员,2024-01-27 05:35:51.676028,2024-01-27 05:42:26.676028,approve,395000
PI-000575,goods_receipt,PI-000575|A02,n_inspect,Quality Inspection,userTask,2,TK-0002423,EMP-0070,质检员,2024-01-27 08:53:38.602899,2024-01-27 09:08:26.602899,approve,888000
PI-000575,goods_receipt,PI-000575|A03,n_putaway,Putaway to Warehouse,serviceTask,3,TK-0002424,EMP-0067,仓储专员,2024-01-27 13:00:11.024280,2024-01-27 13:11:57.024280,approve,706000
PI-000576,goods_receipt,PI-000576|A01,n_post_gr,Post Goods Receipt,serviceTask,1,TK-0002425,EMP-0062,仓储专员,2024-01-29 09:16:24.143449,2024-01-29 09:21:38.143449,approve,314000
PI-000576,goods_receipt,PI-000576|A02,n_inspect,Quality Inspection,userTask,2,TK-0002426,EMP-0071,质检员,2024-01-29 09:26:45.824681,2024-01-29 11:36:48.824681,approve,7803000
PI-000576,goods_receipt,PI-000576|A03,n_putaway,Putaway to Warehouse,serviceTask,3,TK-0002427,EMP-0062,仓储专员,2024-01-29 12:59:20.132930,2024-01-29 13:07:48.132930,approve,508000
PI-000577,invoice_verification,PI-000577|A01,n_enter_inv,Enter Incoming Invoice,userTask,1,TK-0002428,EMP-0076,财务专员,2024-01-31 01:45:44.357550,2024-01-31 01:57:32.357550,approve,708000
PI-000577,invoice_verification,PI-000577|A02,n_match,Three-Way Match,serviceTask,2,TK-0002429,EMP-0082,财务专员,2024-01-31 05:07:47.426881,2024-01-31 05:10:30.426881,approve,163000
PI-000577,invoice_verification,PI-000577|A03,n_appr_inv,Approve Invoice,userTask,3,TK-0002431,EMP-0085,应付会计,2024-01-31 05:44:52.121244,2024-01-31 06:59:14.121244,approve,4462000
PI-000577,invoice_verification,PI-000577|A03,n_appr_inv,Approve Invoice,userTask,3,TK-0002430,EMP-0083,应付会计,2024-01-31 06:29:41.267139,2024-01-31 07:08:55.267139,approve,2354000
PI-000577,invoice_verification,PI-000577|A04,n_pay,Post Payment,serviceTask,4,TK-0002432,EMP-0090,出纳,2024-01-31 09:50:11.294056,2024-01-31 10:13:46.294056,approve,1415000
PI-000577,invoice_verification,PI-000577|A05,n_clear,Clear Invoice,serviceTask,5,TK-0002433,EMP-0083,应付会计,2024-01-31 12:16:53.709984,2024-01-31 12:22:23.709984,approve,330000
PI-000578,purchase_requisition,PI-000578|A01,n_submit,Submit Purchase Requisition,userTask,1,TK-0002434,EMP-0031,采购申请人,2024-01-23 11:46:53.982779,2024-01-23 12:17:20.982779,approve,1827000
PI-000578,purchase_requisition,PI-000578|A02,n_mgr_appr,Approve Requisition by Manager,userTask,2,TK-0002435,EMP-0045,部门经理,2024-01-23 12:37:28.517048,2024-01-23 13:45:05.517048,reject,4057000
PI-000578,purchase_requisition,PI-000578|A02,n_mgr_appr,Approve Requisition by Manager,userTask,2,TK-0002436,EMP-0043,部门经理,2024-01-23 12:47:25.121696,2024-01-23 15:29:25.121696,reject,9720000
PI-000578,purchase_requisition,PI-000578|A02,n_mgr_appr,Approve Requisition by Manager,userTask,2,TK-0002437,EMP-0047,部门经理,2024-01-23 13:06:49.363493,2024-01-23 13:55:09.363493,reject,2900000
PI-000578,purchase_requisition,PI-000578|A03,n_revise,Revise Requisition,userTask,3,TK-0002438,EMP-0031,采购申请人,2024-01-23 18:37:16.596217,2024-01-23 19:27:57.596217,approve,3041000
PI-000578,purchase_requisition,PI-000578|A04,n_submit,Submit Purchase Requisition,userTask,4,TK-0002439,EMP-0031,采购申请人,2024-01-23 20:47:05.108160,2024-01-23 21:09:30.108160,approve,1345000
PI-000578,purchase_requisition,PI-000578|A05,n_mgr_appr,Approve Requisition by Manager,userTask,5,TK-0002441,EMP-0042,部门经理,2024-01-23 21:26:30.105052,2024-01-23 22:09:34.105052,approve,2584000
PI-000578,purchase_requisition,PI-000578|A05,n_mgr_appr,Approve Requisition by Manager,userTask,5,TK-0002442,EMP-0046,部门经理,2024-01-23 21:57:03.534595,2024-01-23 22:46:18.534595,approve,2955000
PI-000578,purchase_requisition,PI-000578|A05,n_mgr_appr,Approve Requisition by Manager,userTask,5,TK-0002440,EMP-0044,部门经理,2024-01-23 22:28:57.970580,2024-01-23 22:47:11.970580,approve,1094000
PI-000578,purchase_requisition,PI-000578|A06,n_convert,Convert to Purchase Order,serviceTask,6,TK-0002443,EMP-0055,采购专员,2024-01-24 00:57:46.694095,2024-01-24 01:04:12.694095,approve,386000
PI-000579,purchase_order,PI-000579|A01,n_create_po,Create Purchase Order,serviceTask,1,TK-0002444,EMP-0053,采购专员,2024-01-24 20:45:57.421708,2024-01-24 21:09:13.421708,approve,1396000
PI-000579,purchase_order,PI-000579|A02,n_send_po,Send Order to Supplier,serviceTask,2,TK-0002445,EMP-0059,采购专员,2024-01-24 23:10:28.035768,2024-01-24 23:14:53.035768,approve,265000
PI-000580,goods_receipt,PI-000580|A01,n_post_gr,Post Goods Receipt,serviceTask,1,TK-0002446,EMP-0067,仓储专员,2024-01-25 23:14:55.241142,2024-01-25 23:19:39.241142,approve,284000
PI-000580,goods_receipt,PI-000580|A02,n_inspect,Quality Inspection,userTask,2,TK-0002447,EMP-0073,质检员,2024-01-25 23:40:17.738726,2024-01-26 00:16:50.738726,approve,2193000
PI-000580,goods_receipt,PI-000580|A03,n_putaway,Putaway to Warehouse,serviceTask,3,TK-0002448,EMP-0066,仓储专员,2024-01-26 02:42:40.676132,2024-01-26 03:00:17.676132,approve,1057000
PI-000581,invoice_verification,PI-000581|A01,n_enter_inv,Enter Incoming Invoice,userTask,1,TK-0002449,EMP-0079,财务专员,2024-01-27 09:43:29.035868,2024-01-27 10:12:06.035868,approve,1717000
PI-000581,invoice_verification,PI-000581|A02,n_match,Three-Way Match,serviceTask,2,TK-0002450,EMP-0082,财务专员,2024-01-27 10:45:05.098988,2024-01-27 10:56:09.098988,reject,664000
PI-000581,invoice_verification,PI-000581|A03,n_park,Park Invoice,userTask,3,TK-0002451,EMP-0079,财务专员,2024-01-27 12:09:09.426924,2024-01-27 12:45:46.426924,approve,2197000
PI-000581,invoice_verification,PI-000581|A04,n_handle_exc,Handle Invoice Exception,userTask,4,TK-0002452,EMP-0082,财务专员,2024-01-27 14:50:45.112957,2024-01-27 15:54:35.112957,approve,3830000
PI-000581,invoice_verification,PI-000581|A05,n_match,Three-Way Match,serviceTask,5,TK-0002453,EMP-0078,财务专员,2024-01-27 16:55:54.120526,2024-01-27 17:59:54.120526,reject,3840000
PI-000581,invoice_verification,PI-000581|A06,n_park,Park Invoice,userTask,6,TK-0002454,EMP-0075,财务专员,2024-01-27 20:05:27.136463,2024-01-27 20:26:48.136463,approve,1281000
PI-000581,invoice_verification,PI-000581|A07,n_handle_exc,Handle Invoice Exception,userTask,7,TK-0002455,EMP-0076,财务专员,2024-01-27 21:54:40.168341,2024-01-27 22:20:07.168341,approve,1527000
PI-000581,invoice_verification,PI-000581|A08,n_match,Three-Way Match,serviceTask,8,TK-0002456,EMP-0079,财务专员,2024-01-28 01:39:30.828267,2024-01-28 01:46:38.828267,approve,428000
PI-000581,invoice_verification,PI-000581|A09,n_appr_inv,Approve Invoice,userTask,9,TK-0002457,EMP-0085,应付会计,2024-01-28 02:29:13.159907,2024-01-28 03:54:16.159907,approve,5103000
PI-000581,invoice_verification,PI-000581|A09,n_appr_inv,Approve Invoice,userTask,9,TK-0002458,EMP-0086,应付会计,2024-01-28 02:35:22.932242,2024-01-28 03:26:09.932242,approve,3047000
PI-000581,invoice_verification,PI-000581|A10,n_pay,Post Payment,serviceTask,10,TK-0002459,EMP-0088,出纳,2024-01-28 05:22:59.150210,2024-01-28 05:38:46.150210,approve,947000
PI-000581,invoice_verification,PI-000581|A11,n_clear,Clear Invoice,serviceTask,11,TK-0002460,EMP-0086,应付会计,2024-01-28 07:40:27.702946,2024-01-28 07:50:24.702946,approve,597000
PI-000582,purchase_requisition,PI-000582|A01,n_submit,Submit Purchase Requisition,userTask,1,TK-0002461,EMP-0026,采购申请人,2024-01-23 16:59:03.008853,2024-01-23 17:07:20.008853,approve,497000
PI-000582,purchase_requisition,PI-000582|A02,n_mgr_appr,Approve Requisition by Manager,userTask,2,TK-0002464,EMP-0045,部门经理,2024-01-23 17:10:19.036261,2024-01-23 18:34:09.036261,approve,5030000
PI-000582,purchase_requisition,PI-000582|A02,n_mgr_appr,Approve Requisition by Manager,userTask,2,TK-0002463,EMP-0041,部门经理,2024-01-23 17:11:28.529438,2024-01-23 17:58:16.529438,approve,2808000
PI-000582,purchase_requisition,PI-000582|A02,n_mgr_appr,Approve Requisition by Manager,userTask,2,TK-0002462,EMP-0046,部门经理,2024-01-23 18:19:54.048202,2024-01-23 19:26:37.048202,approve,4003000
PI-000582,purchase_requisition,PI-000582|A03,n_convert,Convert to Purchase Order,serviceTask,3,TK-0002465,EMP-0061,采购专员,2024-01-23 21:07:52.390582,2024-01-23 21:21:04.390582,approve,792000
PI-000583,purchase_order,PI-000583|A01,n_create_po,Create Purchase Order,serviceTask,1,TK-0002466,EMP-0057,采购专员,2024-01-24 05:10:22.101161,2024-01-24 05:40:29.101161,approve,1807000
PI-000583,purchase_order,PI-000583|A02,n_dir_appr,Approve Purchase Order by Director,userTask,2,TK-0002467,EMP-0051,采购总监,2024-01-24 08:39:49.852471,2024-01-24 09:21:39.852471,approve,2510000
PI-000583,purchase_order,PI-000583|A03,n_send_po,Send Order to Supplier,serviceTask,3,TK-0002468,EMP-0061,采购专员,2024-01-24 12:01:50.550073,2024-01-24 12:10:19.550073,approve,509000
PI-000584,goods_receipt,PI-000584|A01,n_post_gr,Post Goods Receipt,serviceTask,1,TK-0002469,EMP-0066,仓储专员,2024-01-26 22:25:22.677781,2024-01-26 22:44:06.677781,approve,1124000
PI-000584,goods_receipt,PI-000584|A02,n_inspect,Quality Inspection,userTask,2,TK-0002470,EMP-0074,质检员,2024-01-27 02:42:54.962844,2024-01-27 03:10:31.962844,approve,1657000
PI-000584,goods_receipt,PI-000584|A03,n_putaway,Putaway to Warehouse,serviceTask,3,TK-0002471,EMP-0067,仓储专员,2024-01-27 06:12:14.958408,2024-01-27 07:00:22.958408,approve,2888000
PI-000585,goods_receipt,PI-000585|A01,n_post_gr,Post Goods Receipt,serviceTask,1,TK-0002472,EMP-0066,仓储专员,2024-01-28 23:12:35.519594,2024-01-29 00:04:49.519594,approve,3134000
PI-000585,goods_receipt,PI-000585|A02,n_inspect,Quality Inspection,userTask,2,TK-0002473,EMP-0074,质检员,2024-01-29 02:37:56.397759,2024-01-29 03:06:42.397759,approve,1726000
PI-000585,goods_receipt,PI-000585|A03,n_putaway,Putaway to Warehouse,serviceTask,3,TK-0002474,EMP-0067,仓储专员,2024-01-29 03:46:26.475917,2024-01-29 04:20:38.475917,approve,2052000
PI-000586,invoice_verification,PI-000586|A01,n_enter_inv,Enter Incoming Invoice,userTask,1,TK-0002475,EMP-0075,财务专员,2024-01-30 23:42:00.162582,2024-01-31 00:03:06.162582,approve,1266000
PI-000586,invoice_verification,PI-000586|A02,n_match,Three-Way Match,serviceTask,2,TK-0002476,EMP-0078,财务专员,2024-01-31 00:37:50.327666,2024-01-31 00:42:41.327666,approve,291000
PI-000586,invoice_verification,PI-000586|A03,n_appr_inv,Approve Invoice,userTask,3,TK-0002478,EMP-0084,应付会计,2024-01-31 01:41:48.288542,2024-01-31 02:07:47.288542,approve,1559000
PI-000586,invoice_verification,PI-000586|A03,n_appr_inv,Approve Invoice,userTask,3,TK-0002477,EMP-0083,应付会计,2024-01-31 02:37:55.156701,2024-01-31 03:43:10.156701,approve,3915000
PI-000586,invoice_verification,PI-000586|A04,n_pay,Post Payment,serviceTask,4,TK-0002479,EMP-0088,出纳,2024-01-31 04:45:21.381996,2024-01-31 04:55:06.381996,approve,585000
PI-000586,invoice_verification,PI-000586|A05,n_clear,Clear Invoice,serviceTask,5,TK-0002480,EMP-0085,应付会计,2024-01-31 08:14:17.942104,2024-01-31 08:22:09.942104,approve,472000
PI-000587,invoice_verification,PI-000587|A01,n_enter_inv,Enter Incoming Invoice,userTask,1,TK-0002481,EMP-0078,财务专员,2024-02-02 00:44:39.513701,2024-02-02 01:37:51.513701,approve,3192000
PI-000587,invoice_verification,PI-000587|A02,n_match,Three-Way Match,serviceTask,2,TK-0002482,EMP-0077,财务专员,2024-02-02 05:17:53.191485,2024-02-02 05:26:07.191485,approve,494000
PI-000587,invoice_verification,PI-000587|A03,n_appr_inv,Approve Invoice,userTask,3,TK-0002484,EMP-0083,应付会计,2024-02-02 06:24:41.680015,2024-02-02 07:08:29.680015,approve,2628000
PI-000587,invoice_verification,PI-000587|A03,n_appr_inv,Approve Invoice,userTask,3,TK-0002483,EMP-0087,应付会计,2024-02-02 06:52:06.961587,2024-02-02 08:01:55.961587,approve,4189000
PI-000587,invoice_verification,PI-000587|A04,n_pay,Post Payment,serviceTask,4,TK-0002485,EMP-0089,出纳,2024-02-02 10:43:21.755341,2024-02-02 10:49:02.755341,approve,341000
PI-000587,invoice_verification,PI-000587|A05,n_clear,Clear Invoice,serviceTask,5,TK-0002486,EMP-0086,应付会计,2024-02-02 11:50:18.419251,2024-02-02 11:56:11.419251,approve,353000
PI-000588,purchase_requisition,PI-000588|A01,n_submit,Submit Purchase Requisition,userTask,1,TK-0002487,EMP-0007,采购申请人,2024-01-23 23:20:26.316390,2024-01-24 00:42:29.316390,approve,4923000
PI-000588,purchase_requisition,PI-000588|A02,n_mgr_appr,Approve Requisition by Manager,userTask,2,TK-0002489,EMP-0045,部门经理,2024-01-24 00:58:57.137925,2024-01-24 02:37:29.137925,approve,5912000
PI-000588,purchase_requisition,PI-000588|A02,n_mgr_appr,Approve Requisition by Manager,userTask,2,TK-0002488,EMP-0043,部门经理,2024-01-24 01:55:51.375650,2024-01-24 02:46:44.375650,approve,3053000
PI-000588,purchase_requisition,PI-000588|A03,n_convert,Convert to Purchase Order,serviceTask,3,TK-0002490,EMP-0053,采购专员,2024-01-24 02:59:57.338767,2024-01-24 03:04:02.338767,approve,245000
PI-000589,purchase_order,PI-000589|A01,n_create_po,Create Purchase Order,serviceTask,1,TK-0002491,EMP-0055,采购专员,2024-01-24 16:32:03.586383,2024-01-24 16:39:12.586383,approve,429000
PI-000589,purchase_order,PI-000589|A02,n_send_po,Send Order to Supplier,serviceTask,2,TK-0002492,EMP-0060,采购专员,2024-01-24 20:09:12.897356,2024-01-24 20:12:36.897356,approve,204000
PI-000590,goods_receipt,PI-000590|A01,n_post_gr,Post Goods Receipt,serviceTask,1,TK-0002493,EMP-0066,仓储专员,2024-01-25 04:09:34.537610,2024-01-25 04:52:19.537610,approve,2565000
PI-000590,goods_receipt,PI-000590|A02,n_inspect,Quality Inspection,userTask,2,TK-0002494,EMP-0070,质检员,2024-01-25 07:11:11.853626,2024-01-25 07:30:28.853626,approve,1157000
PI-000590,goods_receipt,PI-000590|A03,n_putaway,Putaway to Warehouse,serviceTask,3,TK-0002495,EMP-0069,仓储专员,2024-01-25 10:35:19.030419,2024-01-25 10:43:58.030419,approve,519000
PI-000591,goods_receipt,PI-000591|A01,n_post_gr,Post Goods Receipt,serviceTask,1,TK-0002496,EMP-0062,仓储专员,2024-01-26 23:04:32.673345,2024-01-26 23:14:20.673345,approve,588000
PI-000591,goods_receipt,PI-000591|A02,n_inspect,Quality Inspection,userTask,2,TK-0002497,EMP-0070,质检员,2024-01-27 02:17:22.254675,2024-01-27 05:22:10.254675,reject,11088000
PI-000591,goods_receipt,PI-000591|A03,n_return,Return to Supplier,serviceTask,3,TK-0002498,EMP-0065,仓储专员,2024-01-27 07:45:58.386106,2024-01-27 08:21:21.386106,approve,2123000
PI-000592,invoice_verification,PI-000592|A01,n_enter_inv,Enter Incoming Invoice,userTask,1,TK-0002499,EMP-0078,财务专员,2024-01-30 01:24:46.071468,2024-01-30 02:08:56.071468,approve,2650000
PI-000592,invoice_verification,PI-000592|A02,n_match,Three-Way Match,serviceTask,2,TK-0002500,EMP-0075,财务专员,2024-01-30 04:36:07.175689,2024-01-30 04:45:33.175689,reject,566000
PI-000592,invoice_verification,PI-000592|A03,n_park,Park Invoice,userTask,3,TK-0002501,EMP-0081,财务专员,2024-01-30 08:38:20.652918,2024-01-30 08:51:19.652918,approve,779000
PI-000592,invoice_verification,PI-000592|A04,n_handle_exc,Handle Invoice Exception,userTask,4,TK-0002502,EMP-0079,财务专员,2024-01-30 12:01:23.745640,2024-01-30 13:47:10.745640,approve,6347000
PI-000592,invoice_verification,PI-000592|A05,n_match,Three-Way Match,serviceTask,5,TK-0002503,EMP-0080,财务专员,2024-01-30 15:37:58.710121,2024-01-30 15:42:21.710121,reject,263000
PI-000592,invoice_verification,PI-000592|A06,n_park,Park Invoice,userTask,6,TK-0002504,EMP-0082,财务专员,2024-01-30 18:29:23.195485,2024-01-30 19:04:21.195485,approve,2098000
PI-000592,invoice_verification,PI-000592|A07,n_handle_exc,Handle Invoice Exception,userTask,7,TK-0002505,EMP-0077,财务专员,2024-01-30 20:12:58.384048,2024-01-30 21:17:03.384048,approve,3845000
PI-000592,invoice_verification,PI-000592|A08,n_match,Three-Way Match,serviceTask,8,TK-0002506,EMP-0079,财务专员,2024-01-30 21:45:16.332671,2024-01-30 21:54:55.332671,approve,579000
PI-000592,invoice_verification,PI-000592|A09,n_appr_inv,Approve Invoice,userTask,9,TK-0002507,EMP-0083,应付会计,2024-01-30 22:17:17.393829,2024-01-30 22:59:08.393829,approve,2511000
PI-000592,invoice_verification,PI-000592|A09,n_appr_inv,Approve Invoice,userTask,9,TK-0002508,EMP-0086,应付会计,2024-01-30 22:51:03.223024,2024-01-30 23:34:39.223024,approve,2616000
PI-000592,invoice_verification,PI-000592|A10,n_pay,Post Payment,serviceTask,10,TK-0002509,EMP-0089,出纳,2024-01-31 02:57:31.167884,2024-01-31 03:16:00.167884,approve,1109000
PI-000592,invoice_verification,PI-000592|A11,n_clear,Clear Invoice,serviceTask,11,TK-0002510,EMP-0084,应付会计,2024-01-31 04:01:30.885824,2024-01-31 04:03:38.885824,approve,128000
PI-000593,purchase_requisition,PI-000593|A01,n_submit,Submit Purchase Requisition,userTask,1,TK-0002511,EMP-0020,采购申请人,2024-01-23 23:01:43.073998,2024-01-23 23:25:50.073998,approve,1447000
PI-000593,purchase_requisition,PI-000593|A02,n_mgr_appr,Approve Requisition by Manager,userTask,2,TK-0002513,EMP-0048,部门经理,2024-01-24 00:19:38.627538,2024-01-24 01:12:53.627538,reject,3195000
PI-000593,purchase_requisition,PI-000593|A02,n_mgr_appr,Approve Requisition by Manager,userTask,2,TK-0002512,EMP-0041,部门经理,2024-01-24 00:39:12.516045,2024-01-24 02:12:18.516045,reject,5586000
PI-000593,purchase_requisition,PI-000593|A03,n_revise,Revise Requisition,userTask,3,TK-0002514,EMP-0020,采购申请人,2024-01-24 06:02:32.466186,2024-01-24 06:46:47.466186,approve,2655000
PI-000593,purchase_requisition,PI-000593|A04,n_submit,Submit Purchase Requisition,userTask,4,TK-0002515,EMP-0020,采购申请人,2024-01-24 09:13:56.770457,2024-01-24 09:29:40.770457,approve,944000
PI-000593,purchase_requisition,PI-000593|A05,n_convert,Convert to Purchase Order,serviceTask,5,TK-0002516,EMP-0052,采购专员,2024-01-24 12:42:20.044310,2024-01-24 12:47:38.044310,approve,318000
PI-000594,purchase_order,PI-000594|A01,n_create_po,Create Purchase Order,serviceTask,1,TK-0002517,EMP-0054,采购专员,2024-01-25 05:14:29.617064,2024-01-25 05:38:57.617064,approve,1468000
PI-000594,purchase_order,PI-000594|A02,n_dir_appr,Approve Purchase Order by Director,userTask,2,TK-0002518,EMP-0050,采购总监,2024-01-25 08:50:09.712284,2024-01-25 13:09:58.712284,approve,15589000
PI-000594,purchase_order,PI-000594|A03,n_send_po,Send Order to Supplier,serviceTask,3,TK-0002519,EMP-0055,采购专员,2024-01-25 14:50:38.290923,2024-01-25 14:53:45.290923,approve,187000
PI-000595,goods_receipt,PI-000595|A01,n_post_gr,Post Goods Receipt,serviceTask,1,TK-0002520,EMP-0065,仓储专员,2024-01-25 21:37:35.582400,2024-01-25 21:46:27.582400,approve,532000
PI-000595,goods_receipt,PI-000595|A02,n_inspect,Quality Inspection,userTask,2,TK-0002521,EMP-0070,质检员,2024-01-26 00:08:32.691089,2024-01-26 00:20:29.691089,approve,717000
PI-000595,goods_receipt,PI-000595|A03,n_putaway,Putaway to Warehouse,serviceTask,3,TK-0002522,EMP-0064,仓储专员,2024-01-26 01:53:48.860567,2024-01-26 02:17:03.860567,approve,1395000
PI-000596,invoice_verification,PI-000596|A01,n_enter_inv,Enter Incoming Invoice,userTask,1,TK-0002523,EMP-0079,财务专员,2024-01-28 08:37:46.762545,2024-01-28 09:23:54.762545,approve,2768000
PI-000596,invoice_verification,PI-000596|A02,n_match,Three-Way Match,serviceTask,2,TK-0002524,EMP-0075,财务专员,2024-01-28 09:59:47.689187,2024-01-28 10:01:42.689187,reject,115000
PI-000596,invoice_verification,PI-000596|A03,n_park,Park Invoice,userTask,3,TK-0002525,EMP-0076,财务专员,2024-01-28 10:46:49.975580,2024-01-28 10:56:40.975580,approve,591000
PI-000596,invoice_verification,PI-000596|A04,n_handle_exc,Handle Invoice Exception,userTask,4,TK-0002526,EMP-0079,财务专员,2024-01-28 13:53:49.321898,2024-01-28 14:24:46.321898,approve,1857000
PI-000596,invoice_verification,PI-000596|A05,n_match,Three-Way Match,serviceTask,5,TK-0002527,EMP-0081,财务专员,2024-01-28 14:59:35.636011,2024-01-28 15:20:53.636011,approve,1278000
PI-000596,invoice_verification,PI-000596|A06,n_appr_inv,Approve Invoice,userTask,6,TK-0002529,EMP-0084,应付会计,2024-01-28 16:11:59.006311,2024-01-28 16:34:43.006311,approve,1364000
PI-000596,invoice_verification,PI-000596|A06,n_appr_inv,Approve Invoice,userTask,6,TK-0002528,EMP-0087,应付会计,2024-01-28 16:16:18.057803,2024-01-28 16:38:56.057803,approve,1358000
PI-000596,invoice_verification,PI-000596|A07,n_pay,Post Payment,serviceTask,7,TK-0002530,EMP-0089,出纳,2024-01-28 18:58:11.114321,2024-01-28 19:19:32.114321,approve,1281000
PI-000596,invoice_verification,PI-000596|A08,n_clear,Clear Invoice,serviceTask,8,TK-0002531,EMP-0084,应付会计,2024-01-28 20:56:53.951826,2024-01-28 21:10:12.951826,approve,799000
PI-000597,purchase_requisition,PI-000597|A01,n_submit,Submit Purchase Requisition,userTask,1,TK-0002532,EMP-0029,采购申请人,2024-01-24 06:01:36.602742,2024-01-24 06:23:08.602742,approve,1292000
PI-000597,purchase_requisition,PI-000597|A02,n_mgr_appr,Approve Requisition by Manager,userTask,2,TK-0002534,EMP-0042,部门经理,2024-01-24 06:33:44.980450,2024-01-24 07:12:54.980450,reject,2350000
PI-000597,purchase_requisition,PI-000597|A02,n_mgr_appr,Approve Requisition by Manager,userTask,2,TK-0002533,EMP-0043,部门经理,2024-01-24 07:53:38.616917,2024-01-24 08:44:35.616917,reject,3057000
PI-000597,purchase_requisition,PI-000597|A03,n_revise,Revise Requisition,userTask,3,TK-0002535,EMP-0029,采购申请人,2024-01-24 09:45:49.361927,2024-01-24 10:27:40.361927,approve,2511000
PI-000597,purchase_requisition,PI-000597|A04,n_submit,Submit Purchase Requisition,userTask,4,TK-0002536,EMP-0029,采购申请人,2024-01-24 14:27:30.101707,2024-01-24 14:41:45.101707,approve,855000
PI-000597,purchase_requisition,PI-000597|A05,n_mgr_appr,Approve Requisition by Manager,userTask,5,TK-0002539,EMP-0046,部门经理,2024-01-24 15:15:15.878513,2024-01-24 16:07:26.878513,reject,3131000
PI-000597,purchase_requisition,PI-000597|A05,n_mgr_appr,Approve Requisition by Manager,userTask,5,TK-0002538,EMP-0048,部门经理,2024-01-24 15:25:18.037514,2024-01-24 17:07:41.037514,reject,6143000
PI-000597,purchase_requisition,PI-000597|A05,n_mgr_appr,Approve Requisition by Manager,userTask,5,TK-0002537,EMP-0044,部门经理,2024-01-24 16:22:23.619141,2024-01-24 17:33:36.619141,reject,4273000
PI-000597,purchase_requisition,PI-000597|A06,n_revise,Revise Requisition,userTask,6,TK-0002540,EMP-0029,采购申请人,2024-01-24 20:56:16.940147,2024-01-24 21:42:40.940147,approve,2784000
PI-000597,purchase_requisition,PI-000597|A07,n_submit,Submit Purchase Requisition,userTask,7,TK-0002541,EMP-0029,采购申请人,2024-01-24 23:29:48.264852,2024-01-24 23:44:10.264852,approve,862000
PI-000597,purchase_requisition,PI-000597|A08,n_mgr_appr,Approve Requisition by Manager,userTask,8,TK-0002543,EMP-0041,部门经理,2024-01-25 00:01:12.064748,2024-01-25 01:01:34.064748,approve,3622000
PI-000597,purchase_requisition,PI-000597|A08,n_mgr_appr,Approve Requisition by Manager,userTask,8,TK-0002542,EMP-0046,部门经理,2024-01-25 01:05:19.119182,2024-01-25 02:11:58.119182,approve,3999000
PI-000597,purchase_requisition,PI-000597|A09,n_convert,Convert to Purchase Order,serviceTask,9,TK-0002544,EMP-0052,采购专员,2024-01-25 03:01:24.606435,2024-01-25 03:02:54.606435,approve,90000
PI-000598,purchase_order,PI-000598|A01,n_create_po,Create Purchase Order,serviceTask,1,TK-0002545,EMP-0056,采购专员,2024-01-26 02:54:46.154330,2024-01-26 03:23:22.154330,approve,1716000
PI-000598,purchase_order,PI-000598|A02,n_dir_appr,Approve Purchase Order by Director,userTask,2,TK-0002546,EMP-0049,采购总监,2024-01-26 03:42:07.852998,2024-01-26 09:46:15.852998,approve,21848000
PI-000598,purchase_order,PI-000598|A03,n_send_po,Send Order to Supplier,serviceTask,3,TK-0002547,EMP-0053,采购专员,2024-01-26 12:33:06.781453,2024-01-26 12:36:10.781453,approve,184000
PI-000599,goods_receipt,PI-000599|A01,n_post_gr,Post Goods Receipt,serviceTask,1,TK-0002548,EMP-0063,仓储专员,2024-01-26 18:59:24.334218,2024-01-26 19:09:22.334218,approve,598000
PI-000599,goods_receipt,PI-000599|A02,n_inspect,Quality Inspection,userTask,2,TK-0002549,EMP-0073,质检员,2024-01-26 20:27:35.514043,2024-01-26 21:57:52.514043,approve,5417000
PI-000599,goods_receipt,PI-000599|A03,n_putaway,Putaway to Warehouse,serviceTask,3,TK-0002550,EMP-0066,仓储专员,2024-01-26 22:23:21.891935,2024-01-26 22:55:58.891935,approve,1957000
PI-000600,invoice_verification,PI-000600|A01,n_enter_inv,Enter Incoming Invoice,userTask,1,TK-0002551,EMP-0077,财务专员,2024-01-29 06:39:43.548616,2024-01-29 07:39:28.548616,approve,3585000
PI-000600,invoice_verification,PI-000600|A02,n_match,Three-Way Match,serviceTask,2,TK-0002552,EMP-0081,财务专员,2024-01-29 08:11:21.902494,2024-01-29 08:14:08.902494,approve,167000
PI-000600,invoice_verification,PI-000600|A03,n_appr_inv,Approve Invoice,userTask,3,TK-0002554,EMP-0083,应付会计,2024-01-29 08:24:27.670942,2024-01-29 09:23:21.670942,approve,3534000
PI-000600,invoice_verification,PI-000600|A03,n_appr_inv,Approve Invoice,userTask,3,TK-0002553,EMP-0086,应付会计,2024-01-29 08:25:19.999026,2024-01-29 08:53:02.999026,approve,1663000
PI-000600,invoice_verification,PI-000600|A04,n_pay,Post Payment,serviceTask,4,TK-0002555,EMP-0088,出纳,2024-01-29 12:02:15.252783,2024-01-29 12:08:48.252783,approve,393000
PI-000600,invoice_verification,PI-000600|A05,n_clear,Clear Invoice,serviceTask,5,TK-0002556,EMP-0086,应付会计,2024-01-29 15:06:37.795164,2024-01-29 15:11:57.795164,approve,320000
PI-000601,invoice_verification,PI-000601|A01,n_enter_inv,Enter Incoming Invoice,userTask,1,TK-0002557,EMP-0079,财务专员,2024-02-02 09:14:40.092323,2024-02-02 09:33:29.092323,approve,1129000
PI-000601,invoice_verification,PI-000601|A02,n_match,Three-Way Match,serviceTask,2,TK-0002558,EMP-0078,财务专员,2024-02-02 12:58:44.128587,2024-02-02 13:00:45.128587,approve,121000
PI-000601,invoice_verification,PI-000601|A03,n_appr_inv,Approve Invoice,userTask,3,TK-0002559,EMP-0084,应付会计,2024-02-02 13:47:50.190113,2024-02-02 16:52:30.190113,approve,11080000
PI-000601,invoice_verification,PI-000601|A03,n_appr_inv,Approve Invoice,userTask,3,TK-0002560,EMP-0083,应付会计,2024-02-02 13:59:46.092279,2024-02-02 15:51:46.092279,approve,6720000
PI-000601,invoice_verification,PI-000601|A04,n_pay,Post Payment,serviceTask,4,TK-0002561,EMP-0089,出纳,2024-02-02 17:52:41.976199,2024-02-02 18:06:13.976199,approve,812000
PI-000601,invoice_verification,PI-000601|A05,n_clear,Clear Invoice,serviceTask,5,TK-0002562,EMP-0086,应付会计,2024-02-02 20:16:54.064774,2024-02-02 20:20:12.064774,approve,198000
PI-000602,purchase_requisition,PI-000602|A01,n_submit,Submit Purchase Requisition,userTask,1,TK-0002563,EMP-0030,采购申请人,2024-01-24 09:59:46.528825,2024-01-24 11:41:51.528825,approve,6125000
PI-000602,purchase_requisition,PI-000602|A02,n_mgr_appr,Approve Requisition by Manager,userTask,2,TK-0002566,EMP-0042,部门经理,2024-01-24 11:48:31.737030,2024-01-24 12:01:11.737030,approve,760000
PI-000602,purchase_requisition,PI-000602|A02,n_mgr_appr,Approve Requisition by Manager,userTask,2,TK-0002565,EMP-0047,部门经理,2024-01-24 12:13:28.544623,2024-01-24 12:51:08.544623,approve,2260000
PI-000602,purchase_requisition,PI-000602|A02,n_mgr_appr,Approve Requisition by Manager,userTask,2,TK-0002564,EMP-0043,部门经理,2024-01-24 12:18:36.356242,2024-01-24 13:05:44.356242,approve,2828000
PI-000602,purchase_requisition,PI-000602|A03,n_convert,Convert to Purchase Order,serviceTask,3,TK-0002567,EMP-0061,采购专员,2024-01-24 15:04:19.910306,2024-01-24 15:11:52.910306,approve,453000
PI-000603,purchase_order,PI-000603|A01,n_create_po,Create Purchase Order,serviceTask,1,TK-0002568,EMP-0058,采购专员,2024-01-24 22:37:44.955110,2024-01-24 23:02:35.955110,approve,1491000
PI-000603,purchase_order,PI-000603|A02,n_dir_appr,Approve Purchase Order by Director,userTask,2,TK-0002569,EMP-0049,采购总监,2024-01-25 02:55:31.496577,2024-01-25 04:52:52.496577,approve,7041000
PI-000603,purchase_order,PI-000603|A03,n_send_po,Send Order to Supplier,serviceTask,3,TK-0002570,EMP-0053,采购专员,2024-01-25 05:21:37.658995,2024-01-25 05:29:50.658995,approve,493000
PI-000604,goods_receipt,PI-000604|A01,n_post_gr,Post Goods Receipt,serviceTask,1,TK-0002571,EMP-0066,仓储专员,2024-01-26 01:18:54.423351,2024-01-26 01:40:07.423351,approve,1273000
PI-000604,goods_receipt,PI-000604|A02,n_inspect,Quality Inspection,userTask,2,TK-0002572,EMP-0074,质检员,2024-01-26 01:50:34.530713,2024-01-26 02:29:08.530713,approve,2314000
PI-000604,goods_receipt,PI-000604|A03,n_putaway,Putaway to Warehouse,serviceTask,3,TK-0002573,EMP-0063,仓储专员,2024-01-26 05:46:02.008027,2024-01-26 06:01:31.008027,approve,929000
PI-000605,invoice_verification,PI-000605|A01,n_enter_inv,Enter Incoming Invoice,userTask,1,TK-0002574,EMP-0081,财务专员,2024-01-30 14:26:17.594667,2024-01-30 14:41:09.594667,approve,892000
PI-000605,invoice_verification,PI-000605|A02,n_match,Three-Way Match,serviceTask,2,TK-0002575,EMP-0081,财务专员,2024-01-30 14:58:35.081176,2024-01-30 15:08:53.081176,reject,618000
PI-000605,invoice_verification,PI-000605|A03,n_park,Park Invoice,userTask,3,TK-0002576,EMP-0075,财务专员,2024-01-30 15:32:43.646034,2024-01-30 15:38:27.646034,approve,344000
PI-000605,invoice_verification,PI-000605|A04,n_handle_exc,Handle Invoice Exception,userTask,4,TK-0002577,EMP-0076,财务专员,2024-01-30 18:02:02.331531,2024-01-30 18:55:30.331531,approve,3208000
PI-000605,invoice_verification,PI-000605|A05,n_match,Three-Way Match,serviceTask,5,TK-0002578,EMP-0076,财务专员,2024-01-30 22:28:23.559579,2024-01-30 22:32:43.559579,approve,260000
PI-000605,invoice_verification,PI-000605|A06,n_appr_inv,Approve Invoice,userTask,6,TK-0002580,EMP-0085,应付会计,2024-01-30 22:53:47.285084,2024-01-30 23:21:56.285084,approve,1689000
PI-000605,invoice_verification,PI-000605|A06,n_appr_inv,Approve Invoice,userTask,6,TK-0002579,EMP-0083,应付会计,2024-01-31 00:14:56.826505,2024-01-31 02:19:51.826505,approve,7495000
PI-000605,invoice_verification,PI-000605|A07,n_pay,Post Payment,serviceTask,7,TK-0002581,EMP-0088,出纳,2024-01-31 03:44:13.356142,2024-01-31 03:51:49.356142,approve,456000
PI-000605,invoice_verification,PI-000605|A08,n_clear,Clear Invoice,serviceTask,8,TK-0002582,EMP-0084,应付会计,2024-01-31 06:07:58.731236,2024-01-31 06:29:55.731236,approve,1317000
PI-000606,purchase_requisition,PI-000606|A01,n_submit,Submit Purchase Requisition,userTask,1,TK-0002583,EMP-0009,采购申请人,2024-01-24 09:54:47.865562,2024-01-24 10:06:02.865562,approve,675000
PI-000606,purchase_requisition,PI-000606|A02,n_mgr_appr,Approve Requisition by Manager,userTask,2,TK-0002586,EMP-0047,部门经理,2024-01-24 10:15:02.603902,2024-01-24 10:49:41.603902,approve,2079000
PI-000606,purchase_requisition,PI-000606|A02,n_mgr_appr,Approve Requisition by Manager,userTask,2,TK-0002585,EMP-0042,部门经理,2024-01-24 11:05:20.563151,2024-01-24 11:38:43.563151,approve,2003000
PI-000606,purchase_requisition,PI-000606|A02,n_mgr_appr,Approve Requisition by Manager,userTask,2,TK-0002584,EMP-0043,部门经理,2024-01-24 11:28:53.103696,2024-01-24 14:30:04.103696,approve,10871000
PI-000606,purchase_requisition,PI-000606|A03,n_convert,Convert to Purchase Order,serviceTask,3,TK-0002587,EMP-0058,采购专员,2024-01-24 16:46:35.284295,2024-01-24 16:52:26.284295,approve,351000
PI-000607,purchase_order,PI-000607|A01,n_create_po,Create Purchase Order,serviceTask,1,TK-0002588,EMP-0054,采购专员,2024-01-25 01:10:54.989859,2024-01-25 01:23:45.989859,approve,771000
PI-000607,purchase_order,PI-000607|A02,n_dir_appr,Approve Purchase Order by Director,userTask,2,TK-0002589,EMP-0050,采购总监,2024-01-25 03:50:20.743856,2024-01-25 06:52:31.743856,approve,10931000
PI-000607,purchase_order,PI-000607|A03,n_send_po,Send Order to Supplier,serviceTask,3,TK-0002590,EMP-0059,采购专员,2024-01-25 07:02:12.659584,2024-01-25 07:17:47.659584,approve,935000
PI-000608,goods_receipt,PI-000608|A01,n_post_gr,Post Goods Receipt,serviceTask,1,TK-0002591,EMP-0063,仓储专员,2024-01-25 18:55:33.303714,2024-01-25 19:18:41.303714,approve,1388000
PI-000608,goods_receipt,PI-000608|A02,n_inspect,Quality Inspection,userTask,2,TK-0002592,EMP-0074,质检员,2024-01-25 22:23:53.800631,2024-01-25 23:42:36.800631,approve,4723000
PI-000608,goods_receipt,PI-000608|A03,n_putaway,Putaway to Warehouse,serviceTask,3,TK-0002593,EMP-0063,仓储专员,2024-01-26 02:13:18.839835,2024-01-26 03:38:12.839835,approve,5094000
PI-000609,invoice_verification,PI-000609|A01,n_enter_inv,Enter Incoming Invoice,userTask,1,TK-0002594,EMP-0076,财务专员,2024-01-27 12:10:42.096277,2024-01-27 12:57:51.096277,approve,2829000
PI-000609,invoice_verification,PI-000609|A02,n_match,Three-Way Match,serviceTask,2,TK-0002595,EMP-0078,财务专员,2024-01-27 13:13:51.691424,2024-01-27 13:18:34.691424,approve,283000
PI-000609,invoice_verification,PI-000609|A03,n_appr_inv,Approve Invoice,userTask,3,TK-0002597,EMP-0086,应付会计,2024-01-27 14:14:50.990520,2024-01-27 15:43:00.990520,approve,5290000
PI-000609,invoice_verification,PI-000609|A03,n_appr_inv,Approve Invoice,userTask,3,TK-0002596,EMP-0085,应付会计,2024-01-27 14:45:33.805862,2024-01-27 15:05:26.805862,approve,1193000
PI-000609,invoice_verification,PI-000609|A04,n_pay,Post Payment,serviceTask,4,TK-0002598,EMP-0088,出纳,2024-01-27 15:48:45.268266,2024-01-27 15:56:41.268266,approve,476000
PI-000609,invoice_verification,PI-000609|A05,n_clear,Clear Invoice,serviceTask,5,TK-0002599,EMP-0087,应付会计,2024-01-27 19:14:26.975052,2024-01-27 19:21:36.975052,approve,430000
PI-000610,purchase_requisition,PI-000610|A01,n_submit,Submit Purchase Requisition,userTask,1,TK-0002600,EMP-0016,采购申请人,2024-01-24 15:39:02.479183,2024-01-24 15:58:57.479183,approve,1195000
PI-000610,purchase_requisition,PI-000610|A02,n_mgr_appr,Approve Requisition by Manager,userTask,2,TK-0002601,EMP-0046,部门经理,2024-01-24 16:33:48.700777,2024-01-24 17:42:53.700777,approve,4145000
PI-000610,purchase_requisition,PI-000610|A02,n_mgr_appr,Approve Requisition by Manager,userTask,2,TK-0002602,EMP-0043,部门经理,2024-01-24 16:43:33.024127,2024-01-24 17:09:58.024127,approve,1585000
PI-000610,purchase_requisition,PI-000610|A03,n_convert,Convert to Purchase Order,serviceTask,3,TK-0002603,EMP-0057,采购专员,2024-01-24 20:49:14.697207,2024-01-24 20:57:38.697207,approve,504000
PI-000611,purchase_order,PI-000611|A01,n_create_po,Create Purchase Order,serviceTask,1,TK-0002604,EMP-0053,采购专员,2024-01-25 00:23:50.978503,2024-01-25 01:30:45.978503,approve,4015000
PI-000611,purchase_order,PI-000611|A02,n_send_po,Send Order to Supplier,serviceTask,2,TK-0002605,EMP-0055,采购专员,2024-01-25 03:28:50.256098,2024-01-25 03:35:52.256098,approve,422000
PI-000612,goods_receipt,PI-000612|A01,n_post_gr,Post Goods Receipt,serviceTask,1,TK-0002606,EMP-0063,仓储专员,2024-01-27 23:10:47.975538,2024-01-27 23:22:51.975538,approve,724000
PI-000612,goods_receipt,PI-000612|A02,n_inspect,Quality Inspection,userTask,2,TK-0002607,EMP-0070,质检员,2024-01-28 00:05:56.142407,2024-01-28 00:32:24.142407,approve,1588000
PI-000612,goods_receipt,PI-000612|A03,n_putaway,Putaway to Warehouse,serviceTask,3,TK-0002608,EMP-0068,仓储专员,2024-01-28 04:27:59.981353,2024-01-28 05:21:35.981353,approve,3216000
PI-000613,invoice_verification,PI-000613|A01,n_enter_inv,Enter Incoming Invoice,userTask,1,TK-0002609,EMP-0075,财务专员,2024-01-30 11:30:55.273756,2024-01-30 13:21:32.273756,approve,6637000
PI-000613,invoice_verification,PI-000613|A02,n_match,Three-Way Match,serviceTask,2,TK-0002610,EMP-0078,财务专员,2024-01-30 17:08:09.689508,2024-01-30 17:11:49.689508,approve,220000
PI-000613,invoice_verification,PI-000613|A03,n_appr_inv,Approve Invoice,userTask,3,TK-0002611,EMP-0085,应付会计,2024-01-30 17:41:53.117457,2024-01-30 18:38:33.117457,approve,3400000
PI-000613,invoice_verification,PI-000613|A03,n_appr_inv,Approve Invoice,userTask,3,TK-0002612,EMP-0084,应付会计,2024-01-30 18:02:18.606175,2024-01-30 19:04:25.606175,approve,3727000
PI-000613,invoice_verification,PI-000613|A04,n_pay,Post Payment,serviceTask,4,TK-0002613,EMP-0088,出纳,2024-01-30 22:16:47.974744,2024-01-30 22:33:18.974744,approve,991000
PI-000613,invoice_verification,PI-000613|A05,n_clear,Clear Invoice,serviceTask,5,TK-0002614,EMP-0087,应付会计,2024-01-31 01:17:58.845539,2024-01-31 01:19:39.845539,approve,101000
PI-000614,purchase_requisition,PI-000614|A01,n_submit,Submit Purchase Requisition,userTask,1,TK-0002615,EMP-0017,采购申请人,2024-01-24 22:24:12.499267,2024-01-24 22:53:07.499267,approve,1735000
PI-000614,purchase_requisition,PI-000614|A02,n_mgr_appr,Approve Requisition by Manager,userTask,2,TK-0002618,EMP-0043,部门经理,2024-01-24 23:22:35.940387,2024-01-25 00:36:51.940387,reject,4456000
PI-000614,purchase_requisition,PI-000614|A02,n_mgr_appr,Approve Requisition by Manager,userTask,2,TK-0002617,EMP-0044,部门经理,2024-01-24 23:37:55.275183,2024-01-25 00:31:30.275183,reject,3215000
PI-000614,purchase_requisition,PI-000614|A02,n_mgr_appr,Approve Requisition by Manager,userTask,2,TK-0002616,EMP-0048,部门经理,2024-01-25 00:27:25.429733,2024-01-25 00:57:10.429733,reject,1785000
PI-000614,purchase_requisition,PI-000614|A03,n_revise,Revise Requisition,userTask,3,TK-0002619,EMP-0017,采购申请人,2024-01-25 01:39:29.301332,2024-01-25 03:30:14.301332,approve,6645000
PI-000614,purchase_requisition,PI-000614|A04,n_submit,Submit Purchase Requisition,userTask,4,TK-0002620,EMP-0017,采购申请人,2024-01-25 04:31:55.786186,2024-01-25 05:11:22.786186,approve,2367000
PI-000614,purchase_requisition,PI-000614|A05,n_mgr_appr,Approve Requisition by Manager,userTask,5,TK-0002621,EMP-0048,部门经理,2024-01-25 05:40:05.856321,2024-01-25 07:05:45.856321,approve,5140000
PI-000614,purchase_requisition,PI-000614|A05,n_mgr_appr,Approve Requisition by Manager,userTask,5,TK-0002622,EMP-0046,部门经理,2024-01-25 05:48:34.266739,2024-01-25 06:36:53.266739,approve,2899000
PI-000614,purchase_requisition,PI-000614|A06,n_convert,Convert to Purchase Order,serviceTask,6,TK-0002623,EMP-0060,采购专员,2024-01-25 08:05:26.770603,2024-01-25 08:21:09.770603,approve,943000
PI-000615,purchase_order,PI-000615|A01,n_create_po,Create Purchase Order,serviceTask,1,TK-0002624,EMP-0058,采购专员,2024-01-26 06:54:52.460201,2024-01-26 07:17:45.460201,approve,1373000
PI-000615,purchase_order,PI-000615|A02,n_send_po,Send Order to Supplier,serviceTask,2,TK-0002625,EMP-0052,采购专员,2024-01-26 10:59:19.895407,2024-01-26 11:06:46.895407,approve,447000
PI-000616,goods_receipt,PI-000616|A01,n_post_gr,Post Goods Receipt,serviceTask,1,TK-0002626,EMP-0065,仓储专员,2024-01-29 07:54:32.562727,2024-01-29 08:04:25.562727,approve,593000
PI-000616,goods_receipt,PI-000616|A02,n_inspect,Quality Inspection,userTask,2,TK-0002627,EMP-0074,质检员,2024-01-29 09:02:02.225019,2024-01-29 09:27:34.225019,approve,1532000
PI-000616,goods_receipt,PI-000616|A03,n_putaway,Putaway to Warehouse,serviceTask,3,TK-0002628,EMP-0062,仓储专员,2024-01-29 11:39:27.255494,2024-01-29 11:44:41.255494,approve,314000
PI-000617,invoice_verification,PI-000617|A01,n_enter_inv,Enter Incoming Invoice,userTask,1,TK-0002629,EMP-0080,财务专员,2024-02-02 04:45:47.405529,2024-02-02 05:25:59.405529,approve,2412000
PI-000617,invoice_verification,PI-000617|A02,n_match,Three-Way Match,serviceTask,2,TK-0002630,EMP-0077,财务专员,2024-02-02 09:23:56.826924,2024-02-02 09:31:47.826924,approve,471000
PI-000617,invoice_verification,PI-000617|A03,n_appr_inv,Approve Invoice,userTask,3,TK-0002632,EMP-0084,应付会计,2024-02-02 09:41:04.353406,2024-02-02 10:24:21.353406,approve,2597000
PI-000617,invoice_verification,PI-000617|A03,n_appr_inv,Approve Invoice,userTask,3,TK-0002631,EMP-0086,应付会计,2024-02-02 10:16:49.452504,2024-02-02 11:13:55.452504,approve,3426000
PI-000617,invoice_verification,PI-000617|A04,n_pay,Post Payment,serviceTask,4,TK-0002633,EMP-0089,出纳,2024-02-02 14:32:34.738029,2024-02-02 14:43:47.738029,approve,673000
PI-000617,invoice_verification,PI-000617|A05,n_clear,Clear Invoice,serviceTask,5,TK-0002634,EMP-0085,应付会计,2024-02-02 18:38:26.687949,2024-02-02 18:45:21.687949,approve,415000
PI-000618,purchase_requisition,PI-000618|A01,n_submit,Submit Purchase Requisition,userTask,1,TK-0002635,EMP-0002,采购申请人,2024-01-25 01:30:56.128524,2024-01-25 02:18:57.128524,approve,2881000
PI-000618,purchase_requisition,PI-000618|A02,n_mgr_appr,Approve Requisition by Manager,userTask,2,TK-0002637,EMP-0041,部门经理,2024-01-25 02:30:54.844084,2024-01-25 02:57:40.844084,approve,1606000
PI-000618,purchase_requisition,PI-000618|A02,n_mgr_appr,Approve Requisition by Manager,userTask,2,TK-0002636,EMP-0043,部门经理,2024-01-25 03:26:42.046524,2024-01-25 05:05:11.046524,approve,5909000
PI-000618,purchase_requisition,PI-000618|A03,n_convert,Convert to Purchase Order,serviceTask,3,TK-0002638,EMP-0055,采购专员,2024-01-25 07:35:48.767463,2024-01-25 07:41:24.767463,approve,336000
PI-000619,purchase_order,PI-000619|A01,n_create_po,Create Purchase Order,serviceTask,1,TK-0002639,EMP-0053,采购专员,2024-01-26 06:55:55.578915,2024-01-26 07:22:09.578915,approve,1574000
PI-000619,purchase_order,PI-000619|A02,n_dir_appr,Approve Purchase Order by Director,userTask,2,TK-0002640,EMP-0049,采购总监,2024-01-26 11:19:38.858093,2024-01-26 11:44:47.858093,approve,1509000
PI-000619,purchase_order,PI-000619|A03,n_send_po,Send Order to Supplier,serviceTask,3,TK-0002641,EMP-0058,采购专员,2024-01-26 14:06:18.481312,2024-01-26 14:07:49.481312,approve,91000
PI-000620,goods_receipt,PI-000620|A01,n_post_gr,Post Goods Receipt,serviceTask,1,TK-0002642,EMP-0064,仓储专员,2024-01-27 15:09:02.926896,2024-01-27 15:17:19.926896,approve,497000
PI-000620,goods_receipt,PI-000620|A02,n_inspect,Quality Inspection,userTask,2,TK-0002643,EMP-0072,质检员,2024-01-27 15:43:35.495624,2024-01-27 18:37:37.495624,approve,10442000
PI-000620,goods_receipt,PI-000620|A03,n_putaway,Putaway to Warehouse,serviceTask,3,TK-0002644,EMP-0064,仓储专员,2024-01-27 22:26:11.937340,2024-01-27 22:42:33.937340,approve,982000
PI-000621,invoice_verification,PI-000621|A01,n_enter_inv,Enter Incoming Invoice,userTask,1,TK-0002645,EMP-0077,财务专员,2024-01-29 14:53:32.651966,2024-01-29 15:32:46.651966,approve,2354000
PI-000621,invoice_verification,PI-000621|A02,n_match,Three-Way Match,serviceTask,2,TK-0002646,EMP-0082,财务专员,2024-01-29 16:58:07.411334,2024-01-29 17:01:58.411334,approve,231000
PI-000621,invoice_verification,PI-000621|A03,n_appr_inv,Approve Invoice,userTask,3,TK-0002648,EMP-0084,应付会计,2024-01-29 17:59:07.162807,2024-01-29 18:47:16.162807,approve,2889000
PI-000621,invoice_verification,PI-000621|A03,n_appr_inv,Approve Invoice,userTask,3,TK-0002647,EMP-0085,应付会计,2024-01-29 18:30:03.986492,2024-01-29 18:53:05.986492,approve,1382000
PI-000621,invoice_verification,PI-000621|A04,n_pay,Post Payment,serviceTask,4,TK-0002649,EMP-0090,出纳,2024-01-29 22:33:47.101027,2024-01-29 22:42:23.101027,approve,516000
PI-000621,invoice_verification,PI-000621|A05,n_clear,Clear Invoice,serviceTask,5,TK-0002650,EMP-0083,应付会计,2024-01-30 02:16:37.123904,2024-01-30 02:21:43.123904,approve,306000
PI-000622,purchase_requisition,PI-000622|A01,n_submit,Submit Purchase Requisition,userTask,1,TK-0002651,EMP-0037,采购申请人,2024-01-25 04:31:54.928537,2024-01-25 04:51:14.928537,approve,1160000
PI-000622,purchase_requisition,PI-000622|A02,n_mgr_appr,Approve Requisition by Manager,userTask,2,TK-0002654,EMP-0043,部门经理,2024-01-25 04:59:20.563312,2024-01-25 06:01:37.563312,reject,3737000
PI-000622,purchase_requisition,PI-000622|A02,n_mgr_appr,Approve Requisition by Manager,userTask,2,TK-0002653,EMP-0047,部门经理,2024-01-25 05:34:59.816336,2024-01-25 05:56:17.816336,reject,1278000
PI-000622,purchase_requisition,PI-000622|A02,n_mgr_appr,Approve Requisition by Manager,userTask,2,TK-0002652,EMP-0044,部门经理,2024-01-25 05:37:01.846086,2024-01-25 06:21:27.846086,reject,2666000
PI-000622,purchase_requisition,PI-000622|A03,n_revise,Revise Requisition,userTask,3,TK-0002655,EMP-0037,采购申请人,2024-01-25 06:59:17.017667,2024-01-25 07:07:44.017667,approve,507000
PI-000622,purchase_requisition,PI-000622|A04,n_submit,Submit Purchase Requisition,userTask,4,TK-0002656,EMP-0037,采购申请人,2024-01-25 10:06:55.628524,2024-01-25 10:48:34.628524,approve,2499000
PI-000622,purchase_requisition,PI-000622|A05,n_mgr_appr,Approve Requisition by Manager,userTask,5,TK-0002659,EMP-0045,部门经理,2024-01-25 11:19:09.009359,2024-01-25 12:07:03.009359,approve,2874000
PI-000622,purchase_requisition,PI-000622|A05,n_mgr_appr,Approve Requisition by Manager,userTask,5,TK-0002658,EMP-0048,部门经理,2024-01-25 11:46:47.191078,2024-01-25 12:22:30.191078,approve,2143000
PI-000622,purchase_requisition,PI-000622|A05,n_mgr_appr,Approve Requisition by Manager,userTask,5,TK-0002657,EMP-0046,部门经理,2024-01-25 12:24:34.025311,2024-01-25 13:55:12.025311,approve,5438000
PI-000622,purchase_requisition,PI-000622|A06,n_convert,Convert to Purchase Order,serviceTask,6,TK-0002660,EMP-0055,采购专员,2024-01-25 17:27:08.874634,2024-01-25 17:48:21.874634,approve,1273000
PI-000623,purchase_order,PI-000623|A01,n_create_po,Create Purchase Order,serviceTask,1,TK-0002661,EMP-0060,采购专员,2024-01-26 05:52:41.256902,2024-01-26 06:07:58.256902,approve,917000
PI-000623,purchase_order,PI-000623|A02,n_dir_appr,Approve Purchase Order by Director,userTask,2,TK-0002662,EMP-0051,采购总监,2024-01-26 06:53:20.583882,2024-01-26 11:23:13.583882,approve,16193000
PI-000623,purchase_order,PI-000623|A03,n_send_po,Send Order to Supplier,serviceTask,3,TK-0002663,EMP-0058,采购专员,2024-01-26 14:33:31.943037,2024-01-26 14:35:03.943037,approve,92000
PI-000624,goods_receipt,PI-000624|A01,n_post_gr,Post Goods Receipt,serviceTask,1,TK-0002664,EMP-0068,仓储专员,2024-01-27 15:39:01.940603,2024-01-27 15:46:17.940603,approve,436000
PI-000624,goods_receipt,PI-000624|A02,n_inspect,Quality Inspection,userTask,2,TK-0002665,EMP-0074,质检员,2024-01-27 16:34:23.190197,2024-01-27 18:16:26.190197,approve,6123000
PI-000624,goods_receipt,PI-000624|A03,n_putaway,Putaway to Warehouse,serviceTask,3,TK-0002666,EMP-0066,仓储专员,2024-01-27 20:06:32.022227,2024-01-27 20:38:57.022227,approve,1945000
PI-000625,goods_receipt,PI-000625|A01,n_post_gr,Post Goods Receipt,serviceTask,1,TK-0002667,EMP-0064,仓储专员,2024-01-30 11:16:13.741722,2024-01-30 11:24:24.741722,approve,491000
PI-000625,goods_receipt,PI-000625|A02,n_inspect,Quality Inspection,userTask,2,TK-0002668,EMP-0070,质检员,2024-01-30 13:51:42.073673,2024-01-30 14:52:54.073673,approve,3672000
PI-000625,goods_receipt,PI-000625|A03,n_putaway,Putaway to Warehouse,serviceTask,3,TK-0002669,EMP-0064,仓储专员,2024-01-30 16:34:13.795377,2024-01-30 16:42:32.795377,approve,499000
PI-000626,invoice_verification,PI-000626|A01,n_enter_inv,Enter Incoming Invoice,userTask,1,TK-0002670,EMP-0078,财务专员,2024-02-01 08:15:50.415281,2024-02-01 08:43:59.415281,approve,1689000
PI-000626,invoice_verification,PI-000626|A02,n_match,Three-Way Match,serviceTask,2,TK-0002671,EMP-0077,财务专员,2024-02-01 09:20:35.425081,2024-02-01 09:25:40.425081,approve,305000
PI-000626,invoice_verification,PI-000626|A03,n_appr_inv,Approve Invoice,userTask,3,TK-0002673,EMP-0087,应付会计,2024-02-01 09:46:15.315452,2024-02-01 10:23:26.315452,approve,2231000
PI-000626,invoice_verification,PI-000626|A03,n_appr_inv,Approve Invoice,userTask,3,TK-0002672,EMP-0083,应付会计,2024-02-01 10:18:57.542039,2024-02-01 11:02:35.542039,approve,2618000
PI-000626,invoice_verification,PI-000626|A04,n_pay,Post Payment,serviceTask,4,TK-0002674,EMP-0089,出纳,2024-02-01 14:22:51.985758,2024-02-01 14:47:45.985758,approve,1494000
PI-000626,invoice_verification,PI-000626|A05,n_clear,Clear Invoice,serviceTask,5,TK-0002675,EMP-0087,应付会计,2024-02-01 17:40:22.503734,2024-02-01 17:44:25.503734,approve,243000
PI-000627,purchase_requisition,PI-000627|A01,n_submit,Submit Purchase Requisition,userTask,1,TK-0002676,EMP-0029,采购申请人,2024-01-25 07:36:00.985594,2024-01-25 07:49:31.985594,approve,811000
PI-000627,purchase_requisition,PI-000627|A02,n_convert,Convert to Purchase Order,serviceTask,2,TK-0002677,EMP-0061,采购专员,2024-01-25 08:55:23.536054,2024-01-25 09:10:39.536054,approve,916000
PI-000628,purchase_order,PI-000628|A01,n_create_po,Create Purchase Order,serviceTask,1,TK-0002678,EMP-0058,采购专员,2024-01-26 01:33:45.266909,2024-01-26 01:59:04.266909,approve,1519000
PI-000628,purchase_order,PI-000628|A02,n_dir_appr,Approve Purchase Order by Director,userTask,2,TK-0002679,EMP-0049,采购总监,2024-01-26 04:30:38.094123,2024-01-26 05:12:53.094123,approve,2535000
PI-000628,purchase_order,PI-000628|A03,n_send_po,Send Order to Supplier,serviceTask,3,TK-0002680,EMP-0057,采购专员,2024-01-26 08:39:35.800917,2024-01-26 08:41:18.800917,approve,103000
PI-000629,goods_receipt,PI-000629|A01,n_post_gr,Post Goods Receipt,serviceTask,1,TK-0002681,EMP-0065,仓储专员,2024-01-29 02:16:13.091136,2024-01-29 02:24:24.091136,approve,491000
PI-000629,goods_receipt,PI-000629|A02,n_inspect,Quality Inspection,userTask,2,TK-0002682,EMP-0072,质检员,2024-01-29 03:50:33.532551,2024-01-29 07:45:57.532551,approve,14124000
PI-000629,goods_receipt,PI-000629|A03,n_putaway,Putaway to Warehouse,serviceTask,3,TK-0002683,EMP-0066,仓储专员,2024-01-29 09:36:23.289746,2024-01-29 09:59:59.289746,approve,1416000
PI-000630,goods_receipt,PI-000630|A01,n_post_gr,Post Goods Receipt,serviceTask,1,TK-0002684,EMP-0062,仓储专员,2024-01-29 22:45:37.112980,2024-01-29 22:57:02.112980,approve,685000
PI-000630,goods_receipt,PI-000630|A02,n_inspect,Quality Inspection,userTask,2,TK-0002685,EMP-0070,质检员,2024-01-30 01:35:27.114062,2024-01-30 02:05:59.114062,approve,1832000
PI-000630,goods_receipt,PI-000630|A03,n_putaway,Putaway to Warehouse,serviceTask,3,TK-0002686,EMP-0069,仓储专员,2024-01-30 05:05:20.165176,2024-01-30 05:27:24.165176,approve,1324000
PI-000631,invoice_verification,PI-000631|A01,n_enter_inv,Enter Incoming Invoice,userTask,1,TK-0002687,EMP-0075,财务专员,2024-02-02 09:48:46.332787,2024-02-02 10:00:56.332787,approve,730000
PI-000631,invoice_verification,PI-000631|A02,n_match,Three-Way Match,serviceTask,2,TK-0002688,EMP-0079,财务专员,2024-02-02 12:00:47.408205,2024-02-02 12:11:35.408205,approve,648000
PI-000631,invoice_verification,PI-000631|A03,n_appr_inv,Approve Invoice,userTask,3,TK-0002690,EMP-0084,应付会计,2024-02-02 12:45:02.376282,2024-02-02 13:27:18.376282,approve,2536000
PI-000631,invoice_verification,PI-000631|A03,n_appr_inv,Approve Invoice,userTask,3,TK-0002689,EMP-0085,应付会计,2024-02-02 13:09:08.959562,2024-02-02 13:50:05.959562,approve,2457000
PI-000631,invoice_verification,PI-000631|A04,n_pay,Post Payment,serviceTask,4,TK-0002691,EMP-0089,出纳,2024-02-02 14:55:21.301299,2024-02-02 15:05:14.301299,approve,593000
PI-000631,invoice_verification,PI-000631|A05,n_clear,Clear Invoice,serviceTask,5,TK-0002692,EMP-0086,应付会计,2024-02-02 18:07:40.060212,2024-02-02 18:08:58.060212,approve,78000
PI-000632,purchase_requisition,PI-000632|A01,n_submit,Submit Purchase Requisition,userTask,1,TK-0002693,EMP-0024,采购申请人,2024-01-25 12:53:53.659927,2024-01-25 13:20:15.659927,approve,1582000
PI-000632,purchase_requisition,PI-000632|A02,n_mgr_appr,Approve Requisition by Manager,userTask,2,TK-0002695,EMP-0041,部门经理,2024-01-25 13:48:37.048597,2024-01-25 16:21:34.048597,approve,9177000
PI-000632,purchase_requisition,PI-000632|A02,n_mgr_appr,Approve Requisition by Manager,userTask,2,TK-0002694,EMP-0042,部门经理,2024-01-25 14:54:37.449591,2024-01-25 15:41:47.449591,approve,2830000
PI-000632,purchase_requisition,PI-000632|A03,n_convert,Convert to Purchase Order,serviceTask,3,TK-0002696,EMP-0057,采购专员,2024-01-25 18:03:21.802626,2024-01-25 18:21:57.802626,approve,1116000
PI-000633,purchase_order,PI-000633|A01,n_create_po,Create Purchase Order,serviceTask,1,TK-0002697,EMP-0059,采购专员,2024-01-26 02:39:09.472256,2024-01-26 02:47:01.472256,approve,472000
PI-000633,purchase_order,PI-000633|A02,n_send_po,Send Order to Supplier,serviceTask,2,TK-0002698,EMP-0056,采购专员,2024-01-26 05:54:24.503727,2024-01-26 06:03:30.503727,approve,546000
PI-000634,goods_receipt,PI-000634|A01,n_post_gr,Post Goods Receipt,serviceTask,1,TK-0002699,EMP-0068,仓储专员,2024-01-28 03:49:52.040105,2024-01-28 03:56:25.040105,approve,393000
PI-000634,goods_receipt,PI-000634|A02,n_inspect,Quality Inspection,userTask,2,TK-0002700,EMP-0074,质检员,2024-01-28 06:44:24.793222,2024-01-28 08:34:09.793222,approve,6585000
PI-000634,goods_receipt,PI-000634|A03,n_putaway,Putaway to Warehouse,serviceTask,3,TK-0002701,EMP-0067,仓储专员,2024-01-28 11:46:53.154751,2024-01-28 13:16:00.154751,approve,5347000
PI-000635,invoice_verification,PI-000635|A01,n_enter_inv,Enter Incoming Invoice,userTask,1,TK-0002702,EMP-0082,财务专员,2024-01-29 09:42:13.528605,2024-01-29 10:19:41.528605,approve,2248000
PI-000635,invoice_verification,PI-000635|A02,n_match,Three-Way Match,serviceTask,2,TK-0002703,EMP-0081,财务专员,2024-01-29 13:05:08.923832,2024-01-29 13:12:15.923832,approve,427000
PI-000635,invoice_verification,PI-000635|A03,n_appr_inv,Approve Invoice,userTask,3,TK-0002705,EMP-0084,应付会计,2024-01-29 13:58:44.170996,2024-01-29 14:50:09.170996,approve,3085000
PI-000635,invoice_verification,PI-000635|A03,n_appr_inv,Approve Invoice,userTask,3,TK-0002704,EMP-0086,应付会计,2024-01-29 14:23:43.298828,2024-01-29 16:25:14.298828,approve,7291000
PI-000635,invoice_verification,PI-000635|A04,n_pay,Post Payment,serviceTask,4,TK-0002706,EMP-0090,出纳,2024-01-29 19:42:05.554208,2024-01-29 20:15:11.554208,approve,1986000
PI-000635,invoice_verification,PI-000635|A05,n_clear,Clear Invoice,serviceTask,5,TK-0002707,EMP-0086,应付会计,2024-01-29 23:05:15.787966,2024-01-29 23:14:26.787966,approve,551000
PI-000636,purchase_requisition,PI-000636|A01,n_submit,Submit Purchase Requisition,userTask,1,TK-0002708,EMP-0001,采购申请人,2024-01-25 18:37:43.640793,2024-01-25 18:59:00.640793,approve,1277000
PI-000636,purchase_requisition,PI-000636|A02,n_mgr_appr,Approve Requisition by Manager,userTask,2,TK-0002710,EMP-0046,部门经理,2024-01-25 19:58:24.334295,2024-01-25 21:06:20.334295,approve,4076000
PI-000636,purchase_requisition,PI-000636|A02,n_mgr_appr,Approve Requisition by Manager,userTask,2,TK-0002709,EMP-0042,部门经理,2024-01-25 20:32:41.111533,2024-01-25 22:44:36.111533,approve,7915000
PI-000636,purchase_requisition,PI-000636|A03,n_convert,Convert to Purchase Order,serviceTask,3,TK-0002711,EMP-0061,采购专员,2024-01-26 02:39:31.477822,2024-01-26 02:50:52.477822,approve,681000
PI-000637,purchase_order,PI-000637|A01,n_create_po,Create Purchase Order,serviceTask,1,TK-0002712,EMP-0056,采购专员,2024-01-26 18:36:37.723052,2024-01-26 18:40:55.723052,approve,258000
PI-000637,purchase_order,PI-000637|A02,n_send_po,Send Order to Supplier,serviceTask,2,TK-0002713,EMP-0053,采购专员,2024-01-26 20:35:25.031683,2024-01-26 20:40:49.031683,approve,324000
PI-000638,goods_receipt,PI-000638|A01,n_post_gr,Post Goods Receipt,serviceTask,1,TK-0002714,EMP-0063,仓储专员,2024-01-27 19:05:07.748581,2024-01-27 19:23:17.748581,approve,1090000
PI-000638,goods_receipt,PI-000638|A02,n_inspect,Quality Inspection,userTask,2,TK-0002715,EMP-0070,质检员,2024-01-27 19:52:29.430280,2024-01-27 20:49:47.430280,approve,3438000
PI-000638,goods_receipt,PI-000638|A03,n_putaway,Putaway to Warehouse,serviceTask,3,TK-0002716,EMP-0064,仓储专员,2024-01-28 00:26:35.090629,2024-01-28 01:03:22.090629,approve,2207000
PI-000639,invoice_verification,PI-000639|A01,n_enter_inv,Enter Incoming Invoice,userTask,1,TK-0002717,EMP-0077,财务专员,2024-01-28 20:01:44.205128,2024-01-28 20:17:52.205128,approve,968000
PI-000639,invoice_verification,PI-000639|A02,n_match,Three-Way Match,serviceTask,2,TK-0002718,EMP-0075,财务专员,2024-01-28 22:24:30.102666,2024-01-28 22:29:20.102666,reject,290000
PI-000639,invoice_verification,PI-000639|A03,n_park,Park Invoice,userTask,3,TK-0002719,EMP-0079,财务专员,2024-01-29 01:50:04.325122,2024-01-29 02:26:53.325122,approve,2209000
PI-000639,invoice_verification,PI-000639|A04,n_handle_exc,Handle Invoice Exception,userTask,4,TK-0002720,EMP-0075,财务专员,2024-01-29 04:19:26.095356,2024-01-29 05:22:59.095356,approve,3813000
PI-000639,invoice_verification,PI-000639|A05,n_match,Three-Way Match,serviceTask,5,TK-0002721,EMP-0077,财务专员,2024-01-29 07:58:45.457054,2024-01-29 08:06:19.457054,approve,454000
PI-000639,invoice_verification,PI-000639|A06,n_appr_inv,Approve Invoice,userTask,6,TK-0002723,EMP-0083,应付会计,2024-01-29 08:14:42.878888,2024-01-29 09:46:22.878888,approve,5500000
PI-000639,invoice_verification,PI-000639|A06,n_appr_inv,Approve Invoice,userTask,6,TK-0002722,EMP-0087,应付会计,2024-01-29 09:34:02.160252,2024-01-29 11:19:57.160252,approve,6355000
PI-000639,invoice_verification,PI-000639|A07,n_pay,Post Payment,serviceTask,7,TK-0002724,EMP-0090,出纳,2024-01-29 11:32:43.780193,2024-01-29 11:48:31.780193,approve,948000
PI-000639,invoice_verification,PI-000639|A08,n_clear,Clear Invoice,serviceTask,8,TK-0002725,EMP-0084,应付会计,2024-01-29 15:47:10.922323,2024-01-29 15:51:39.922323,approve,269000
PI-000640,purchase_requisition,PI-000640|A01,n_submit,Submit Purchase Requisition,userTask,1,TK-0002726,EMP-0014,采购申请人,2024-01-25 23:04:46.136871,2024-01-25 23:21:14.136871,approve,988000
PI-000640,purchase_requisition,PI-000640|A02,n_mgr_appr,Approve Requisition by Manager,userTask,2,TK-0002728,EMP-0046,部门经理,2024-01-26 00:14:05.767246,2024-01-26 00:39:45.767246,reject,1540000
PI-000640,purchase_requisition,PI-000640|A02,n_mgr_appr,Approve Requisition by Manager,userTask,2,TK-0002727,EMP-0041,部门经理,2024-01-26 00:52:04.149693,2024-01-26 01:28:00.149693,reject,2156000
PI-000640,purchase_requisition,PI-000640|A03,n_cancel,Cancel Requisition,serviceTask,3,TK-0002729,EMP-0054,采购专员,2024-01-26 05:17:51.373960,2024-01-26 05:31:53.373960,approve,842000
PI-000641,purchase_requisition,PI-000641|A01,n_submit,Submit Purchase Requisition,userTask,1,TK-0002730,EMP-0037,采购申请人,2024-01-26 04:09:42.768310,2024-01-26 04:46:07.768310,approve,2185000
PI-000641,purchase_requisition,PI-000641|A02,n_mgr_appr,Approve Requisition by Manager,userTask,2,TK-0002732,EMP-0043,部门经理,2024-01-26 04:50:34.027972,2024-01-26 05:24:13.027972,approve,2019000
PI-000641,purchase_requisition,PI-000641|A02,n_mgr_appr,Approve Requisition by Manager,userTask,2,TK-0002731,EMP-0047,部门经理,2024-01-26 05:06:25.175845,2024-01-26 07:53:38.175845,approve,10033000
PI-000641,purchase_requisition,PI-000641|A03,n_convert,Convert to Purchase Order,serviceTask,3,TK-0002733,EMP-0053,采购专员,2024-01-26 10:43:06.939572,2024-01-26 10:59:00.939572,approve,954000
PI-000642,purchase_order,PI-000642|A01,n_create_po,Create Purchase Order,serviceTask,1,TK-0002734,EMP-0058,采购专员,2024-01-26 19:01:23.560299,2024-01-26 19:13:27.560299,approve,724000
PI-000642,purchase_order,PI-000642|A02,n_send_po,Send Order to Supplier,serviceTask,2,TK-0002735,EMP-0058,采购专员,2024-01-26 20:25:07.783997,2024-01-26 20:27:19.783997,approve,132000
PI-000643,goods_receipt,PI-000643|A01,n_post_gr,Post Goods Receipt,serviceTask,1,TK-0002736,EMP-0064,仓储专员,2024-01-27 11:29:54.767082,2024-01-27 11:40:40.767082,approve,646000
PI-000643,goods_receipt,PI-000643|A02,n_inspect,Quality Inspection,userTask,2,TK-0002737,EMP-0074,质检员,2024-01-27 13:21:36.125143,2024-01-27 13:47:03.125143,approve,1527000
PI-000643,goods_receipt,PI-000643|A03,n_putaway,Putaway to Warehouse,serviceTask,3,TK-0002738,EMP-0064,仓储专员,2024-01-27 16:10:13.751790,2024-01-27 18:07:33.751790,approve,7040000
PI-000644,invoice_verification,PI-000644|A01,n_enter_inv,Enter Incoming Invoice,userTask,1,TK-0002739,EMP-0081,财务专员,2024-01-30 16:31:01.541124,2024-01-30 16:53:57.541124,approve,1376000
PI-000644,invoice_verification,PI-000644|A02,n_match,Three-Way Match,serviceTask,2,TK-0002740,EMP-0081,财务专员,2024-01-30 17:01:51.779114,2024-01-30 17:06:11.779114,approve,260000
PI-000644,invoice_verification,PI-000644|A03,n_appr_inv,Approve Invoice,userTask,3,TK-0002742,EMP-0084,应付会计,2024-01-30 17:19:11.585007,2024-01-30 18:29:55.585007,approve,4244000
PI-000644,invoice_verification,PI-000644|A03,n_appr_inv,Approve Invoice,userTask,3,TK-0002741,EMP-0087,应付会计,2024-01-30 17:22:11.734073,2024-01-30 17:45:30.734073,approve,1399000
PI-000644,invoice_verification,PI-000644|A04,n_pay,Post Payment,serviceTask,4,TK-0002743,EMP-0089,出纳,2024-01-30 18:37:14.378759,2024-01-30 18:43:11.378759,approve,357000
PI-000644,invoice_verification,PI-000644|A05,n_clear,Clear Invoice,serviceTask,5,TK-0002744,EMP-0086,应付会计,2024-01-30 22:26:43.620838,2024-01-30 22:28:41.620838,approve,118000
PI-000645,purchase_requisition,PI-000645|A01,n_submit,Submit Purchase Requisition,userTask,1,TK-0002745,EMP-0020,采购申请人,2024-01-26 08:48:47.727155,2024-01-26 09:36:01.727155,approve,2834000
PI-000645,purchase_requisition,PI-000645|A02,n_mgr_appr,Approve Requisition by Manager,userTask,2,TK-0002747,EMP-0042,部门经理,2024-01-26 10:13:34.610652,2024-01-26 11:06:58.610652,approve,3204000
PI-000645,purchase_requisition,PI-000645|A02,n_mgr_appr,Approve Requisition by Manager,userTask,2,TK-0002748,EMP-0048,部门经理,2024-01-26 10:16:58.066295,2024-01-26 10:40:16.066295,approve,1398000
PI-000645,purchase_requisition,PI-000645|A02,n_mgr_appr,Approve Requisition by Manager,userTask,2,TK-0002746,EMP-0046,部门经理,2024-01-26 11:18:02.680934,2024-01-26 12:15:50.680934,approve,3468000
PI-000645,purchase_requisition,PI-000645|A03,n_convert,Convert to Purchase Order,serviceTask,3,TK-0002749,EMP-0056,采购专员,2024-01-26 15:54:21.809970,2024-01-26 16:06:26.809970,approve,725000
PI-000646,purchase_order,PI-000646|A01,n_create_po,Create Purchase Order,serviceTask,1,TK-0002750,EMP-0053,采购专员,2024-01-27 18:28:17.837774,2024-01-27 18:31:56.837774,approve,219000
PI-000646,purchase_order,PI-000646|A02,n_send_po,Send Order to Supplier,serviceTask,2,TK-0002751,EMP-0060,采购专员,2024-01-27 22:13:25.997289,2024-01-27 22:26:05.997289,approve,760000
PI-000647,goods_receipt,PI-000647|A01,n_post_gr,Post Goods Receipt,serviceTask,1,TK-0002752,EMP-0069,仓储专员,2024-01-28 20:09:00.418773,2024-01-28 20:11:09.418773,approve,129000
PI-000647,goods_receipt,PI-000647|A02,n_inspect,Quality Inspection,userTask,2,TK-0002753,EMP-0073,质检员,2024-01-28 20:52:05.805060,2024-01-28 22:26:53.805060,approve,5688000
PI-000647,goods_receipt,PI-000647|A03,n_putaway,Putaway to Warehouse,serviceTask,3,TK-0002754,EMP-0065,仓储专员,2024-01-29 01:38:48.982993,2024-01-29 02:00:46.982993,approve,1318000
PI-000648,invoice_verification,PI-000648|A01,n_enter_inv,Enter Incoming Invoice,userTask,1,TK-0002755,EMP-0080,财务专员,2024-02-01 13:35:54.304429,2024-02-01 14:00:32.304429,approve,1478000
PI-000648,invoice_verification,PI-000648|A02,n_match,Three-Way Match,serviceTask,2,TK-0002756,EMP-0080,财务专员,2024-02-01 14:20:08.053658,2024-02-01 14:25:29.053658,approve,321000
PI-000648,invoice_verification,PI-000648|A03,n_appr_inv,Approve Invoice,userTask,3,TK-0002758,EMP-0085,应付会计,2024-02-01 15:09:22.426228,2024-02-01 16:11:59.426228,approve,3757000
PI-000648,invoice_verification,PI-000648|A03,n_appr_inv,Approve Invoice,userTask,3,TK-0002757,EMP-0084,应付会计,2024-02-01 16:06:19.002966,2024-02-01 17:47:28.002966,approve,6069000
PI-000648,invoice_verification,PI-000648|A04,n_pay,Post Payment,serviceTask,4,TK-0002759,EMP-0089,出纳,2024-02-01 18:01:56.441365,2024-02-01 18:10:51.441365,approve,535000
PI-000648,invoice_verification,PI-000648|A05,n_clear,Clear Invoice,serviceTask,5,TK-0002760,EMP-0085,应付会计,2024-02-01 19:20:29.810958,2024-02-01 19:25:42.810958,approve,313000
PI-000649,purchase_requisition,PI-000649|A01,n_submit,Submit Purchase Requisition,userTask,1,TK-0002761,EMP-0028,采购申请人,2024-01-26 11:41:28.789150,2024-01-26 12:21:55.789150,approve,2427000
PI-000649,purchase_requisition,PI-000649|A02,n_convert,Convert to Purchase Order,serviceTask,2,TK-0002762,EMP-0052,采购专员,2024-01-26 15:09:30.567050,2024-01-26 15:18:59.567050,approve,569000
PI-000650,purchase_order,PI-000650|A01,n_create_po,Create Purchase Order,serviceTask,1,TK-0002763,EMP-0059,采购专员,2024-01-27 12:58:53.791958,2024-01-27 13:14:58.791958,approve,965000
PI-000650,purchase_order,PI-000650|A02,n_dir_appr,Approve Purchase Order by Director,userTask,2,TK-0002764,EMP-0049,采购总监,2024-01-27 15:42:09.553475,2024-01-27 17:13:37.553475,approve,5488000
PI-000650,purchase_order,PI-000650|A03,n_send_po,Send Order to Supplier,serviceTask,3,TK-0002765,EMP-0053,采购专员,2024-01-27 18:34:03.102808,2024-01-27 18:42:40.102808,approve,517000
PI-000651,goods_receipt,PI-000651|A01,n_post_gr,Post Goods Receipt,serviceTask,1,TK-0002766,EMP-0069,仓储专员,2024-01-28 08:11:57.079479,2024-01-28 08:43:53.079479,approve,1916000
PI-000651,goods_receipt,PI-000651|A02,n_inspect,Quality Inspection,userTask,2,TK-0002767,EMP-0072,质检员,2024-01-28 12:18:41.396621,2024-01-28 12:42:31.396621,approve,1430000
PI-000651,goods_receipt,PI-000651|A03,n_putaway,Putaway to Warehouse,serviceTask,3,TK-0002768,EMP-0064,仓储专员,2024-01-28 13:29:24.172725,2024-01-28 13:46:26.172725,approve,1022000
PI-000652,invoice_verification,PI-000652|A01,n_enter_inv,Enter Incoming Invoice,userTask,1,TK-0002769,EMP-0081,财务专员,2024-01-29 01:10:02.089964,2024-01-29 02:09:10.089964,approve,3548000
PI-000652,invoice_verification,PI-000652|A02,n_match,Three-Way Match,serviceTask,2,TK-0002770,EMP-0081,财务专员,2024-01-29 03:29:46.002821,2024-01-29 03:39:29.002821,reject,583000
PI-000652,invoice_verification,PI-000652|A03,n_park,Park Invoice,userTask,3,TK-0002771,EMP-0081,财务专员,2024-01-29 06:31:10.047952,2024-01-29 06:44:00.047952,approve,770000
PI-000652,invoice_verification,PI-000652|A04,n_handle_exc,Handle Invoice Exception,userTask,4,TK-0002772,EMP-0081,财务专员,2024-01-29 07:20:03.379177,2024-01-29 09:38:01.379177,approve,8278000
PI-000652,invoice_verification,PI-000652|A05,n_match,Three-Way Match,serviceTask,5,TK-0002773,EMP-0075,财务专员,2024-01-29 12:42:06.807462,2024-01-29 12:59:51.807462,approve,1065000
PI-000652,invoice_verification,PI-000652|A06,n_appr_inv,Approve Invoice,userTask,6,TK-0002774,EMP-0083,应付会计,2024-01-29 13:09:34.888737,2024-01-29 14:13:23.888737,approve,3829000
PI-000652,invoice_verification,PI-000652|A06,n_appr_inv,Approve Invoice,userTask,6,TK-0002775,EMP-0084,应付会计,2024-01-29 13:42:25.341941,2024-01-29 16:04:25.341941,approve,8520000
PI-000652,invoice_verification,PI-000652|A07,n_pay,Post Payment,serviceTask,7,TK-0002776,EMP-0088,出纳,2024-01-29 16:27:57.278768,2024-01-29 16:33:55.278768,approve,358000
PI-000652,invoice_verification,PI-000652|A08,n_clear,Clear Invoice,serviceTask,8,TK-0002777,EMP-0085,应付会计,2024-01-29 18:45:08.584226,2024-01-29 18:52:04.584226,approve,416000
PI-000653,purchase_requisition,PI-000653|A01,n_submit,Submit Purchase Requisition,userTask,1,TK-0002778,EMP-0016,采购申请人,2024-01-26 16:28:53.018879,2024-01-26 16:44:48.018879,approve,955000
PI-000653,purchase_requisition,PI-000653|A02,n_convert,Convert to Purchase Order,serviceTask,2,TK-0002779,EMP-0054,采购专员,2024-01-26 16:54:03.080275,2024-01-26 17:09:05.080275,approve,902000
PI-000654,purchase_order,PI-000654|A01,n_create_po,Create Purchase Order,serviceTask,1,TK-0002780,EMP-0053,采购专员,2024-01-27 17:03:30.527891,2024-01-27 17:09:50.527891,approve,380000
PI-000654,purchase_order,PI-000654|A02,n_dir_appr,Approve Purchase Order by Director,userTask,2,TK-0002781,EMP-0049,采购总监,2024-01-27 19:30:20.293039,2024-01-27 20:27:21.293039,approve,3421000
PI-000654,purchase_order,PI-000654|A03,n_send_po,Send Order to Supplier,serviceTask,3,TK-0002782,EMP-0054,采购专员,2024-01-27 23:57:27.485551,2024-01-28 00:00:16.485551,approve,169000
PI-000655,goods_receipt,PI-000655|A01,n_post_gr,Post Goods Receipt,serviceTask,1,TK-0002783,EMP-0063,仓储专员,2024-01-28 05:56:18.132747,2024-01-28 06:05:25.132747,approve,547000
PI-000655,goods_receipt,PI-000655|A02,n_inspect,Quality Inspection,userTask,2,TK-0002784,EMP-0073,质检员,2024-01-28 06:11:48.853751,2024-01-28 08:15:31.853751,approve,7423000
PI-000655,goods_receipt,PI-000655|A03,n_putaway,Putaway to Warehouse,serviceTask,3,TK-0002785,EMP-0062,仓储专员,2024-01-28 09:52:58.381001,2024-01-28 10:05:01.381001,approve,723000
PI-000656,invoice_verification,PI-000656|A01,n_enter_inv,Enter Incoming Invoice,userTask,1,TK-0002786,EMP-0076,财务专员,2024-02-01 05:29:21.842984,2024-02-01 05:44:08.842984,approve,887000
PI-000656,invoice_verification,PI-000656|A02,n_match,Three-Way Match,serviceTask,2,TK-0002787,EMP-0075,财务专员,2024-02-01 09:11:08.936593,2024-02-01 09:21:27.936593,approve,619000
PI-000656,invoice_verification,PI-000656|A03,n_appr_inv,Approve Invoice,userTask,3,TK-0002788,EMP-0083,应付会计,2024-02-01 10:08:25.308135,2024-02-01 10:38:20.308135,approve,1795000
PI-000656,invoice_verification,PI-000656|A03,n_appr_inv,Approve Invoice,userTask,3,TK-0002789,EMP-0084,应付会计,2024-02-01 10:18:08.733542,2024-02-01 12:00:20.733542,approve,6132000
PI-000656,invoice_verification,PI-000656|A04,n_pay,Post Payment,serviceTask,4,TK-0002790,EMP-0089,出纳,2024-02-01 12:59:41.573088,2024-02-01 13:02:51.573088,approve,190000
PI-000656,invoice_verification,PI-000656|A05,n_clear,Clear Invoice,serviceTask,5,TK-0002791,EMP-0086,应付会计,2024-02-01 13:17:38.979456,2024-02-01 13:25:52.979456,approve,494000
PI-000657,invoice_verification,PI-000657|A01,n_enter_inv,Enter Incoming Invoice,userTask,1,TK-0002792,EMP-0082,财务专员,2024-02-04 02:56:13.109451,2024-02-04 03:28:41.109451,approve,1948000
PI-000657,invoice_verification,PI-000657|A02,n_match,Three-Way Match,serviceTask,2,TK-0002793,EMP-0077,财务专员,2024-02-04 03:43:59.320383,2024-02-04 03:48:27.320383,approve,268000
PI-000657,invoice_verification,PI-000657|A03,n_appr_inv,Approve Invoice,userTask,3,TK-0002794,EMP-0084,应付会计,2024-02-04 04:07:45.374869,2024-02-04 05:43:19.374869,approve,5734000
PI-000657,invoice_verification,PI-000657|A03,n_appr_inv,Approve Invoice,userTask,3,TK-0002795,EMP-0083,应付会计,2024-02-04 04:10:37.875873,2024-02-04 04:50:25.875873,approve,2388000
PI-000657,invoice_verification,PI-000657|A04,n_pay,Post Payment,serviceTask,4,TK-0002796,EMP-0089,出纳,2024-02-04 08:47:24.830632,2024-02-04 08:57:09.830632,approve,585000
PI-000657,invoice_verification,PI-000657|A05,n_clear,Clear Invoice,serviceTask,5,TK-0002797,EMP-0087,应付会计,2024-02-04 12:08:48.078377,2024-02-04 12:13:49.078377,approve,301000
PI-000658,purchase_requisition,PI-000658|A01,n_submit,Submit Purchase Requisition,userTask,1,TK-0002798,EMP-0027,采购申请人,2024-01-26 16:40:11.530313,2024-01-26 17:02:32.530313,approve,1341000
PI-000658,purchase_requisition,PI-000658|A02,n_mgr_appr,Approve Requisition by Manager,userTask,2,TK-0002800,EMP-0047,部门经理,2024-01-26 17:25:02.082050,2024-01-26 19:58:03.082050,reject,9181000
PI-000658,purchase_requisition,PI-000658|A02,n_mgr_appr,Approve Requisition by Manager,userTask,2,TK-0002801,EMP-0044,部门经理,2024-01-26 17:25:43.307738,2024-01-26 18:41:27.307738,reject,4544000
PI-000658,purchase_requisition,PI-000658|A02,n_mgr_appr,Approve Requisition by Manager,userTask,2,TK-0002799,EMP-0043,部门经理,2024-01-26 18:51:14.933904,2024-01-26 19:43:55.933904,reject,3161000
PI-000658,purchase_requisition,PI-000658|A03,n_revise,Revise Requisition,userTask,3,TK-0002802,EMP-0027,采购申请人,2024-01-26 23:46:33.982532,2024-01-27 00:11:13.982532,approve,1480000
PI-000658,purchase_requisition,PI-000658|A04,n_submit,Submit Purchase Requisition,userTask,4,TK-0002803,EMP-0027,采购申请人,2024-01-27 00:28:54.939631,2024-01-27 00:55:50.939631,approve,1616000
PI-000658,purchase_requisition,PI-000658|A05,n_mgr_appr,Approve Requisition by Manager,userTask,5,TK-0002804,EMP-0044,部门经理,2024-01-27 01:38:23.080707,2024-01-27 02:32:59.080707,approve,3276000
PI-000658,purchase_requisition,PI-000658|A05,n_mgr_appr,Approve Requisition by Manager,userTask,5,TK-0002805,EMP-0045,部门经理,2024-01-27 01:39:00.539695,2024-01-27 02:29:09.539695,approve,3009000
PI-000658,purchase_requisition,PI-000658|A06,n_convert,Convert to Purchase Order,serviceTask,6,TK-0002806,EMP-0059,采购专员,2024-01-27 04:55:06.778093,2024-01-27 05:01:47.778093,approve,401000
PI-000659,purchase_order,PI-000659|A01,n_create_po,Create Purchase Order,serviceTask,1,TK-0002807,EMP-0057,采购专员,2024-01-27 21:25:13.360841,2024-01-27 21:39:58.360841,approve,885000
PI-000659,purchase_order,PI-000659|A02,n_dir_appr,Approve Purchase Order by Director,userTask,2,TK-0002808,EMP-0050,采购总监,2024-01-28 00:26:20.334218,2024-01-28 00:53:00.334218,approve,1600000
PI-000659,purchase_order,PI-000659|A03,n_send_po,Send Order to Supplier,serviceTask,3,TK-0002809,EMP-0053,采购专员,2024-01-28 03:05:23.392680,2024-01-28 03:12:46.392680,approve,443000
PI-000660,goods_receipt,PI-000660|A01,n_post_gr,Post Goods Receipt,serviceTask,1,TK-0002810,EMP-0065,仓储专员,2024-01-28 22:24:01.019225,2024-01-28 22:46:04.019225,approve,1323000
PI-000660,goods_receipt,PI-000660|A02,n_inspect,Quality Inspection,userTask,2,TK-0002811,EMP-0071,质检员,2024-01-29 00:06:46.475434,2024-01-29 04:16:06.475434,approve,14960000
PI-000660,goods_receipt,PI-000660|A03,n_putaway,Putaway to Warehouse,serviceTask,3,TK-0002812,EMP-0069,仓储专员,2024-01-29 05:49:28.950515,2024-01-29 07:33:27.950515,approve,6239000
PI-000661,invoice_verification,PI-000661|A01,n_enter_inv,Enter Incoming Invoice,userTask,1,TK-0002813,EMP-0078,财务专员,2024-02-01 14:36:39.160232,2024-02-01 16:05:24.160232,approve,5325000
PI-000661,invoice_verification,PI-000661|A02,n_match,Three-Way Match,serviceTask,2,TK-0002814,EMP-0077,财务专员,2024-02-01 16:15:30.004576,2024-02-01 16:17:10.004576,approve,100000
PI-000661,invoice_verification,PI-000661|A03,n_appr_inv,Approve Invoice,userTask,3,TK-0002816,EMP-0085,应付会计,2024-02-01 16:27:49.745356,2024-02-01 18:03:24.745356,approve,5735000
PI-000661,invoice_verification,PI-000661|A03,n_appr_inv,Approve Invoice,userTask,3,TK-0002815,EMP-0084,应付会计,2024-02-01 17:19:03.048321,2024-02-01 17:33:13.048321,approve,850000
PI-000661,invoice_verification,PI-000661|A04,n_pay,Post Payment,serviceTask,4,TK-0002817,EMP-0089,出纳,2024-02-01 21:30:59.194810,2024-02-01 21:40:02.194810,approve,543000
PI-000661,invoice_verification,PI-000661|A05,n_clear,Clear Invoice,serviceTask,5,TK-0002818,EMP-0086,应付会计,2024-02-01 21:58:34.058012,2024-02-01 22:11:20.058012,approve,766000
PI-000662,purchase_requisition,PI-000662|A01,n_submit,Submit Purchase Requisition,userTask,1,TK-0002819,EMP-0005,采购申请人,2024-01-26 21:32:54.556775,2024-01-26 21:53:02.556775,approve,1208000
PI-000662,purchase_requisition,PI-000662|A02,n_convert,Convert to Purchase Order,serviceTask,2,TK-0002820,EMP-0059,采购专员,2024-01-26 23:43:39.101240,2024-01-26 23:53:09.101240,approve,570000
PI-000663,purchase_order,PI-000663|A01,n_create_po,Create Purchase Order,serviceTask,1,TK-0002821,EMP-0059,采购专员,2024-01-27 07:30:10.946337,2024-01-27 07:46:19.946337,approve,969000
PI-000663,purchase_order,PI-000663|A02,n_dir_appr,Approve Purchase Order by Director,userTask,2,TK-0002822,EMP-0049,采购总监,2024-01-27 10:17:57.005883,2024-01-27 12:33:44.005883,approve,8147000
PI-000663,purchase_order,PI-000663|A03,n_send_po,Send Order to Supplier,serviceTask,3,TK-0002823,EMP-0052,采购专员,2024-01-27 15:09:12.421747,2024-01-27 15:17:25.421747,approve,493000
PI-000664,goods_receipt,PI-000664|A01,n_post_gr,Post Goods Receipt,serviceTask,1,TK-0002824,EMP-0067,仓储专员,2024-01-30 08:09:17.431951,2024-01-30 08:19:37.431951,approve,620000
PI-000664,goods_receipt,PI-000664|A02,n_inspect,Quality Inspection,userTask,2,TK-0002825,EMP-0073,质检员,2024-01-30 11:39:46.163014,2024-01-30 12:40:54.163014,approve,3668000
PI-000664,goods_receipt,PI-000664|A03,n_putaway,Putaway to Warehouse,serviceTask,3,TK-0002826,EMP-0068,仓储专员,2024-01-30 16:13:25.001320,2024-01-30 16:57:25.001320,approve,2640000
PI-000665,invoice_verification,PI-000665|A01,n_enter_inv,Enter Incoming Invoice,userTask,1,TK-0002827,EMP-0078,财务专员,2024-02-02 20:52:52.516217,2024-02-02 21:36:29.516217,approve,2617000
PI-000665,invoice_verification,PI-000665|A02,n_match,Three-Way Match,serviceTask,2,TK-0002828,EMP-0079,财务专员,2024-02-03 00:59:23.317230,2024-02-03 01:08:28.317230,approve,545000
PI-000665,invoice_verification,PI-000665|A03,n_appr_inv,Approve Invoice,userTask,3,TK-0002830,EMP-0085,应付会计,2024-02-03 01:18:45.687364,2024-02-03 01:41:38.687364,approve,1373000
PI-000665,invoice_verification,PI-000665|A03,n_appr_inv,Approve Invoice,userTask,3,TK-0002829,EMP-0083,应付会计,2024-02-03 02:47:04.003678,2024-02-03 04:29:35.003678,approve,6151000
PI-000665,invoice_verification,PI-000665|A04,n_pay,Post Payment,serviceTask,4,TK-0002831,EMP-0088,出纳,2024-02-03 05:05:33.215508,2024-02-03 05:10:52.215508,approve,319000
PI-000665,invoice_verification,PI-000665|A05,n_clear,Clear Invoice,serviceTask,5,TK-0002832,EMP-0083,应付会计,2024-02-03 05:46:35.963863,2024-02-03 05:48:59.963863,approve,144000
PI-000666,purchase_requisition,PI-000666|A01,n_submit,Submit Purchase Requisition,userTask,1,TK-0002833,EMP-0005,采购申请人,2024-01-27 08:21:02.639982,2024-01-27 08:54:33.639982,approve,2011000
PI-000666,purchase_requisition,PI-000666|A02,n_mgr_appr,Approve Requisition by Manager,userTask,2,TK-0002835,EMP-0042,部门经理,2024-01-27 09:06:34.374970,2024-01-27 12:44:11.374970,approve,13057000
PI-000666,purchase_requisition,PI-000666|A02,n_mgr_appr,Approve Requisition by Manager,userTask,2,TK-0002834,EMP-0043,部门经理,2024-01-27 10:33:28.320941,2024-01-27 11:11:02.320941,approve,2254000
PI-000666,purchase_requisition,PI-000666|A03,n_convert,Convert to Purchase Order,serviceTask,3,TK-0002836,EMP-0060,采购专员,2024-01-27 15:32:46.149339,2024-01-27 15:36:10.149339,approve,204000
PI-000667,purchase_order,PI-000667|A01,n_create_po,Create Purchase Order,serviceTask,1,TK-0002837,EMP-0056,采购专员,2024-01-28 00:12:03.814567,2024-01-28 00:27:42.814567,approve,939000
PI-000667,purchase_order,PI-000667|A02,n_dir_appr,Approve Purchase Order by Director,userTask,2,TK-0002838,EMP-0050,采购总监,2024-01-28 02:47:57.851717,2024-01-28 03:59:49.851717,approve,4312000
PI-000667,purchase_order,PI-000667|A03,n_send_po,Send Order to Supplier,serviceTask,3,TK-0002839,EMP-0060,采购专员,2024-01-28 07:53:21.629754,2024-01-28 08:05:57.629754,approve,756000
PI-000668,goods_receipt,PI-000668|A01,n_post_gr,Post Goods Receipt,serviceTask,1,TK-0002840,EMP-0065,仓储专员,2024-01-29 03:28:54.682138,2024-01-29 03:39:56.682138,approve,662000
PI-000668,goods_receipt,PI-000668|A02,n_inspect,Quality Inspection,userTask,2,TK-0002841,EMP-0074,质检员,2024-01-29 03:58:53.573175,2024-01-29 05:37:21.573175,reject,5908000
PI-000668,goods_receipt,PI-000668|A03,n_return,Return to Supplier,serviceTask,3,TK-0002842,EMP-0063,仓储专员,2024-01-29 07:20:45.167916,2024-01-29 07:47:55.167916,approve,1630000
PI-000669,invoice_verification,PI-000669|A01,n_enter_inv,Enter Incoming Invoice,userTask,1,TK-0002843,EMP-0081,财务专员,2024-01-31 03:29:17.211574,2024-01-31 04:09:19.211574,approve,2402000
PI-000669,invoice_verification,PI-000669|A02,n_match,Three-Way Match,serviceTask,2,TK-0002844,EMP-0077,财务专员,2024-01-31 05:14:11.407949,2024-01-31 05:21:32.407949,reject,441000
PI-000669,invoice_verification,PI-000669|A03,n_park,Park Invoice,userTask,3,TK-0002845,EMP-0080,财务专员,2024-01-31 07:28:58.783136,2024-01-31 08:05:30.783136,approve,2192000
PI-000669,invoice_verification,PI-000669|A04,n_handle_exc,Handle Invoice Exception,userTask,4,TK-0002846,EMP-0076,财务专员,2024-01-31 09:47:58.380018,2024-01-31 10:34:08.380018,approve,2770000
PI-000669,invoice_verification,PI-000669|A05,n_match,Three-Way Match,serviceTask,5,TK-0002847,EMP-0079,财务专员,2024-01-31 11:40:14.550707,2024-01-31 11:57:49.550707,approve,1055000
PI-000669,invoice_verification,PI-000669|A06,n_appr_inv,Approve Invoice,userTask,6,TK-0002849,EMP-0087,应付会计,2024-01-31 12:23:30.118926,2024-01-31 13:46:37.118926,approve,4987000
PI-000669,invoice_verification,PI-000669|A06,n_appr_inv,Approve Invoice,userTask,6,TK-0002848,EMP-0084,应付会计,2024-01-31 13:03:41.608017,2024-01-31 13:16:27.608017,approve,766000
PI-000669,invoice_verification,PI-000669|A07,n_pay,Post Payment,serviceTask,7,TK-0002850,EMP-0090,出纳,2024-01-31 16:22:43.246251,2024-01-31 16:51:14.246251,approve,1711000
PI-000669,invoice_verification,PI-000669|A08,n_clear,Clear Invoice,serviceTask,8,TK-0002851,EMP-0087,应付会计,2024-01-31 17:48:43.323827,2024-01-31 17:53:13.323827,approve,270000
PI-000670,purchase_requisition,PI-000670|A01,n_submit,Submit Purchase Requisition,userTask,1,TK-0002852,EMP-0038,采购申请人,2024-01-27 11:36:32.088568,2024-01-27 11:58:45.088568,approve,1333000
PI-000670,purchase_requisition,PI-000670|A02,n_mgr_appr,Approve Requisition by Manager,userTask,2,TK-0002855,EMP-0045,部门经理,2024-01-27 12:03:12.074580,2024-01-27 12:17:25.074580,approve,853000
PI-000670,purchase_requisition,PI-000670|A02,n_mgr_appr,Approve Requisition by Manager,userTask,2,TK-0002854,EMP-0042,部门经理,2024-01-27 12:16:25.738833,2024-01-27 12:41:53.738833,approve,1528000
PI-000670,purchase_requisition,PI-000670|A02,n_mgr_appr,Approve Requisition by Manager,userTask,2,TK-0002853,EMP-0046,部门经理,2024-01-27 12:34:39.299096,2024-01-27 13:08:33.299096,approve,2034000
PI-000670,purchase_requisition,PI-000670|A03,n_convert,Convert to Purchase Order,serviceTask,3,TK-0002856,EMP-0056,采购专员,2024-01-27 17:05:42.084517,2024-01-27 17:11:13.084517,approve,331000
PI-000671,purchase_order,PI-000671|A01,n_create_po,Create Purchase Order,serviceTask,1,TK-0002857,EMP-0054,采购专员,2024-01-28 11:06:12.422760,2024-01-28 11:19:48.422760,approve,816000
PI-000671,purchase_order,PI-000671|A02,n_send_po,Send Order to Supplier,serviceTask,2,TK-0002858,EMP-0052,采购专员,2024-01-28 14:33:08.596736,2024-01-28 14:45:05.596736,approve,717000
PI-000672,goods_receipt,PI-000672|A01,n_post_gr,Post Goods Receipt,serviceTask,1,TK-0002859,EMP-0069,仓储专员,2024-01-30 12:19:13.747352,2024-01-30 12:28:42.747352,approve,569000
PI-000672,goods_receipt,PI-000672|A02,n_inspect,Quality Inspection,userTask,2,TK-0002860,EMP-0073,质检员,2024-01-30 14:24:26.173692,2024-01-30 15:12:49.173692,approve,2903000
PI-000672,goods_receipt,PI-000672|A03,n_putaway,Putaway to Warehouse,serviceTask,3,TK-0002861,EMP-0063,仓储专员,2024-01-30 17:52:03.088619,2024-01-30 18:59:11.088619,approve,4028000
PI-000673,invoice_verification,PI-000673|A01,n_enter_inv,Enter Incoming Invoice,userTask,1,TK-0002862,EMP-0081,财务专员,2024-01-31 16:46:36.739100,2024-01-31 17:28:08.739100,approve,2492000
PI-000673,invoice_verification,PI-000673|A02,n_match,Three-Way Match,serviceTask,2,TK-0002863,EMP-0078,财务专员,2024-01-31 18:12:41.984391,2024-01-31 18:27:31.984391,reject,890000
PI-000673,invoice_verification,PI-000673|A03,n_park,Park Invoice,userTask,3,TK-0002864,EMP-0079,财务专员,2024-01-31 19:11:29.007919,2024-01-31 19:28:06.007919,approve,997000
PI-000673,invoice_verification,PI-000673|A04,n_handle_exc,Handle Invoice Exception,userTask,4,TK-0002865,EMP-0078,财务专员,2024-01-31 19:56:17.071352,2024-01-31 20:18:20.071352,approve,1323000
PI-000673,invoice_verification,PI-000673|A05,n_match,Three-Way Match,serviceTask,5,TK-0002866,EMP-0076,财务专员,2024-01-31 21:50:38.650929,2024-01-31 21:58:03.650929,approve,445000
PI-000673,invoice_verification,PI-000673|A06,n_appr_inv,Approve Invoice,userTask,6,TK-0002868,EMP-0087,应付会计,2024-01-31 22:48:32.845870,2024-01-31 23:16:17.845870,approve,1665000
PI-000673,invoice_verification,PI-000673|A06,n_appr_inv,Approve Invoice,userTask,6,TK-0002867,EMP-0085,应付会计,2024-01-31 23:07:49.223260,2024-01-31 23:47:37.223260,approve,2388000
PI-000673,invoice_verification,PI-000673|A07,n_pay,Post Payment,serviceTask,7,TK-0002869,EMP-0090,出纳,2024-02-01 01:43:57.199582,2024-02-01 01:54:35.199582,approve,638000
PI-000673,invoice_verification,PI-000673|A08,n_clear,Clear Invoice,serviceTask,8,TK-0002870,EMP-0084,应付会计,2024-02-01 05:27:18.238473,2024-02-01 05:29:28.238473,approve,130000
PI-000674,purchase_requisition,PI-000674|A01,n_submit,Submit Purchase Requisition,userTask,1,TK-0002871,EMP-0028,采购申请人,2024-01-27 13:27:21.063606,2024-01-27 13:48:01.063606,approve,1240000
PI-000674,purchase_requisition,PI-000674|A02,n_mgr_appr,Approve Requisition by Manager,userTask,2,TK-0002873,EMP-0041,部门经理,2024-01-27 14:01:45.850768,2024-01-27 22:01:45.850768,approve,28800000
PI-000674,purchase_requisition,PI-000674|A02,n_mgr_appr,Approve Requisition by Manager,userTask,2,TK-0002874,EMP-0046,部门经理,2024-01-27 14:40:58.339950,2024-01-27 15:50:10.339950,approve,4152000
PI-000674,purchase_requisition,PI-000674|A02,n_mgr_appr,Approve Requisition by Manager,userTask,2,TK-0002872,EMP-0045,部门经理,2024-01-27 15:23:59.389200,2024-01-27 16:16:12.389200,approve,3133000
PI-000674,purchase_requisition,PI-000674|A03,n_convert,Convert to Purchase Order,serviceTask,3,TK-0002875,EMP-0055,采购专员,2024-01-27 23:55:30.892381,2024-01-27 23:58:21.892381,approve,171000
PI-000675,purchase_order,PI-000675|A01,n_create_po,Create Purchase Order,serviceTask,1,TK-0002876,EMP-0060,采购专员,2024-01-28 15:29:01.151782,2024-01-28 15:40:59.151782,approve,718000
PI-000675,purchase_order,PI-000675|A02,n_send_po,Send Order to Supplier,serviceTask,2,TK-0002877,EMP-0059,采购专员,2024-01-28 17:19:39.322665,2024-01-28 17:21:25.322665,approve,106000
PI-000676,goods_receipt,PI-000676|A01,n_post_gr,Post Goods Receipt,serviceTask,1,TK-0002878,EMP-0068,仓储专员,2024-01-29 05:44:34.346655,2024-01-29 06:02:05.346655,approve,1051000
PI-000676,goods_receipt,PI-000676|A02,n_inspect,Quality Inspection,userTask,2,TK-0002879,EMP-0070,质检员,2024-01-29 08:39:34.216329,2024-01-29 09:17:45.216329,approve,2291000
PI-000676,goods_receipt,PI-000676|A03,n_putaway,Putaway to Warehouse,serviceTask,3,TK-0002880,EMP-0062,仓储专员,2024-01-29 12:47:55.592659,2024-01-29 12:55:58.592659,approve,483000
PI-000677,goods_receipt,PI-000677|A01,n_post_gr,Post Goods Receipt,serviceTask,1,TK-0002881,EMP-0065,仓储专员,2024-01-30 19:01:36.437805,2024-01-30 19:34:05.437805,approve,1949000
PI-000677,goods_receipt,PI-000677|A02,n_inspect,Quality Inspection,userTask,2,TK-0002882,EMP-0072,质检员,2024-01-30 22:01:50.792190,2024-01-30 22:44:18.792190,approve,2548000
PI-000677,goods_receipt,PI-000677|A03,n_putaway,Putaway to Warehouse,serviceTask,3,TK-0002883,EMP-0069,仓储专员,2024-01-31 00:06:22.233398,2024-01-31 00:37:03.233398,approve,1841000
PI-000678,invoice_verification,PI-000678|A01,n_enter_inv,Enter Incoming Invoice,userTask,1,TK-0002884,EMP-0082,财务专员,2024-02-04 21:47:05.781270,2024-02-04 22:11:34.781270,approve,1469000
PI-000678,invoice_verification,PI-000678|A02,n_match,Three-Way Match,serviceTask,2,TK-0002885,EMP-0078,财务专员,2024-02-04 22:40:06.896886,2024-02-04 22:44:40.896886,reject,274000
PI-000678,invoice_verification,PI-000678|A03,n_park,Park Invoice,userTask,3,TK-0002886,EMP-0082,财务专员,2024-02-05 01:28:34.176873,2024-02-05 01:36:24.176873,approve,470000
PI-000678,invoice_verification,PI-000678|A04,n_handle_exc,Handle Invoice Exception,userTask,4,TK-0002887,EMP-0078,财务专员,2024-02-05 03:42:47.930747,2024-02-05 05:08:05.930747,approve,5118000
PI-000678,invoice_verification,PI-000678|A05,n_match,Three-Way Match,serviceTask,5,TK-0002888,EMP-0078,财务专员,2024-02-05 05:37:41.786612,2024-02-05 05:52:23.786612,approve,882000
PI-000678,invoice_verification,PI-000678|A06,n_appr_inv,Approve Invoice,userTask,6,TK-0002889,EMP-0083,应付会计,2024-02-05 06:43:27.901406,2024-02-05 07:47:50.901406,approve,3863000
PI-000678,invoice_verification,PI-000678|A06,n_appr_inv,Approve Invoice,userTask,6,TK-0002890,EMP-0084,应付会计,2024-02-05 06:48:35.477137,2024-02-05 07:40:49.477137,approve,3134000
PI-000678,invoice_verification,PI-000678|A07,n_pay,Post Payment,serviceTask,7,TK-0002891,EMP-0090,出纳,2024-02-05 09:35:45.440664,2024-02-05 10:14:28.440664,approve,2323000
PI-000678,invoice_verification,PI-000678|A08,n_clear,Clear Invoice,serviceTask,8,TK-0002892,EMP-0084,应付会计,2024-02-05 11:14:01.343444,2024-02-05 11:21:37.343444,approve,456000
PI-000679,purchase_requisition,PI-000679|A01,n_submit,Submit Purchase Requisition,userTask,1,TK-0002893,EMP-0031,采购申请人,2024-01-27 14:44:58.292801,2024-01-27 16:07:14.292801,approve,4936000
PI-000679,purchase_requisition,PI-000679|A02,n_mgr_appr,Approve Requisition by Manager,userTask,2,TK-0002895,EMP-0042,部门经理,2024-01-27 16:47:37.722796,2024-01-27 18:46:48.722796,reject,7151000
PI-000679,purchase_requisition,PI-000679|A02,n_mgr_appr,Approve Requisition by Manager,userTask,2,TK-0002894,EMP-0044,部门经理,2024-01-27 16:48:57.449020,2024-01-27 17:19:31.449020,reject,1834000
PI-000679,purchase_requisition,PI-000679|A02,n_mgr_appr,Approve Requisition by Manager,userTask,2,TK-0002896,EMP-0045,部门经理,2024-01-27 17:04:02.556243,2024-01-27 17:38:43.556243,reject,2081000
PI-000679,purchase_requisition,PI-000679|A03,n_cancel,Cancel Requisition,serviceTask,3,TK-0002897,EMP-0054,采购专员,2024-01-27 21:27:30.626819,2024-01-27 21:35:18.626819,approve,468000
PI-000680,purchase_requisition,PI-000680|A01,n_submit,Submit Purchase Requisition,userTask,1,TK-0002898,EMP-0014,采购申请人,2024-01-27 21:33:26.968524,2024-01-27 21:48:03.968524,approve,877000
PI-000680,purchase_requisition,PI-000680|A02,n_mgr_appr,Approve Requisition by Manager,userTask,2,TK-0002900,EMP-0048,部门经理,2024-01-27 21:54:03.993065,2024-01-27 22:23:43.993065,approve,1780000
PI-000680,purchase_requisition,PI-000680|A02,n_mgr_appr,Approve Requisition by Manager,userTask,2,TK-0002899,EMP-0043,部门经理,2024-01-27 22:03:28.213145,2024-01-28 03:05:09.213145,approve,18101000
PI-000680,purchase_requisition,PI-000680|A03,n_convert,Convert to Purchase Order,serviceTask,3,TK-0002901,EMP-0058,采购专员,2024-01-28 03:15:47.133627,2024-01-28 03:25:17.133627,approve,570000
PI-000681,purchase_order,PI-000681|A01,n_create_po,Create Purchase Order,serviceTask,1,TK-0002902,EMP-0059,采购专员,2024-01-28 20:20:07.721126,2024-01-28 20:29:19.721126,approve,552000
PI-000681,purchase_order,PI-000681|A02,n_dir_appr,Approve Purchase Order by Director,userTask,2,TK-0002903,EMP-0049,采购总监,2024-01-28 23:06:01.700206,2024-01-29 00:10:40.700206,approve,3879000
PI-000681,purchase_order,PI-000681|A03,n_send_po,Send Order to Supplier,serviceTask,3,TK-0002904,EMP-0052,采购专员,2024-01-29 03:01:24.491139,2024-01-29 03:03:57.491139,approve,153000
PI-000682,goods_receipt,PI-000682|A01,n_post_gr,Post Goods Receipt,serviceTask,1,TK-0002905,EMP-0065,仓储专员,2024-01-29 17:43:44.391431,2024-01-29 18:07:59.391431,approve,1455000
PI-000682,goods_receipt,PI-000682|A02,n_inspect,Quality Inspection,userTask,2,TK-0002906,EMP-0071,质检员,2024-01-29 18:40:23.099763,2024-01-29 20:20:49.099763,approve,6026000
PI-000682,goods_receipt,PI-000682|A03,n_putaway,Putaway to Warehouse,serviceTask,3,TK-0002907,EMP-0068,仓储专员,2024-01-30 00:18:27.362048,2024-01-30 00:21:50.362048,approve,203000
PI-000683,invoice_verification,PI-000683|A01,n_enter_inv,Enter Incoming Invoice,userTask,1,TK-0002908,EMP-0075,财务专员,2024-02-03 15:08:42.791722,2024-02-03 15:49:07.791722,approve,2425000
PI-000683,invoice_verification,PI-000683|A02,n_match,Three-Way Match,serviceTask,2,TK-0002909,EMP-0079,财务专员,2024-02-03 18:18:21.223401,2024-02-03 18:26:49.223401,approve,508000
PI-000683,invoice_verification,PI-000683|A03,n_appr_inv,Approve Invoice,userTask,3,TK-0002911,EMP-0084,应付会计,2024-02-03 18:29:45.409398,2024-02-03 19:17:00.409398,approve,2835000
PI-000683,invoice_verification,PI-000683|A03,n_appr_inv,Approve Invoice,userTask,3,TK-0002910,EMP-0087,应付会计,2024-02-03 20:14:17.836072,2024-02-03 21:02:28.836072,approve,2891000
PI-000683,invoice_verification,PI-000683|A04,n_pay,Post Payment,serviceTask,4,TK-0002912,EMP-0088,出纳,2024-02-03 23:36:51.708395,2024-02-03 23:44:29.708395,approve,458000
PI-000683,invoice_verification,PI-000683|A05,n_clear,Clear Invoice,serviceTask,5,TK-0002913,EMP-0083,应付会计,2024-02-04 02:14:26.326133,2024-02-04 02:15:42.326133,approve,76000
PI-000684,purchase_requisition,PI-000684|A01,n_submit,Submit Purchase Requisition,userTask,1,TK-0002914,EMP-0026,采购申请人,2024-01-28 03:52:00.073451,2024-01-28 04:13:23.073451,approve,1283000
PI-000684,purchase_requisition,PI-000684|A02,n_mgr_appr,Approve Requisition by Manager,userTask,2,TK-0002917,EMP-0045,部门经理,2024-01-28 04:36:02.005733,2024-01-28 06:57:39.005733,approve,8497000
PI-000684,purchase_requisition,PI-000684|A02,n_mgr_appr,Approve Requisition by Manager,userTask,2,TK-0002916,EMP-0041,部门经理,2024-01-28 04:52:40.177033,2024-01-28 08:30:44.177033,approve,13084000
PI-000684,purchase_requisition,PI-000684|A02,n_mgr_appr,Approve Requisition by Manager,userTask,2,TK-0002915,EMP-0044,部门经理,2024-01-28 05:25:36.513428,2024-01-28 08:32:17.513428,approve,11201000
PI-000684,purchase_requisition,PI-000684|A03,n_convert,Convert to Purchase Order,serviceTask,3,TK-0002918,EMP-0056,采购专员,2024-01-28 11:48:05.202023,2024-01-28 11:55:50.202023,approve,465000
PI-000685,purchase_order,PI-000685|A01,n_create_po,Create Purchase Order,serviceTask,1,TK-0002919,EMP-0056,采购专员,2024-01-29 11:06:46.475407,2024-01-29 11:36:33.475407,approve,1787000
PI-000685,purchase_order,PI-000685|A02,n_dir_appr,Approve Purchase Order by Director,userTask,2,TK-0002920,EMP-0051,采购总监,2024-01-29 12:35:18.058232,2024-01-29 13:35:18.058232,approve,3600000
PI-000685,purchase_order,PI-000685|A03,n_send_po,Send Order to Supplier,serviceTask,3,TK-0002921,EMP-0058,采购专员,2024-01-29 16:32:08.190757,2024-01-29 16:39:24.190757,approve,436000
PI-000686,goods_receipt,PI-000686|A01,n_post_gr,Post Goods Receipt,serviceTask,1,TK-0002922,EMP-0069,仓储专员,2024-01-30 04:48:43.643316,2024-01-30 04:58:16.643316,approve,573000
PI-000686,goods_receipt,PI-000686|A02,n_inspect,Quality Inspection,userTask,2,TK-0002923,EMP-0070,质检员,2024-01-30 06:11:18.779865,2024-01-30 07:03:02.779865,approve,3104000
PI-000686,goods_receipt,PI-000686|A03,n_putaway,Putaway to Warehouse,serviceTask,3,TK-0002924,EMP-0068,仓储专员,2024-01-30 07:30:18.875864,2024-01-30 07:39:11.875864,approve,533000
PI-000687,invoice_verification,PI-000687|A01,n_enter_inv,Enter Incoming Invoice,userTask,1,TK-0002925,EMP-0078,财务专员,2024-02-02 23:57:02.280079,2024-02-03 00:14:02.280079,approve,1020000
PI-000687,invoice_verification,PI-000687|A02,n_match,Three-Way Match,serviceTask,2,TK-0002926,EMP-0078,财务专员,2024-02-03 02:00:49.471694,2024-02-03 02:09:13.471694,reject,504000
PI-000687,invoice_verification,PI-000687|A03,n_park,Park Invoice,userTask,3,TK-0002927,EMP-0082,财务专员,2024-02-03 05:21:51.360220,2024-02-03 05:29:43.360220,approve,472000
PI-000687,invoice_verification,PI-000687|A04,n_handle_exc,Handle Invoice Exception,userTask,4,TK-0002928,EMP-0081,财务专员,2024-02-03 08:02:58.511710,2024-02-03 08:47:00.511710,approve,2642000
PI-000687,invoice_verification,PI-000687|A05,n_match,Three-Way Match,serviceTask,5,TK-0002929,EMP-0075,财务专员,2024-02-03 10:27:32.812432,2024-02-03 10:38:56.812432,approve,684000
PI-000687,invoice_verification,PI-000687|A06,n_appr_inv,Approve Invoice,userTask,6,TK-0002931,EMP-0083,应付会计,2024-02-03 10:52:19.504679,2024-02-03 11:36:36.504679,approve,2657000
PI-000687,invoice_verification,PI-000687|A06,n_appr_inv,Approve Invoice,userTask,6,TK-0002930,EMP-0084,应付会计,2024-02-03 11:26:45.597751,2024-02-03 11:45:43.597751,approve,1138000
PI-000687,invoice_verification,PI-000687|A07,n_pay,Post Payment,serviceTask,7,TK-0002932,EMP-0088,出纳,2024-02-03 15:36:04.618388,2024-02-03 15:46:40.618388,approve,636000
PI-000687,invoice_verification,PI-000687|A08,n_clear,Clear Invoice,serviceTask,8,TK-0002933,EMP-0085,应付会计,2024-02-03 19:25:30.964349,2024-02-03 19:28:02.964349,approve,152000
PI-000688,purchase_requisition,PI-000688|A01,n_submit,Submit Purchase Requisition,userTask,1,TK-0002934,EMP-0007,采购申请人,2024-01-28 04:14:36.990974,2024-01-28 04:25:41.990974,approve,665000
PI-000688,purchase_requisition,PI-000688|A02,n_mgr_appr,Approve Requisition by Manager,userTask,2,TK-0002936,EMP-0047,部门经理,2024-01-28 05:10:37.847181,2024-01-28 05:47:02.847181,approve,2185000
PI-000688,purchase_requisition,PI-000688|A02,n_mgr_appr,Approve Requisition by Manager,userTask,2,TK-0002935,EMP-0042,部门经理,2024-01-28 05:16:54.378808,2024-01-28 07:05:34.378808,approve,6520000
PI-000688,purchase_requisition,PI-000688|A03,n_convert,Convert to Purchase Order,serviceTask,3,TK-0002937,EMP-0057,采购专员,2024-01-28 08:05:07.090100,2024-01-28 08:17:25.090100,approve,738000
PI-000689,purchase_order,PI-000689|A01,n_create_po,Create Purchase Order,serviceTask,1,TK-0002938,EMP-0055,采购专员,2024-01-28 14:37:52.575966,2024-01-28 14:45:55.575966,approve,483000
PI-000689,purchase_order,PI-000689|A02,n_send_po,Send Order to Supplier,serviceTask,2,TK-0002939,EMP-0058,采购专员,2024-01-28 18:35:26.107670,2024-01-28 18:38:12.107670,approve,166000
PI-000690,goods_receipt,PI-000690|A01,n_post_gr,Post Goods Receipt,serviceTask,1,TK-0002940,EMP-0064,仓储专员,2024-01-29 22:00:31.184242,2024-01-29 22:04:00.184242,approve,209000
PI-000690,goods_receipt,PI-000690|A02,n_inspect,Quality Inspection,userTask,2,TK-0002941,EMP-0070,质检员,2024-01-29 22:49:43.187505,2024-01-29 23:43:23.187505,approve,3220000
PI-000690,goods_receipt,PI-000690|A03,n_putaway,Putaway to Warehouse,serviceTask,3,TK-0002942,EMP-0062,仓储专员,2024-01-30 02:39:51.710807,2024-01-30 03:14:53.710807,approve,2102000
PI-000691,invoice_verification,PI-000691|A01,n_enter_inv,Enter Incoming Invoice,userTask,1,TK-0002943,EMP-0078,财务专员,2024-02-02 08:55:38.327306,2024-02-02 09:27:26.327306,approve,1908000
PI-000691,invoice_verification,PI-000691|A02,n_match,Three-Way Match,serviceTask,2,TK-0002944,EMP-0078,财务专员,2024-02-02 10:56:08.907795,2024-02-02 11:17:15.907795,approve,1267000
PI-000691,invoice_verification,PI-000691|A03,n_appr_inv,Approve Invoice,userTask,3,TK-0002946,EMP-0086,应付会计,2024-02-02 12:04:56.526842,2024-02-02 14:09:40.526842,approve,7484000
PI-000691,invoice_verification,PI-000691|A03,n_appr_inv,Approve Invoice,userTask,3,TK-0002945,EMP-0085,应付会计,2024-02-02 12:50:07.718968,2024-02-02 13:32:51.718968,approve,2564000
PI-000691,invoice_verification,PI-000691|A04,n_pay,Post Payment,serviceTask,4,TK-0002947,EMP-0089,出纳,2024-02-02 15:52:33.023316,2024-02-02 15:57:25.023316,approve,292000
PI-000691,invoice_verification,PI-000691|A05,n_clear,Clear Invoice,serviceTask,5,TK-0002948,EMP-0084,应付会计,2024-02-02 17:00:58.934995,2024-02-02 17:24:59.934995,approve,1441000
PI-000692,purchase_requisition,PI-000692|A01,n_submit,Submit Purchase Requisition,userTask,1,TK-0002949,EMP-0018,采购申请人,2024-01-28 12:24:05.272133,2024-01-28 12:40:08.272133,approve,963000
PI-000692,purchase_requisition,PI-000692|A02,n_mgr_appr,Approve Requisition by Manager,userTask,2,TK-0002951,EMP-0042,部门经理,2024-01-28 12:50:52.828353,2024-01-28 13:15:05.828353,approve,1453000
PI-000692,purchase_requisition,PI-000692|A02,n_mgr_appr,Approve Requisition by Manager,userTask,2,TK-0002952,EMP-0043,部门经理,2024-01-28 12:51:13.428848,2024-01-28 13:43:12.428848,approve,3119000
PI-000692,purchase_requisition,PI-000692|A02,n_mgr_appr,Approve Requisition by Manager,userTask,2,TK-0002950,EMP-0044,部门经理,2024-01-28 13:08:25.853153,2024-01-28 13:18:44.853153,approve,619000
PI-000692,purchase_requisition,PI-000692|A03,n_convert,Convert to Purchase Order,serviceTask,3,TK-0002953,EMP-0060,采购专员,2024-01-28 17:27:02.634163,2024-01-28 17:34:40.634163,approve,458000
PI-000693,purchase_order,PI-000693|A01,n_create_po,Create Purchase Order,serviceTask,1,TK-0002954,EMP-0060,采购专员,2024-01-29 12:15:34.205532,2024-01-29 13:12:06.205532,approve,3392000
PI-000693,purchase_order,PI-000693|A02,n_dir_appr,Approve Purchase Order by Director,userTask,2,TK-0002955,EMP-0051,采购总监,2024-01-29 15:51:12.684993,2024-01-29 17:47:30.684993,approve,6978000
PI-000693,purchase_order,PI-000693|A03,n_send_po,Send Order to Supplier,serviceTask,3,TK-0002956,EMP-0055,采购专员,2024-01-29 19:43:53.856614,2024-01-29 19:47:41.856614,approve,228000
PI-000694,goods_receipt,PI-000694|A01,n_post_gr,Post Goods Receipt,serviceTask,1,TK-0002957,EMP-0062,仓储专员,2024-01-31 19:00:13.732864,2024-01-31 19:13:29.732864,approve,796000
PI-000694,goods_receipt,PI-000694|A02,n_inspect,Quality Inspection,userTask,2,TK-0002958,EMP-0073,质检员,2024-01-31 22:22:40.669097,2024-01-31 23:15:20.669097,approve,3160000
PI-000694,goods_receipt,PI-000694|A03,n_putaway,Putaway to Warehouse,serviceTask,3,TK-0002959,EMP-0067,仓储专员,2024-02-01 01:51:19.133408,2024-02-01 04:22:22.133408,approve,9063000
PI-000695,invoice_verification,PI-000695|A01,n_enter_inv,Enter Incoming Invoice,userTask,1,TK-0002960,EMP-0081,财务专员,2024-02-04 18:45:11.311909,2024-02-04 19:49:24.311909,approve,3853000
PI-000695,invoice_verification,PI-000695|A02,n_match,Three-Way Match,serviceTask,2,TK-0002961,EMP-0079,财务专员,2024-02-04 19:57:04.320961,2024-02-04 20:03:01.320961,approve,357000
PI-000695,invoice_verification,PI-000695|A03,n_appr_inv,Approve Invoice,userTask,3,TK-0002963,EMP-0086,应付会计,2024-02-04 20:31:42.693716,2024-02-04 21:36:47.693716,approve,3905000
PI-000695,invoice_verification,PI-000695|A03,n_appr_inv,Approve Invoice,userTask,3,TK-0002962,EMP-0084,应付会计,2024-02-04 21:28:48.680513,2024-02-04 22:09:49.680513,approve,2461000
PI-000695,invoice_verification,PI-000695|A04,n_pay,Post Payment,serviceTask,4,TK-0002964,EMP-0089,出纳,2024-02-05 00:55:04.865846,2024-02-05 01:08:02.865846,approve,778000
PI-000695,invoice_verification,PI-000695|A05,n_clear,Clear Invoice,serviceTask,5,TK-0002965,EMP-0083,应付会计,2024-02-05 01:20:46.212706,2024-02-05 01:23:28.212706,approve,162000
PI-000696,purchase_requisition,PI-000696|A01,n_submit,Submit Purchase Requisition,userTask,1,TK-0002966,EMP-0016,采购申请人,2024-01-28 16:34:51.728306,2024-01-28 16:47:54.728306,approve,783000
PI-000696,purchase_requisition,PI-000696|A02,n_mgr_appr,Approve Requisition by Manager,userTask,2,TK-0002968,EMP-0046,部门经理,2024-01-28 17:06:14.163325,2024-01-28 19:28:02.163325,approve,8508000
PI-000696,purchase_requisition,PI-000696|A02,n_mgr_appr,Approve Requisition by Manager,userTask,2,TK-0002969,EMP-0042,部门经理,2024-01-28 17:30:00.644871,2024-01-28 17:54:08.644871,approve,1448000
PI-000696,purchase_requisition,PI-000696|A02,n_mgr_appr,Approve Requisition by Manager,userTask,2,TK-0002967,EMP-0048,部门经理,2024-01-28 18:42:58.010775,2024-01-28 18:58:56.010775,approve,958000
PI-000696,purchase_requisition,PI-000696|A03,n_convert,Convert to Purchase Order,serviceTask,3,TK-0002970,EMP-0056,采购专员,2024-01-28 23:06:34.970326,2024-01-28 23:10:58.970326,approve,264000
PI-000697,purchase_order,PI-000697|A01,n_create_po,Create Purchase Order,serviceTask,1,TK-0002971,EMP-0054,采购专员,2024-01-29 23:12:15.580060,2024-01-29 23:16:52.580060,approve,277000
PI-000697,purchase_order,PI-000697|A02,n_send_po,Send Order to Supplier,serviceTask,2,TK-0002972,EMP-0058,采购专员,2024-01-30 02:59:26.777598,2024-01-30 03:03:19.777598,approve,233000
PI-000698,goods_receipt,PI-000698|A01,n_post_gr,Post Goods Receipt,serviceTask,1,TK-0002973,EMP-0065,仓储专员,2024-01-30 14:41:17.459273,2024-01-30 14:49:59.459273,approve,522000
PI-000698,goods_receipt,PI-000698|A02,n_inspect,Quality Inspection,userTask,2,TK-0002974,EMP-0072,质检员,2024-01-30 15:41:23.952291,2024-01-30 16:14:55.952291,reject,2012000
PI-000698,goods_receipt,PI-000698|A03,n_return,Return to Supplier,serviceTask,3,TK-0002975,EMP-0069,仓储专员,2024-01-30 19:36:42.353695,2024-01-30 20:55:59.353695,approve,4757000
PI-000699,invoice_verification,PI-000699|A01,n_enter_inv,Enter Incoming Invoice,userTask,1,TK-0002976,EMP-0082,财务专员,2024-02-03 10:53:24.343884,2024-02-03 11:11:25.343884,approve,1081000
PI-000699,invoice_verification,PI-000699|A02,n_match,Three-Way Match,serviceTask,2,TK-0002977,EMP-0076,财务专员,2024-02-03 12:24:24.871235,2024-02-03 12:31:24.871235,approve,420000
PI-000699,invoice_verification,PI-000699|A03,n_appr_inv,Approve Invoice,userTask,3,TK-0002979,EMP-0084,应付会计,2024-02-03 13:01:53.062283,2024-02-03 13:34:20.062283,approve,1947000
PI-000699,invoice_verification,PI-000699|A03,n_appr_inv,Approve Invoice,userTask,3,TK-0002978,EMP-0087,应付会计,2024-02-03 14:27:56.165653,2024-02-03 15:15:07.165653,approve,2831000
PI-000699,invoice_verification,PI-000699|A04,n_pay,Post Payment,serviceTask,4,TK-0002980,EMP-0088,出纳,2024-02-03 17:30:20.084772,2024-02-03 17:45:31.084772,approve,911000
PI-000699,invoice_verification,PI-000699|A05,n_clear,Clear Invoice,serviceTask,5,TK-0002981,EMP-0086,应付会计,2024-02-03 18:19:12.895444,2024-02-03 18:26:02.895444,approve,410000
PI-000700,purchase_requisition,PI-000700|A01,n_submit,Submit Purchase Requisition,userTask,1,TK-0002982,EMP-0023,采购申请人,2024-01-28 19:15:53.015980,2024-01-28 19:46:34.015980,approve,1841000
PI-000700,purchase_requisition,PI-000700|A02,n_mgr_appr,Approve Requisition by Manager,userTask,2,TK-0002985,EMP-0042,部门经理,2024-01-28 20:30:21.926469,2024-01-28 21:47:22.926469,approve,4621000
PI-000700,purchase_requisition,PI-000700|A02,n_mgr_appr,Approve Requisition by Manager,userTask,2,TK-0002984,EMP-0043,部门经理,2024-01-28 20:31:27.801933,2024-01-28 21:46:25.801933,approve,4498000
PI-000700,purchase_requisition,PI-000700|A02,n_mgr_appr,Approve Requisition by Manager,userTask,2,TK-0002983,EMP-0046,部门经理,2024-01-28 21:46:22.564281,2024-01-28 22:05:41.564281,approve,1159000
PI-000700,purchase_requisition,PI-000700|A03,n_convert,Convert to Purchase Order,serviceTask,3,TK-0002986,EMP-0057,采购专员,2024-01-28 23:50:47.019754,2024-01-29 00:03:40.019754,approve,773000
PI-000701,purchase_order,PI-000701|A01,n_create_po,Create Purchase Order,serviceTask,1,TK-0002987,EMP-0057,采购专员,2024-01-30 01:36:49.480806,2024-01-30 01:45:32.480806,approve,523000
PI-000701,purchase_order,PI-000701|A02,n_send_po,Send Order to Supplier,serviceTask,2,TK-0002988,EMP-0060,采购专员,2024-01-30 03:00:09.516927,2024-01-30 03:04:08.516927,approve,239000
PI-000702,goods_receipt,PI-000702|A01,n_post_gr,Post Goods Receipt,serviceTask,1,TK-0002989,EMP-0062,仓储专员,2024-01-30 08:49:50.274327,2024-01-30 09:04:41.274327,approve,891000
PI-000702,goods_receipt,PI-000702|A02,n_inspect,Quality Inspection,userTask,2,TK-0002990,EMP-0072,质检员,2024-01-30 09:35:49.639909,2024-01-30 10:05:29.639909,approve,1780000
PI-000702,goods_receipt,PI-000702|A03,n_putaway,Putaway to Warehouse,serviceTask,3,TK-0002991,EMP-0066,仓储专员,2024-01-30 10:20:01.046019,2024-01-30 11:06:18.046019,approve,2777000
PI-000703,invoice_verification,PI-000703|A01,n_enter_inv,Enter Incoming Invoice,userTask,1,TK-0002992,EMP-0081,财务专员,2024-02-02 19:20:13.531154,2024-02-02 19:32:17.531154,approve,724000
PI-000703,invoice_verification,PI-000703|A02,n_match,Three-Way Match,serviceTask,2,TK-0002993,EMP-0082,财务专员,2024-02-02 20:09:09.147170,2024-02-02 20:12:41.147170,approve,212000
PI-000703,invoice_verification,PI-000703|A03,n_appr_inv,Approve Invoice,userTask,3,TK-0002995,EMP-0085,应付会计,2024-02-02 20:22:58.179014,2024-02-02 20:52:55.179014,approve,1797000
PI-000703,invoice_verification,PI-000703|A03,n_appr_inv,Approve Invoice,userTask,3,TK-0002994,EMP-0083,应付会计,2024-02-02 21:57:45.400390,2024-02-02 23:00:13.400390,approve,3748000
PI-000703,invoice_verification,PI-000703|A04,n_pay,Post Payment,serviceTask,4,TK-0002996,EMP-0088,出纳,2024-02-03 01:11:11.705935,2024-02-03 01:20:26.705935,approve,555000
PI-000703,invoice_verification,PI-000703|A05,n_clear,Clear Invoice,serviceTask,5,TK-0002997,EMP-0085,应付会计,2024-02-03 05:20:25.630464,2024-02-03 05:27:25.630464,approve,420000
PI-000704,purchase_requisition,PI-000704|A01,n_submit,Submit Purchase Requisition,userTask,1,TK-0002998,EMP-0036,采购申请人,2024-01-28 18:46:04.722567,2024-01-28 20:04:38.722567,approve,4714000
PI-000704,purchase_requisition,PI-000704|A02,n_mgr_appr,Approve Requisition by Manager,userTask,2,TK-0003000,EMP-0043,部门经理,2024-01-28 20:40:59.051959,2024-01-28 22:44:56.051959,reject,7437000
PI-000704,purchase_requisition,PI-000704|A02,n_mgr_appr,Approve Requisition by Manager,userTask,2,TK-0003001,EMP-0048,部门经理,2024-01-28 20:43:44.379533,2024-01-28 22:59:35.379533,reject,8151000
PI-000704,purchase_requisition,PI-000704|A02,n_mgr_appr,Approve Requisition by Manager,userTask,2,TK-0002999,EMP-0044,部门经理,2024-01-28 21:56:19.477121,2024-01-28 22:15:44.477121,reject,1165000
PI-000704,purchase_requisition,PI-000704|A03,n_cancel,Cancel Requisition,serviceTask,3,TK-0003002,EMP-0061,采购专员,2024-01-29 02:02:59.688814,2024-01-29 02:18:26.688814,approve,927000
PI-000705,purchase_requisition,PI-000705|A01,n_submit,Submit Purchase Requisition,userTask,1,TK-0003003,EMP-0005,采购申请人,2024-01-28 21:49:19.118312,2024-01-28 22:39:47.118312,approve,3028000
PI-000705,purchase_requisition,PI-000705|A02,n_mgr_appr,Approve Requisition by Manager,userTask,2,TK-0003005,EMP-0043,部门经理,2024-01-28 23:24:17.136686,2024-01-29 00:48:56.136686,approve,5079000
PI-000705,purchase_requisition,PI-000705|A02,n_mgr_appr,Approve Requisition by Manager,userTask,2,TK-0003004,EMP-0045,部门经理,2024-01-28 23:38:46.882084,2024-01-29 00:27:59.882084,approve,2953000
PI-000705,purchase_requisition,PI-000705|A03,n_convert,Convert to Purchase Order,serviceTask,3,TK-0003006,EMP-0060,采购专员,2024-01-29 04:31:37.507832,2024-01-29 04:37:26.507832,approve,349000
PI-000706,purchase_order,PI-000706|A01,n_create_po,Create Purchase Order,serviceTask,1,TK-0003007,EMP-0053,采购专员,2024-01-29 18:44:30.316935,2024-01-29 19:53:15.316935,approve,4125000
PI-000706,purchase_order,PI-000706|A02,n_send_po,Send Order to Supplier,serviceTask,2,TK-0003008,EMP-0055,采购专员,2024-01-29 23:11:25.789160,2024-01-29 23:15:12.789160,approve,227000
PI-000707,goods_receipt,PI-000707|A01,n_post_gr,Post Goods Receipt,serviceTask,1,TK-0003009,EMP-0066,仓储专员,2024-02-01 10:58:03.250677,2024-02-01 11:03:35.250677,approve,332000
PI-000707,goods_receipt,PI-000707|A02,n_inspect,Quality Inspection,userTask,2,TK-0003010,EMP-0074,质检员,2024-02-01 12:49:26.277132,2024-02-01 13:15:36.277132,approve,1570000
PI-000707,goods_receipt,PI-000707|A03,n_putaway,Putaway to Warehouse,serviceTask,3,TK-0003011,EMP-0065,仓储专员,2024-02-01 14:15:29.025070,2024-02-01 15:04:24.025070,approve,2935000
PI-000708,invoice_verification,PI-000708|A01,n_enter_inv,Enter Incoming Invoice,userTask,1,TK-0003012,EMP-0078,财务专员,2024-02-04 00:19:02.365850,2024-02-04 00:46:44.365850,approve,1662000
PI-000708,invoice_verification,PI-000708|A02,n_match,Three-Way Match,serviceTask,2,TK-0003013,EMP-0080,财务专员,2024-02-04 01:43:25.688937,2024-02-04 01:47:00.688937,reject,215000
PI-000708,invoice_verification,PI-000708|A03,n_park,Park Invoice,userTask,3,TK-0003014,EMP-0077,财务专员,2024-02-04 04:22:26.772004,2024-02-04 04:58:41.772004,approve,2175000
PI-000708,invoice_verification,PI-000708|A04,n_handle_exc,Handle Invoice Exception,userTask,4,TK-0003015,EMP-0082,财务专员,2024-02-04 08:25:43.277916,2024-02-04 10:39:04.277916,approve,8001000
PI-000708,invoice_verification,PI-000708|A05,n_match,Three-Way Match,serviceTask,5,TK-0003016,EMP-0077,财务专员,2024-02-04 14:15:47.731137,2024-02-04 14:20:21.731137,approve,274000
PI-000708,invoice_verification,PI-000708|A06,n_appr_inv,Approve Invoice,userTask,6,TK-0003017,EMP-0086,应付会计,2024-02-04 15:00:45.649196,2024-02-04 16:15:28.649196,approve,4483000
PI-000708,invoice_verification,PI-000708|A06,n_appr_inv,Approve Invoice,userTask,6,TK-0003018,EMP-0084,应付会计,2024-02-04 15:17:00.924138,2024-02-04 16:00:36.924138,approve,2616000
PI-000708,invoice_verification,PI-000708|A07,n_pay,Post Payment,serviceTask,7,TK-0003019,EMP-0089,出纳,2024-02-04 18:08:14.005237,2024-02-04 18:40:52.005237,approve,1958000
PI-000708,invoice_verification,PI-000708|A08,n_clear,Clear Invoice,serviceTask,8,TK-0003020,EMP-0084,应付会计,2024-02-04 22:01:52.763821,2024-02-04 22:08:38.763821,approve,406000
PI-000709,invoice_verification,PI-000709|A01,n_enter_inv,Enter Incoming Invoice,userTask,1,TK-0003021,EMP-0078,财务专员,2024-02-07 07:32:53.349976,2024-02-07 08:06:32.349976,approve,2019000
PI-000709,invoice_verification,PI-000709|A02,n_match,Three-Way Match,serviceTask,2,TK-0003022,EMP-0076,财务专员,2024-02-07 09:27:14.785006,2024-02-07 09:37:23.785006,approve,609000
PI-000709,invoice_verification,PI-000709|A03,n_appr_inv,Approve Invoice,userTask,3,TK-0003024,EMP-0084,应付会计,2024-02-07 10:19:25.536788,2024-02-07 11:21:27.536788,approve,3722000
PI-000709,invoice_verification,PI-000709|A03,n_appr_inv,Approve Invoice,userTask,3,TK-0003023,EMP-0083,应付会计,2024-02-07 10:51:58.980981,2024-02-07 11:04:48.980981,approve,770000
PI-000709,invoice_verification,PI-000709|A04,n_pay,Post Payment,serviceTask,4,TK-0003025,EMP-0089,出纳,2024-02-07 15:10:00.563343,2024-02-07 15:34:16.563343,approve,1456000
PI-000709,invoice_verification,PI-000709|A05,n_clear,Clear Invoice,serviceTask,5,TK-0003026,EMP-0083,应付会计,2024-02-07 17:14:59.083095,2024-02-07 17:22:25.083095,approve,446000
PI-000710,purchase_requisition,PI-000710|A01,n_submit,Submit Purchase Requisition,userTask,1,TK-0003027,EMP-0016,采购申请人,2024-01-28 22:45:49.557242,2024-01-29 00:42:51.557242,approve,7022000
PI-000710,purchase_requisition,PI-000710|A02,n_mgr_appr,Approve Requisition by Manager,userTask,2,TK-0003029,EMP-0043,部门经理,2024-01-29 00:55:35.171247,2024-01-29 02:02:50.171247,approve,4035000
PI-000710,purchase_requisition,PI-000710|A02,n_mgr_appr,Approve Requisition by Manager,userTask,2,TK-0003028,EMP-0041,部门经理,2024-01-29 01:48:59.865113,2024-01-29 04:05:04.865113,approve,8165000
PI-000710,purchase_requisition,PI-000710|A03,n_convert,Convert to Purchase Order,serviceTask,3,TK-0003030,EMP-0057,采购专员,2024-01-29 06:35:32.697101,2024-01-29 06:45:17.697101,approve,585000
PI-000711,purchase_order,PI-000711|A01,n_create_po,Create Purchase Order,serviceTask,1,TK-0003031,EMP-0058,采购专员,2024-01-29 23:08:22.896298,2024-01-29 23:37:20.896298,approve,1738000
PI-000711,purchase_order,PI-000711|A02,n_send_po,Send Order to Supplier,serviceTask,2,TK-0003032,EMP-0059,采购专员,2024-01-29 23:57:23.160036,2024-01-30 00:05:11.160036,approve,468000
PI-000712,goods_receipt,PI-000712|A01,n_post_gr,Post Goods Receipt,serviceTask,1,TK-0003033,EMP-0065,仓储专员,2024-01-30 22:42:03.838541,2024-01-30 22:58:55.838541,approve,1012000
PI-000712,goods_receipt,PI-000712|A02,n_inspect,Quality Inspection,userTask,2,TK-0003034,EMP-0070,质检员,2024-01-31 00:10:52.418468,2024-01-31 00:45:24.418468,approve,2072000
PI-000712,goods_receipt,PI-000712|A03,n_putaway,Putaway to Warehouse,serviceTask,3,TK-0003035,EMP-0062,仓储专员,2024-01-31 03:54:15.854260,2024-01-31 04:09:53.854260,approve,938000
PI-000713,goods_receipt,PI-000713|A01,n_post_gr,Post Goods Receipt,serviceTask,1,TK-0003036,EMP-0068,仓储专员,2024-02-02 08:56:59.686796,2024-02-02 09:14:36.686796,approve,1057000
PI-000713,goods_receipt,PI-000713|A02,n_inspect,Quality Inspection,userTask,2,TK-0003037,EMP-0073,质检员,2024-02-02 09:35:19.927014,2024-02-02 10:39:54.927014,approve,3875000
PI-000713,goods_receipt,PI-000713|A03,n_putaway,Putaway to Warehouse,serviceTask,3,TK-0003038,EMP-0062,仓储专员,2024-02-02 12:20:30.517373,2024-02-02 12:48:50.517373,approve,1700000
PI-000714,invoice_verification,PI-000714|A01,n_enter_inv,Enter Incoming Invoice,userTask,1,TK-0003039,EMP-0080,财务专员,2024-02-05 01:17:19.204801,2024-02-05 01:23:57.204801,approve,398000
PI-000714,invoice_verification,PI-000714|A02,n_match,Three-Way Match,serviceTask,2,TK-0003040,EMP-0077,财务专员,2024-02-05 01:45:46.938511,2024-02-05 01:53:59.938511,approve,493000
PI-000714,invoice_verification,PI-000714|A03,n_appr_inv,Approve Invoice,userTask,3,TK-0003042,EMP-0087,应付会计,2024-02-05 01:57:15.014107,2024-02-05 02:43:13.014107,approve,2758000
PI-000714,invoice_verification,PI-000714|A03,n_appr_inv,Approve Invoice,userTask,3,TK-0003041,EMP-0083,应付会计,2024-02-05 02:31:53.800814,2024-02-05 02:59:08.800814,approve,1635000
PI-000714,invoice_verification,PI-000714|A04,n_pay,Post Payment,serviceTask,4,TK-0003043,EMP-0090,出纳,2024-02-05 06:00:56.815725,2024-02-05 06:16:25.815725,approve,929000
PI-000714,invoice_verification,PI-000714|A05,n_clear,Clear Invoice,serviceTask,5,TK-0003044,EMP-0083,应付会计,2024-02-05 07:10:07.040725,2024-02-05 07:13:58.040725,approve,231000
PI-000715,invoice_verification,PI-000715|A01,n_enter_inv,Enter Incoming Invoice,userTask,1,TK-0003045,EMP-0077,财务专员,2024-02-07 11:12:36.978831,2024-02-07 12:00:55.978831,approve,2899000
PI-000715,invoice_verification,PI-000715|A02,n_match,Three-Way Match,serviceTask,2,TK-0003046,EMP-0078,财务专员,2024-02-07 15:14:16.386808,2024-02-07 15:22:13.386808,approve,477000
PI-000715,invoice_verification,PI-000715|A03,n_appr_inv,Approve Invoice,userTask,3,TK-0003047,EMP-0087,应付会计,2024-02-07 15:31:57.971237,2024-02-07 15:57:39.971237,approve,1542000
PI-000715,invoice_verification,PI-000715|A03,n_appr_inv,Approve Invoice,userTask,3,TK-0003048,EMP-0084,应付会计,2024-02-07 16:14:43.764520,2024-02-07 16:39:23.764520,approve,1480000
PI-000715,invoice_verification,PI-000715|A04,n_pay,Post Payment,serviceTask,4,TK-0003049,EMP-0089,出纳,2024-02-07 18:28:59.906386,2024-02-07 18:47:49.906386,approve,1130000
PI-000715,invoice_verification,PI-000715|A05,n_clear,Clear Invoice,serviceTask,5,TK-0003050,EMP-0083,应付会计,2024-02-07 22:02:07.204599,2024-02-07 22:03:07.204599,approve,60000
PI-000716,purchase_order,PI-000716|A01,n_create_po,Create Purchase Order,serviceTask,1,TK-0003051,EMP-0061,采购专员,2024-01-29 16:33:19.986557,2024-01-29 16:45:15.986557,approve,716000
PI-000716,purchase_order,PI-000716|A02,n_dir_appr,Approve Purchase Order by Director,userTask,2,TK-0003052,EMP-0050,采购总监,2024-01-29 20:01:35.443941,2024-01-29 22:05:31.443941,approve,7436000
PI-000716,purchase_order,PI-000716|A03,n_send_po,Send Order to Supplier,serviceTask,3,TK-0003053,EMP-0058,采购专员,2024-01-30 00:37:30.631431,2024-01-30 00:41:46.631431,approve,256000
PI-000717,goods_receipt,PI-000717|A01,n_post_gr,Post Goods Receipt,serviceTask,1,TK-0003054,EMP-0068,仓储专员,2024-02-01 11:10:41.939898,2024-02-01 11:42:13.939898,approve,1892000
PI-000717,goods_receipt,PI-000717|A02,n_inspect,Quality Inspection,userTask,2,TK-0003055,EMP-0071,质检员,2024-02-01 12:47:43.288775,2024-02-01 13:01:09.288775,approve,806000
PI-000717,goods_receipt,PI-000717|A03,n_putaway,Putaway to Warehouse,serviceTask,3,TK-0003056,EMP-0067,仓储专员,2024-02-01 16:37:53.873078,2024-02-01 16:56:14.873078,approve,1101000
PI-000718,invoice_verification,PI-000718|A01,n_enter_inv,Enter Incoming Invoice,userTask,1,TK-0003057,EMP-0075,财务专员,2024-02-05 07:15:20.238739,2024-02-05 07:32:38.238739,approve,1038000
PI-000718,invoice_verification,PI-000718|A02,n_match,Three-Way Match,serviceTask,2,TK-0003058,EMP-0077,财务专员,2024-02-05 09:05:25.721077,2024-02-05 09:20:14.721077,approve,889000
PI-000718,invoice_verification,PI-000718|A03,n_appr_inv,Approve Invoice,userTask,3,TK-0003059,EMP-0084,应付会计,2024-02-05 09:36:00.610993,2024-02-05 10:17:51.610993,approve,2511000
PI-000718,invoice_verification,PI-000718|A03,n_appr_inv,Approve Invoice,userTask,3,TK-0003060,EMP-0087,应付会计,2024-02-05 10:17:09.704166,2024-02-05 10:45:49.704166,approve,1720000
PI-000718,invoice_verification,PI-000718|A04,n_pay,Post Payment,serviceTask,4,TK-0003061,EMP-0088,出纳,2024-02-05 13:33:46.862935,2024-02-05 13:42:41.862935,approve,535000
PI-000718,invoice_verification,PI-000718|A05,n_clear,Clear Invoice,serviceTask,5,TK-0003062,EMP-0086,应付会计,2024-02-05 15:21:44.697645,2024-02-05 15:23:58.697645,approve,134000
PI-000719,purchase_requisition,PI-000719|A01,n_submit,Submit Purchase Requisition,userTask,1,TK-0003063,EMP-0034,采购申请人,2024-01-29 05:25:27.328269,2024-01-29 06:03:20.328269,approve,2273000
PI-000719,purchase_requisition,PI-000719|A02,n_mgr_appr,Approve Requisition by Manager,userTask,2,TK-0003066,EMP-0044,部门经理,2024-01-29 06:45:26.183936,2024-01-29 08:02:38.183936,approve,4632000
PI-000719,purchase_requisition,PI-000719|A02,n_mgr_appr,Approve Requisition by Manager,userTask,2,TK-0003065,EMP-0042,部门经理,2024-01-29 07:00:15.876533,2024-01-29 08:12:29.876533,approve,4334000
PI-000719,purchase_requisition,PI-000719|A02,n_mgr_appr,Approve Requisition by Manager,userTask,2,TK-0003064,EMP-0045,部门经理,2024-01-29 07:42:18.365036,2024-01-29 09:06:40.365036,approve,5062000
PI-000719,purchase_requisition,PI-000719|A03,n_convert,Convert to Purchase Order,serviceTask,3,TK-0003067,EMP-0055,采购专员,2024-01-29 10:41:15.152364,2024-01-29 11:13:35.152364,approve,1940000
PI-000720,purchase_order,PI-000720|A01,n_create_po,Create Purchase Order,serviceTask,1,TK-0003068,EMP-0055,采购专员,2024-01-30 05:11:12.975705,2024-01-30 05:39:01.975705,approve,1669000
PI-000720,purchase_order,PI-000720|A02,n_send_po,Send Order to Supplier,serviceTask,2,TK-0003069,EMP-0055,采购专员,2024-01-30 07:11:58.201612,2024-01-30 07:21:48.201612,approve,590000
PI-000721,goods_receipt,PI-000721|A01,n_post_gr,Post Goods Receipt,serviceTask,1,TK-0003070,EMP-0062,仓储专员,2024-01-31 23:14:27.074810,2024-01-31 23:28:46.074810,approve,859000
PI-000721,goods_receipt,PI-000721|A02,n_inspect,Quality Inspection,userTask,2,TK-0003071,EMP-0072,质检员,2024-02-01 01:09:05.977863,2024-02-01 02:41:10.977863,approve,5525000
PI-000721,goods_receipt,PI-000721|A03,n_putaway,Putaway to Warehouse,serviceTask,3,TK-0003072,EMP-0065,仓储专员,2024-02-01 04:48:57.391509,2024-02-01 05:27:41.391509,approve,2324000
PI-000722,invoice_verification,PI-000722|A01,n_enter_inv,Enter Incoming Invoice,userTask,1,TK-0003073,EMP-0075,财务专员,2024-02-03 04:51:11.637587,2024-02-03 05:16:54.637587,approve,1543000
PI-000722,invoice_verification,PI-000722|A02,n_match,Three-Way Match,serviceTask,2,TK-0003074,EMP-0082,财务专员,2024-02-03 07:30:54.337101,2024-02-03 07:40:13.337101,reject,559000
PI-000722,invoice_verification,PI-000722|A03,n_park,Park Invoice,userTask,3,TK-0003075,EMP-0076,财务专员,2024-02-03 09:20:20.995208,2024-02-03 09:50:41.995208,approve,1821000
PI-000722,invoice_verification,PI-000722|A04,n_handle_exc,Handle Invoice Exception,userTask,4,TK-0003076,EMP-0078,财务专员,2024-02-03 11:49:22.628248,2024-02-03 11:55:47.628248,approve,385000
PI-000722,invoice_verification,PI-000722|A05,n_match,Three-Way Match,serviceTask,5,TK-0003077,EMP-0081,财务专员,2024-02-03 12:27:18.429014,2024-02-03 12:36:38.429014,approve,560000
PI-000722,invoice_verification,PI-000722|A06,n_appr_inv,Approve Invoice,userTask,6,TK-0003079,EMP-0087,应付会计,2024-02-03 12:57:14.978583,2024-02-03 13:50:50.978583,approve,3216000
PI-000722,invoice_verification,PI-000722|A06,n_appr_inv,Approve Invoice,userTask,6,TK-0003078,EMP-0084,应付会计,2024-02-03 13:29:13.809164,2024-02-03 14:17:45.809164,approve,2912000
PI-000722,invoice_verification,PI-000722|A07,n_pay,Post Payment,serviceTask,7,TK-0003080,EMP-0090,出纳,2024-02-03 16:29:27.380316,2024-02-03 16:43:51.380316,approve,864000
PI-000722,invoice_verification,PI-000722|A08,n_clear,Clear Invoice,serviceTask,8,TK-0003081,EMP-0084,应付会计,2024-02-03 18:57:01.976196,2024-02-03 19:06:36.976196,approve,575000
PI-000723,purchase_requisition,PI-000723|A01,n_submit,Submit Purchase Requisition,userTask,1,TK-0003082,EMP-0026,采购申请人,2024-01-29 09:44:25.070878,2024-01-29 10:04:44.070878,approve,1219000
PI-000723,purchase_requisition,PI-000723|A02,n_mgr_appr,Approve Requisition by Manager,userTask,2,TK-0003084,EMP-0045,部门经理,2024-01-29 10:15:52.485119,2024-01-29 11:52:28.485119,approve,5796000
PI-000723,purchase_requisition,PI-000723|A02,n_mgr_appr,Approve Requisition by Manager,userTask,2,TK-0003085,EMP-0044,部门经理,2024-01-29 10:50:27.816135,2024-01-29 11:40:00.816135,approve,2973000
PI-000723,purchase_requisition,PI-000723|A02,n_mgr_appr,Approve Requisition by Manager,userTask,2,TK-0003083,EMP-0047,部门经理,2024-01-29 11:19:16.862065,2024-01-29 13:00:48.862065,approve,6092000
PI-000723,purchase_requisition,PI-000723|A03,n_convert,Convert to Purchase Order,serviceTask,3,TK-0003086,EMP-0053,采购专员,2024-01-29 15:35:44.258021,2024-01-29 16:12:00.258021,approve,2176000
PI-000724,purchase_order,PI-000724|A01,n_create_po,Create Purchase Order,serviceTask,1,TK-0003087,EMP-0059,采购专员,2024-01-29 17:27:11.161320,2024-01-29 17:38:15.161320,approve,664000
PI-000724,purchase_order,PI-000724|A02,n_dir_appr,Approve Purchase Order by Director,userTask,2,TK-0003088,EMP-0050,采购总监,2024-01-29 20:49:41.511035,2024-01-29 21:46:21.511035,approve,3400000
PI-000724,purchase_order,PI-000724|A03,n_send_po,Send Order to Supplier,serviceTask,3,TK-0003089,EMP-0060,采购专员,2024-01-29 23:00:05.611828,2024-01-29 23:02:32.611828,approve,147000
PI-000725,goods_receipt,PI-000725|A01,n_post_gr,Post Goods Receipt,serviceTask,1,TK-0003090,EMP-0063,仓储专员,2024-01-31 08:17:41.631502,2024-01-31 08:24:11.631502,approve,390000
PI-000725,goods_receipt,PI-000725|A02,n_inspect,Quality Inspection,userTask,2,TK-0003091,EMP-0070,质检员,2024-01-31 09:51:09.693980,2024-01-31 12:29:45.693980,approve,9516000
PI-000725,goods_receipt,PI-000725|A03,n_putaway,Putaway to Warehouse,serviceTask,3,TK-0003092,EMP-0069,仓储专员,2024-01-31 12:56:50.186880,2024-01-31 16:34:49.186880,approve,13079000
PI-000726,invoice_verification,PI-000726|A01,n_enter_inv,Enter Incoming Invoice,userTask,1,TK-0003093,EMP-0076,财务专员,2024-02-03 17:22:24.483830,2024-02-03 18:01:25.483830,approve,2341000
PI-000726,invoice_verification,PI-000726|A02,n_match,Three-Way Match,serviceTask,2,TK-0003094,EMP-0082,财务专员,2024-02-03 19:42:00.230784,2024-02-03 19:54:38.230784,approve,758000
PI-000726,invoice_verification,PI-000726|A03,n_appr_inv,Approve Invoice,userTask,3,TK-0003096,EMP-0087,应付会计,2024-02-03 20:44:26.168613,2024-02-03 21:21:18.168613,approve,2212000
PI-000726,invoice_verification,PI-000726|A03,n_appr_inv,Approve Invoice,userTask,3,TK-0003095,EMP-0083,应付会计,2024-02-03 21:10:21.684310,2024-02-03 21:51:39.684310,approve,2478000
PI-000726,invoice_verification,PI-000726|A04,n_pay,Post Payment,serviceTask,4,TK-0003097,EMP-0090,出纳,2024-02-04 00:44:07.999673,2024-02-04 00:50:13.999673,approve,366000
PI-000726,invoice_verification,PI-000726|A05,n_clear,Clear Invoice,serviceTask,5,TK-0003098,EMP-0084,应付会计,2024-02-04 01:25:07.295893,2024-02-04 01:34:32.295893,approve,565000
PI-000727,purchase_requisition,PI-000727|A01,n_submit,Submit Purchase Requisition,userTask,1,TK-0003099,EMP-0016,采购申请人,2024-01-29 13:04:38.325237,2024-01-29 13:32:38.325237,approve,1680000
PI-000727,purchase_requisition,PI-000727|A02,n_mgr_appr,Approve Requisition by Manager,userTask,2,TK-0003101,EMP-0044,部门经理,2024-01-29 13:36:25.265656,2024-01-29 13:59:54.265656,approve,1409000
PI-000727,purchase_requisition,PI-000727|A02,n_mgr_appr,Approve Requisition by Manager,userTask,2,TK-0003100,EMP-0042,部门经理,2024-01-29 14:59:09.315608,2024-01-29 17:19:02.315608,approve,8393000
PI-000727,purchase_requisition,PI-000727|A03,n_convert,Convert to Purchase Order,serviceTask,3,TK-0003102,EMP-0056,采购专员,2024-01-29 20:42:32.522012,2024-01-29 21:16:31.522012,approve,2039000
PI-000728,purchase_order,PI-000728|A01,n_create_po,Create Purchase Order,serviceTask,1,TK-0003103,EMP-0054,采购专员,2024-01-30 09:50:34.372094,2024-01-30 10:08:10.372094,approve,1056000
PI-000728,purchase_order,PI-000728|A02,n_send_po,Send Order to Supplier,serviceTask,2,TK-0003104,EMP-0055,采购专员,2024-01-30 14:01:11.590687,2024-01-30 14:14:07.590687,approve,776000
PI-000729,goods_receipt,PI-000729|A01,n_post_gr,Post Goods Receipt,serviceTask,1,TK-0003105,EMP-0069,仓储专员,2024-01-31 01:26:42.333666,2024-01-31 01:49:31.333666,approve,1369000
PI-000729,goods_receipt,PI-000729|A02,n_inspect,Quality Inspection,userTask,2,TK-0003106,EMP-0071,质检员,2024-01-31 03:07:27.662669,2024-01-31 03:55:23.662669,approve,2876000
PI-000729,goods_receipt,PI-000729|A03,n_putaway,Putaway to Warehouse,serviceTask,3,TK-0003107,EMP-0069,仓储专员,2024-01-31 06:37:47.991415,2024-01-31 07:00:51.991415,approve,1384000
PI-000730,invoice_verification,PI-000730|A01,n_enter_inv,Enter Incoming Invoice,userTask,1,TK-0003108,EMP-0075,财务专员,2024-02-01 03:49:15.779709,2024-02-01 04:23:42.779709,approve,2067000
PI-000730,invoice_verification,PI-000730|A02,n_match,Three-Way Match,serviceTask,2,TK-0003109,EMP-0075,财务专员,2024-02-01 06:40:11.424314,2024-02-01 06:46:26.424314,reject,375000
PI-000730,invoice_verification,PI-000730|A03,n_park,Park Invoice,userTask,3,TK-0003110,EMP-0081,财务专员,2024-02-01 10:35:42.878963,2024-02-01 11:13:24.878963,approve,2262000
PI-000730,invoice_verification,PI-000730|A04,n_handle_exc,Handle Invoice Exception,userTask,4,TK-0003111,EMP-0080,财务专员,2024-02-01 14:49:35.145165,2024-02-01 15:26:07.145165,approve,2192000
PI-000730,invoice_verification,PI-000730|A05,n_match,Three-Way Match,serviceTask,5,TK-0003112,EMP-0075,财务专员,2024-02-01 15:52:07.814383,2024-02-01 16:02:09.814383,approve,602000
PI-000730,invoice_verification,PI-000730|A06,n_appr_inv,Approve Invoice,userTask,6,TK-0003114,EMP-0083,应付会计,2024-02-01 16:51:57.159308,2024-02-01 17:07:50.159308,approve,953000
PI-000730,invoice_verification,PI-000730|A06,n_appr_inv,Approve Invoice,userTask,6,TK-0003113,EMP-0087,应付会计,2024-02-01 17:30:46.931568,2024-02-01 18:56:26.931568,approve,5140000
PI-000730,invoice_verification,PI-000730|A07,n_pay,Post Payment,serviceTask,7,TK-0003115,EMP-0088,出纳,2024-02-01 21:28:19.337092,2024-02-01 21:34:04.337092,approve,345000
PI-000730,invoice_verification,PI-000730|A08,n_clear,Clear Invoice,serviceTask,8,TK-0003116,EMP-0086,应付会计,2024-02-01 23:17:06.279857,2024-02-01 23:21:39.279857,approve,273000
PI-000731,purchase_requisition,PI-000731|A01,n_submit,Submit Purchase Requisition,userTask,1,TK-0003117,EMP-0006,采购申请人,2024-01-29 14:49:59.282511,2024-01-29 15:27:01.282511,approve,2222000
PI-000731,purchase_requisition,PI-000731|A02,n_convert,Convert to Purchase Order,serviceTask,2,TK-0003118,EMP-0059,采购专员,2024-01-29 18:51:01.221439,2024-01-29 19:04:06.221439,approve,785000
PI-000732,purchase_order,PI-000732|A01,n_create_po,Create Purchase Order,serviceTask,1,TK-0003119,EMP-0057,采购专员,2024-01-30 03:39:31.160771,2024-01-30 04:00:41.160771,approve,1270000
PI-000732,purchase_order,PI-000732|A02,n_dir_appr,Approve Purchase Order by Director,userTask,2,TK-0003120,EMP-0049,采购总监,2024-01-30 06:05:19.289047,2024-01-30 07:19:16.289047,approve,4437000
PI-000732,purchase_order,PI-000732|A03,n_send_po,Send Order to Supplier,serviceTask,3,TK-0003121,EMP-0055,采购专员,2024-01-30 09:00:25.544358,2024-01-30 09:02:54.544358,approve,149000
PI-000733,goods_receipt,PI-000733|A01,n_post_gr,Post Goods Receipt,serviceTask,1,TK-0003122,EMP-0064,仓储专员,2024-01-31 16:41:20.086648,2024-01-31 16:50:18.086648,approve,538000
PI-000733,goods_receipt,PI-000733|A02,n_inspect,Quality Inspection,userTask,2,TK-0003123,EMP-0073,质检员,2024-01-31 18:56:15.684333,2024-01-31 19:56:49.684333,approve,3634000
PI-000733,goods_receipt,PI-000733|A03,n_putaway,Putaway to Warehouse,serviceTask,3,TK-0003124,EMP-0068,仓储专员,2024-01-31 23:54:21.782349,2024-02-01 00:17:30.782349,approve,1389000
PI-000734,invoice_verification,PI-000734|A01,n_enter_inv,Enter Incoming Invoice,userTask,1,TK-0003125,EMP-0082,财务专员,2024-02-03 19:53:55.127879,2024-02-03 20:36:10.127879,approve,2535000
PI-000734,invoice_verification,PI-000734|A02,n_match,Three-Way Match,serviceTask,2,TK-0003126,EMP-0080,财务专员,2024-02-03 22:01:23.845322,2024-02-03 22:08:58.845322,reject,455000
PI-000734,invoice_verification,PI-000734|A03,n_park,Park Invoice,userTask,3,TK-0003127,EMP-0082,财务专员,2024-02-03 23:43:19.410475,2024-02-04 00:27:09.410475,approve,2630000
PI-000734,invoice_verification,PI-000734|A04,n_handle_exc,Handle Invoice Exception,userTask,4,TK-0003128,EMP-0075,财务专员,2024-02-04 01:46:40.348133,2024-02-04 03:53:19.348133,approve,7599000
PI-000734,invoice_verification,PI-000734|A05,n_match,Three-Way Match,serviceTask,5,TK-0003129,EMP-0081,财务专员,2024-02-04 05:15:47.574437,2024-02-04 05:24:24.574437,reject,517000
PI-000734,invoice_verification,PI-000734|A06,n_park,Park Invoice,userTask,6,TK-0003130,EMP-0080,财务专员,2024-02-04 08:53:14.950589,2024-02-04 09:09:39.950589,approve,985000
PI-000734,invoice_verification,PI-000734|A07,n_handle_exc,Handle Invoice Exception,userTask,7,TK-0003131,EMP-0076,财务专员,2024-02-04 11:47:00.799588,2024-02-04 13:35:33.799588,approve,6513000
PI-000734,invoice_verification,PI-000734|A08,n_match,Three-Way Match,serviceTask,8,TK-0003132,EMP-0075,财务专员,2024-02-04 17:05:43.627807,2024-02-04 17:12:26.627807,approve,403000
PI-000734,invoice_verification,PI-000734|A09,n_appr_inv,Approve Invoice,userTask,9,TK-0003134,EMP-0084,应付会计,2024-02-04 17:42:56.265845,2024-02-04 18:59:24.265845,approve,4588000
PI-000734,invoice_verification,PI-000734|A09,n_appr_inv,Approve Invoice,userTask,9,TK-0003133,EMP-0087,应付会计,2024-02-04 18:17:34.313518,2024-02-04 18:51:35.313518,approve,2041000
PI-000734,invoice_verification,PI-000734|A10,n_pay,Post Payment,serviceTask,10,TK-0003135,EMP-0090,出纳,2024-02-04 19:50:30.360788,2024-02-04 19:54:18.360788,approve,228000
PI-000734,invoice_verification,PI-000734|A11,n_clear,Clear Invoice,serviceTask,11,TK-0003136,EMP-0087,应付会计,2024-02-04 21:31:17.453672,2024-02-04 21:39:21.453672,approve,484000
PI-000735,purchase_requisition,PI-000735|A01,n_submit,Submit Purchase Requisition,userTask,1,TK-0003137,EMP-0002,采购申请人,2024-01-30 00:45:00.453449,2024-01-30 01:06:44.453449,approve,1304000
PI-000735,purchase_requisition,PI-000735|A02,n_mgr_appr,Approve Requisition by Manager,userTask,2,TK-0003139,EMP-0047,部门经理,2024-01-30 01:16:38.086687,2024-01-30 01:59:05.086687,approve,2547000
PI-000735,purchase_requisition,PI-000735|A02,n_mgr_appr,Approve Requisition by Manager,userTask,2,TK-0003138,EMP-0041,部门经理,2024-01-30 03:01:14.810034,2024-01-30 04:12:22.810034,approve,4268000
PI-000735,purchase_requisition,PI-000735|A03,n_convert,Convert to Purchase Order,serviceTask,3,TK-0003140,EMP-0054,采购专员,2024-01-30 05:18:22.639464,2024-01-30 05:37:51.639464,approve,1169000
PI-000736,purchase_order,PI-000736|A01,n_create_po,Create Purchase Order,serviceTask,1,TK-0003141,EMP-0061,采购专员,2024-01-31 01:34:32.446252,2024-01-31 01:43:40.446252,approve,548000
PI-000736,purchase_order,PI-000736|A02,n_dir_appr,Approve Purchase Order by Director,userTask,2,TK-0003142,EMP-0050,采购总监,2024-01-31 04:54:05.146422,2024-01-31 06:05:00.146422,approve,4255000
PI-000736,purchase_order,PI-000736|A03,n_send_po,Send Order to Supplier,serviceTask,3,TK-0003143,EMP-0057,采购专员,2024-01-31 09:00:16.352083,2024-01-31 09:02:35.352083,approve,139000
PI-000737,goods_receipt,PI-000737|A01,n_post_gr,Post Goods Receipt,serviceTask,1,TK-0003144,EMP-0065,仓储专员,2024-02-02 20:46:30.716305,2024-02-02 21:13:46.716305,approve,1636000
PI-000737,goods_receipt,PI-000737|A02,n_inspect,Quality Inspection,userTask,2,TK-0003145,EMP-0073,质检员,2024-02-02 23:09:52.664270,2024-02-02 23:56:13.664270,reject,2781000
PI-000737,goods_receipt,PI-000737|A03,n_return,Return to Supplier,serviceTask,3,TK-0003146,EMP-0065,仓储专员,2024-02-03 00:38:36.524563,2024-02-03 01:54:53.524563,approve,4577000
PI-000738,invoice_verification,PI-000738|A01,n_enter_inv,Enter Incoming Invoice,userTask,1,TK-0003147,EMP-0081,财务专员,2024-02-06 13:09:59.172077,2024-02-06 15:28:45.172077,approve,8326000
PI-000738,invoice_verification,PI-000738|A02,n_match,Three-Way Match,serviceTask,2,TK-0003148,EMP-0079,财务专员,2024-02-06 16:48:44.866550,2024-02-06 16:53:30.866550,reject,286000
PI-000738,invoice_verification,PI-000738|A03,n_park,Park Invoice,userTask,3,TK-0003149,EMP-0082,财务专员,2024-02-06 17:44:49.606142,2024-02-06 18:08:09.606142,approve,1400000
PI-000738,invoice_verification,PI-000738|A04,n_handle_exc,Handle Invoice Exception,userTask,4,TK-0003150,EMP-0082,财务专员,2024-02-06 19:58:10.001991,2024-02-06 22:37:28.001991,approve,9558000
PI-000738,invoice_verification,PI-000738|A05,n_match,Three-Way Match,serviceTask,5,TK-0003151,EMP-0080,财务专员,2024-02-06 23:45:49.941272,2024-02-06 23:59:23.941272,approve,814000
PI-000738,invoice_verification,PI-000738|A06,n_appr_inv,Approve Invoice,userTask,6,TK-0003152,EMP-0087,应付会计,2024-02-07 00:11:41.647185,2024-02-07 00:30:19.647185,approve,1118000
PI-000738,invoice_verification,PI-000738|A06,n_appr_inv,Approve Invoice,userTask,6,TK-0003153,EMP-0083,应付会计,2024-02-07 00:21:45.992352,2024-02-07 00:50:51.992352,approve,1746000
PI-000738,invoice_verification,PI-000738|A07,n_pay,Post Payment,serviceTask,7,TK-0003154,EMP-0090,出纳,2024-02-07 00:57:00.596842,2024-02-07 01:02:03.596842,approve,303000
PI-000738,invoice_verification,PI-000738|A08,n_clear,Clear Invoice,serviceTask,8,TK-0003155,EMP-0085,应付会计,2024-02-07 02:00:23.956221,2024-02-07 02:10:21.956221,approve,598000
PI-000739,purchase_requisition,PI-000739|A01,n_submit,Submit Purchase Requisition,userTask,1,TK-0003156,EMP-0015,采购申请人,2024-01-30 03:56:16.609794,2024-01-30 04:11:40.609794,approve,924000
PI-000739,purchase_requisition,PI-000739|A02,n_convert,Convert to Purchase Order,serviceTask,2,TK-0003157,EMP-0054,采购专员,2024-01-30 05:50:56.190354,2024-01-30 05:55:53.190354,approve,297000
PI-000740,purchase_order,PI-000740|A01,n_create_po,Create Purchase Order,serviceTask,1,TK-0003158,EMP-0057,采购专员,2024-01-31 02:09:37.977824,2024-01-31 02:14:11.977824,approve,274000
PI-000740,purchase_order,PI-000740|A02,n_dir_appr,Approve Purchase Order by Director,userTask,2,TK-0003159,EMP-0051,采购总监,2024-01-31 02:38:11.563441,2024-01-31 03:41:17.563441,approve,3786000
PI-000740,purchase_order,PI-000740|A03,n_send_po,Send Order to Supplier,serviceTask,3,TK-0003160,EMP-0056,采购专员,2024-01-31 05:07:08.245866,2024-01-31 05:09:36.245866,approve,148000
PI-000741,goods_receipt,PI-000741|A01,n_post_gr,Post Goods Receipt,serviceTask,1,TK-0003161,EMP-0068,仓储专员,2024-01-31 22:04:52.792648,2024-01-31 22:12:52.792648,approve,480000
PI-000741,goods_receipt,PI-000741|A02,n_inspect,Quality Inspection,userTask,2,TK-0003162,EMP-0070,质检员,2024-02-01 00:54:48.783212,2024-02-01 02:19:40.783212,approve,5092000
PI-000741,goods_receipt,PI-000741|A03,n_putaway,Putaway to Warehouse,serviceTask,3,TK-0003163,EMP-0064,仓储专员,2024-02-01 05:23:31.595937,2024-02-01 05:45:12.595937,approve,1301000
PI-000742,invoice_verification,PI-000742|A01,n_enter_inv,Enter Incoming Invoice,userTask,1,TK-0003164,EMP-0082,财务专员,2024-02-02 01:07:20.804193,2024-02-02 01:14:36.804193,approve,436000
PI-000742,invoice_verification,PI-000742|A02,n_match,Three-Way Match,serviceTask,2,TK-0003165,EMP-0078,财务专员,2024-02-02 01:24:21.308580,2024-02-02 02:28:21.308580,approve,3840000
PI-000742,invoice_verification,PI-000742|A03,n_appr_inv,Approve Invoice,userTask,3,TK-0003166,EMP-0085,应付会计,2024-02-02 02:37:05.462731,2024-02-02 03:06:28.462731,approve,1763000
PI-000742,invoice_verification,PI-000742|A03,n_appr_inv,Approve Invoice,userTask,3,TK-0003167,EMP-0087,应付会计,2024-02-02 03:04:35.110629,2024-02-02 03:48:39.110629,approve,2644000
PI-000742,invoice_verification,PI-000742|A04,n_pay,Post Payment,serviceTask,4,TK-0003168,EMP-0088,出纳,2024-02-02 07:37:26.093143,2024-02-02 07:39:56.093143,approve,150000
PI-000742,invoice_verification,PI-000742|A05,n_clear,Clear Invoice,serviceTask,5,TK-0003169,EMP-0087,应付会计,2024-02-02 11:21:04.678578,2024-02-02 11:27:18.678578,approve,374000
PI-000743,invoice_verification,PI-000743|A01,n_enter_inv,Enter Incoming Invoice,userTask,1,TK-0003170,EMP-0077,财务专员,2024-02-03 02:15:17.529451,2024-02-03 02:25:56.529451,approve,639000
PI-000743,invoice_verification,PI-000743|A02,n_match,Three-Way Match,serviceTask,2,TK-0003171,EMP-0077,财务专员,2024-02-03 04:40:53.505739,2024-02-03 04:53:25.505739,approve,752000
PI-000743,invoice_verification,PI-000743|A03,n_appr_inv,Approve Invoice,userTask,3,TK-0003173,EMP-0086,应付会计,2024-02-03 05:01:48.998656,2024-02-03 05:32:16.998656,approve,1828000
PI-000743,invoice_verification,PI-000743|A03,n_appr_inv,Approve Invoice,userTask,3,TK-0003172,EMP-0085,应付会计,2024-02-03 05:41:57.823152,2024-02-03 06:00:54.823152,approve,1137000
PI-000743,invoice_verification,PI-000743|A04,n_pay,Post Payment,serviceTask,4,TK-0003174,EMP-0090,出纳,2024-02-03 07:06:43.350382,2024-02-03 07:39:04.350382,approve,1941000
PI-000743,invoice_verification,PI-000743|A05,n_clear,Clear Invoice,serviceTask,5,TK-0003175,EMP-0085,应付会计,2024-02-03 08:42:31.465858,2024-02-03 08:55:00.465858,approve,749000
PI-000744,purchase_requisition,PI-000744|A01,n_submit,Submit Purchase Requisition,userTask,1,TK-0003176,EMP-0003,采购申请人,2024-01-30 06:31:37.912450,2024-01-30 06:55:08.912450,approve,1411000
PI-000744,purchase_requisition,PI-000744|A02,n_mgr_appr,Approve Requisition by Manager,userTask,2,TK-0003178,EMP-0045,部门经理,2024-01-30 07:03:37.081100,2024-01-30 07:49:05.081100,reject,2728000
PI-000744,purchase_requisition,PI-000744|A02,n_mgr_appr,Approve Requisition by Manager,userTask,2,TK-0003177,EMP-0048,部门经理,2024-01-30 07:14:41.811124,2024-01-30 07:54:29.811124,reject,2388000
PI-000744,purchase_requisition,PI-000744|A03,n_revise,Revise Requisition,userTask,3,TK-0003179,EMP-0003,采购申请人,2024-01-30 09:57:48.029327,2024-01-30 10:14:49.029327,approve,1021000
PI-000744,purchase_requisition,PI-000744|A04,n_submit,Submit Purchase Requisition,userTask,4,TK-0003180,EMP-0003,采购申请人,2024-01-30 12:39:20.254841,2024-01-30 12:51:41.254841,approve,741000
PI-000744,purchase_requisition,PI-000744|A05,n_mgr_appr,Approve Requisition by Manager,userTask,5,TK-0003182,EMP-0048,部门经理,2024-01-30 12:53:44.661146,2024-01-30 14:11:49.661146,approve,4685000
PI-000744,purchase_requisition,PI-000744|A05,n_mgr_appr,Approve Requisition by Manager,userTask,5,TK-0003181,EMP-0047,部门经理,2024-01-30 13:09:47.222448,2024-01-30 14:11:37.222448,approve,3710000
PI-000744,purchase_requisition,PI-000744|A05,n_mgr_appr,Approve Requisition by Manager,userTask,5,TK-0003183,EMP-0044,部门经理,2024-01-30 13:28:11.356701,2024-01-30 15:09:43.356701,approve,6092000
PI-000744,purchase_requisition,PI-000744|A06,n_convert,Convert to Purchase Order,serviceTask,6,TK-0003184,EMP-0056,采购专员,2024-01-30 16:19:09.069746,2024-01-30 16:25:33.069746,approve,384000
PI-000745,purchase_order,PI-000745|A01,n_create_po,Create Purchase Order,serviceTask,1,TK-0003185,EMP-0057,采购专员,2024-01-31 13:57:36.146199,2024-01-31 14:06:00.146199,approve,504000
PI-000745,purchase_order,PI-000745|A02,n_dir_appr,Approve Purchase Order by Director,userTask,2,TK-0003186,EMP-0051,采购总监,2024-01-31 17:14:05.617053,2024-01-31 17:59:08.617053,reject,2703000
PI-000745,purchase_order,PI-000745|A03,n_revise_po,Revise Purchase Order,serviceTask,3,TK-0003187,EMP-0058,采购专员,2024-01-31 20:45:04.918816,2024-01-31 21:08:15.918816,approve,1391000
PI-000745,purchase_order,PI-000745|A04,n_create_po,Create Purchase Order,serviceTask,4,TK-0003188,EMP-0060,采购专员,2024-02-01 00:00:20.784454,2024-02-01 00:16:11.784454,approve,951000
PI-000745,purchase_order,PI-000745|A05,n_dir_appr,Approve Purchase Order by Director,userTask,5,TK-0003189,EMP-0049,采购总监,2024-02-01 02:06:06.126187,2024-02-01 03:13:02.126187,approve,4016000
PI-000745,purchase_order,PI-000745|A06,n_send_po,Send Order to Supplier,serviceTask,6,TK-0003190,EMP-0060,采购专员,2024-02-01 04:31:00.237918,2024-02-01 04:36:29.237918,approve,329000
PI-000746,goods_receipt,PI-000746|A01,n_post_gr,Post Goods Receipt,serviceTask,1,TK-0003191,EMP-0068,仓储专员,2024-02-01 14:06:56.077427,2024-02-01 14:32:05.077427,approve,1509000
PI-000746,goods_receipt,PI-000746|A02,n_inspect,Quality Inspection,userTask,2,TK-0003192,EMP-0071,质检员,2024-02-01 16:43:23.418956,2024-02-01 18:10:46.418956,approve,5243000
PI-000746,goods_receipt,PI-000746|A03,n_putaway,Putaway to Warehouse,serviceTask,3,TK-0003193,EMP-0065,仓储专员,2024-02-01 21:09:16.157832,2024-02-01 21:46:50.157832,approve,2254000
PI-000747,goods_receipt,PI-000747|A01,n_post_gr,Post Goods Receipt,serviceTask,1,TK-0003194,EMP-0066,仓储专员,2024-02-02 04:13:12.484362,2024-02-02 04:24:49.484362,approve,697000
PI-000747,goods_receipt,PI-000747|A02,n_inspect,Quality Inspection,userTask,2,TK-0003195,EMP-0074,质检员,2024-02-02 05:55:38.576670,2024-02-02 10:06:45.576670,approve,15067000
PI-000747,goods_receipt,PI-000747|A03,n_putaway,Putaway to Warehouse,serviceTask,3,TK-0003196,EMP-0067,仓储专员,2024-02-02 10:36:14.790464,2024-02-02 10:51:47.790464,approve,933000
PI-000748,invoice_verification,PI-000748|A01,n_enter_inv,Enter Incoming Invoice,userTask,1,TK-0003197,EMP-0080,财务专员,2024-02-03 22:41:00.921207,2024-02-03 22:57:29.921207,approve,989000
PI-000748,invoice_verification,PI-000748|A02,n_match,Three-Way Match,serviceTask,2,TK-0003198,EMP-0080,财务专员,2024-02-04 00:34:01.664018,2024-02-04 00:38:32.664018,approve,271000
PI-000748,invoice_verification,PI-000748|A03,n_appr_inv,Approve Invoice,userTask,3,TK-0003200,EMP-0083,应付会计,2024-02-04 01:24:02.954778,2024-02-04 02:50:30.954778,approve,5188000
PI-000748,invoice_verification,PI-000748|A03,n_appr_inv,Approve Invoice,userTask,3,TK-0003199,EMP-0086,应付会计,2024-02-04 02:02:40.544256,2024-02-04 03:18:57.544256,approve,4577000
PI-000748,invoice_verification,PI-000748|A04,n_pay,Post Payment,serviceTask,4,TK-0003201,EMP-0088,出纳,2024-02-04 03:55:33.599605,2024-02-04 04:01:33.599605,approve,360000
PI-000748,invoice_verification,PI-000748|A05,n_clear,Clear Invoice,serviceTask,5,TK-0003202,EMP-0086,应付会计,2024-02-04 06:14:22.628996,2024-02-04 06:28:17.628996,approve,835000
PI-000749,purchase_requisition,PI-000749|A01,n_submit,Submit Purchase Requisition,userTask,1,TK-0003203,EMP-0013,采购申请人,2024-01-30 12:20:04.536356,2024-01-30 12:35:44.536356,approve,940000
PI-000749,purchase_requisition,PI-000749|A02,n_convert,Convert to Purchase Order,serviceTask,2,TK-0003204,EMP-0056,采购专员,2024-01-30 15:17:32.294224,2024-01-30 15:39:39.294224,approve,1327000
PI-000750,purchase_order,PI-000750|A01,n_create_po,Create Purchase Order,serviceTask,1,TK-0003205,EMP-0053,采购专员,2024-01-31 09:47:24.193740,2024-01-31 09:58:19.193740,approve,655000
PI-000750,purchase_order,PI-000750|A02,n_send_po,Send Order to Supplier,serviceTask,2,TK-0003206,EMP-0058,采购专员,2024-01-31 10:52:00.839872,2024-01-31 11:01:57.839872,approve,597000
PI-000751,goods_receipt,PI-000751|A01,n_post_gr,Post Goods Receipt,serviceTask,1,TK-0003207,EMP-0065,仓储专员,2024-02-01 04:16:45.551858,2024-02-01 04:25:16.551858,approve,511000
PI-000751,goods_receipt,PI-000751|A02,n_inspect,Quality Inspection,userTask,2,TK-0003208,EMP-0071,质检员,2024-02-01 06:04:38.612137,2024-02-01 07:40:11.612137,approve,5733000
PI-000751,goods_receipt,PI-000751|A03,n_putaway,Putaway to Warehouse,serviceTask,3,TK-0003209,EMP-0063,仓储专员,2024-02-01 10:20:36.233147,2024-02-01 10:41:45.233147,approve,1269000
PI-000752,goods_receipt,PI-000752|A01,n_post_gr,Post Goods Receipt,serviceTask,1,TK-0003210,EMP-0063,仓储专员,2024-02-03 17:05:53.165639,2024-02-03 17:17:06.165639,approve,673000
PI-000752,goods_receipt,PI-000752|A02,n_inspect,Quality Inspection,userTask,2,TK-0003211,EMP-0074,质检员,2024-02-03 18:07:21.537227,2024-02-03 20:14:25.537227,approve,7624000
PI-000752,goods_receipt,PI-000752|A03,n_putaway,Putaway to Warehouse,serviceTask,3,TK-0003212,EMP-0069,仓储专员,2024-02-03 21:38:04.325150,2024-02-03 22:03:36.325150,approve,1532000
PI-000753,invoice_verification,PI-000753|A01,n_enter_inv,Enter Incoming Invoice,userTask,1,TK-0003213,EMP-0079,财务专员,2024-02-08 05:00:23.987251,2024-02-08 05:21:49.987251,approve,1286000
PI-000753,invoice_verification,PI-000753|A02,n_match,Three-Way Match,serviceTask,2,TK-0003214,EMP-0077,财务专员,2024-02-08 05:51:51.010657,2024-02-08 05:56:07.010657,approve,256000
PI-000753,invoice_verification,PI-000753|A03,n_appr_inv,Approve Invoice,userTask,3,TK-0003216,EMP-0083,应付会计,2024-02-08 06:52:39.901282,2024-02-08 09:07:15.901282,approve,8076000
PI-000753,invoice_verification,PI-000753|A03,n_appr_inv,Approve Invoice,userTask,3,TK-0003215,EMP-0085,应付会计,2024-02-08 07:04:41.965074,2024-02-08 07:57:02.965074,approve,3141000
PI-000753,invoice_verification,PI-000753|A04,n_pay,Post Payment,serviceTask,4,TK-0003217,EMP-0090,出纳,2024-02-08 12:20:27.021717,2024-02-08 12:22:49.021717,approve,142000
PI-000753,invoice_verification,PI-000753|A05,n_clear,Clear Invoice,serviceTask,5,TK-0003218,EMP-0086,应付会计,2024-02-08 13:14:50.660991,2024-02-08 13:16:37.660991,approve,107000
PI-000754,purchase_requisition,PI-000754|A01,n_submit,Submit Purchase Requisition,userTask,1,TK-0003219,EMP-0023,采购申请人,2024-01-30 12:25:00.423710,2024-01-30 12:58:38.423710,approve,2018000
PI-000754,purchase_requisition,PI-000754|A02,n_convert,Convert to Purchase Order,serviceTask,2,TK-0003220,EMP-0060,采购专员,2024-01-30 13:20:19.954995,2024-01-30 13:43:00.954995,approve,1361000
PI-000755,purchase_order,PI-000755|A01,n_create_po,Create Purchase Order,serviceTask,1,TK-0003221,EMP-0053,采购专员,2024-01-31 15:33:48.310351,2024-01-31 15:39:57.310351,approve,369000
PI-000755,purchase_order,PI-000755|A02,n_send_po,Send Order to Supplier,serviceTask,2,TK-0003222,EMP-0055,采购专员,2024-01-31 18:53:32.218115,2024-01-31 19:00:58.218115,approve,446000
PI-000756,goods_receipt,PI-000756|A01,n_post_gr,Post Goods Receipt,serviceTask,1,TK-0003223,EMP-0062,仓储专员,2024-02-02 12:56:08.648742,2024-02-02 13:16:32.648742,approve,1224000
PI-000756,goods_receipt,PI-000756|A02,n_inspect,Quality Inspection,userTask,2,TK-0003224,EMP-0072,质检员,2024-02-02 14:48:51.807207,2024-02-02 16:16:41.807207,approve,5270000
PI-000756,goods_receipt,PI-000756|A03,n_putaway,Putaway to Warehouse,serviceTask,3,TK-0003225,EMP-0065,仓储专员,2024-02-02 19:01:30.970204,2024-02-02 20:32:23.970204,approve,5453000
PI-000757,invoice_verification,PI-000757|A01,n_enter_inv,Enter Incoming Invoice,userTask,1,TK-0003226,EMP-0077,财务专员,2024-02-07 21:05:57.481287,2024-02-07 21:23:47.481287,approve,1070000
PI-000757,invoice_verification,PI-000757|A02,n_match,Three-Way Match,serviceTask,2,TK-0003227,EMP-0077,财务专员,2024-02-07 22:44:37.146069,2024-02-07 23:01:05.146069,approve,988000
PI-000757,invoice_verification,PI-000757|A03,n_appr_inv,Approve Invoice,userTask,3,TK-0003229,EMP-0084,应付会计,2024-02-07 23:43:27.969059,2024-02-08 00:20:43.969059,approve,2236000
PI-000757,invoice_verification,PI-000757|A03,n_appr_inv,Approve Invoice,userTask,3,TK-0003228,EMP-0083,应付会计,2024-02-08 00:27:21.158136,2024-02-08 01:11:48.158136,approve,2667000
PI-000757,invoice_verification,PI-000757|A04,n_pay,Post Payment,serviceTask,4,TK-0003230,EMP-0089,出纳,2024-02-08 01:39:45.275336,2024-02-08 01:42:19.275336,approve,154000
PI-000757,invoice_verification,PI-000757|A05,n_clear,Clear Invoice,serviceTask,5,TK-0003231,EMP-0084,应付会计,2024-02-08 02:09:22.081245,2024-02-08 02:12:41.081245,approve,199000
PI-000758,purchase_requisition,PI-000758|A01,n_submit,Submit Purchase Requisition,userTask,1,TK-0003232,EMP-0031,采购申请人,2024-01-30 16:06:31.665113,2024-01-30 16:44:30.665113,approve,2279000
PI-000758,purchase_requisition,PI-000758|A02,n_mgr_appr,Approve Requisition by Manager,userTask,2,TK-0003234,EMP-0046,部门经理,2024-01-30 17:27:15.776466,2024-01-30 18:19:59.776466,approve,3164000
PI-000758,purchase_requisition,PI-000758|A02,n_mgr_appr,Approve Requisition by Manager,userTask,2,TK-0003235,EMP-0048,部门经理,2024-01-30 17:38:14.948007,2024-01-30 20:02:46.948007,approve,8672000
PI-000758,purchase_requisition,PI-000758|A02,n_mgr_appr,Approve Requisition by Manager,userTask,2,TK-0003233,EMP-0043,部门经理,2024-01-30 18:34:41.863615,2024-01-30 21:17:37.863615,approve,9776000
PI-000758,purchase_requisition,PI-000758|A03,n_convert,Convert to Purchase Order,serviceTask,3,TK-0003236,EMP-0055,采购专员,2024-01-30 22:13:20.539745,2024-01-30 22:25:18.539745,approve,718000
PI-000759,purchase_order,PI-000759|A01,n_create_po,Create Purchase Order,serviceTask,1,TK-0003237,EMP-0056,采购专员,2024-01-30 23:47:16.214738,2024-01-30 23:56:35.214738,approve,559000
PI-000759,purchase_order,PI-000759|A02,n_dir_appr,Approve Purchase Order by Director,userTask,2,TK-0003238,EMP-0051,采购总监,2024-01-31 03:28:16.997286,2024-01-31 06:01:02.997286,approve,9166000
PI-000759,purchase_order,PI-000759|A03,n_send_po,Send Order to Supplier,serviceTask,3,TK-0003239,EMP-0055,采购专员,2024-01-31 06:49:29.064995,2024-01-31 06:52:37.064995,approve,188000
PI-000760,goods_receipt,PI-000760|A01,n_post_gr,Post Goods Receipt,serviceTask,1,TK-0003240,EMP-0066,仓储专员,2024-01-31 21:20:32.178392,2024-01-31 21:36:50.178392,approve,978000
PI-000760,goods_receipt,PI-000760|A02,n_inspect,Quality Inspection,userTask,2,TK-0003241,EMP-0074,质检员,2024-01-31 22:54:08.048164,2024-01-31 23:25:37.048164,approve,1889000
PI-000760,goods_receipt,PI-000760|A03,n_putaway,Putaway to Warehouse,serviceTask,3,TK-0003242,EMP-0068,仓储专员,2024-02-01 02:05:05.965291,2024-02-01 03:25:37.965291,approve,4832000
PI-000761,goods_receipt,PI-000761|A01,n_post_gr,Post Goods Receipt,serviceTask,1,TK-0003243,EMP-0065,仓储专员,2024-02-02 21:04:55.353642,2024-02-02 21:08:15.353642,approve,200000
PI-000761,goods_receipt,PI-000761|A02,n_inspect,Quality Inspection,userTask,2,TK-0003244,EMP-0070,质检员,2024-02-02 23:54:05.072136,2024-02-03 00:54:56.072136,approve,3651000
PI-000761,goods_receipt,PI-000761|A03,n_putaway,Putaway to Warehouse,serviceTask,3,TK-0003245,EMP-0063,仓储专员,2024-02-03 03:36:46.373291,2024-02-03 04:15:21.373291,approve,2315000
PI-000762,invoice_verification,PI-000762|A01,n_enter_inv,Enter Incoming Invoice,userTask,1,TK-0003246,EMP-0077,财务专员,2024-02-06 06:08:52.479365,2024-02-06 06:28:45.479365,approve,1193000
PI-000762,invoice_verification,PI-000762|A02,n_match,Three-Way Match,serviceTask,2,TK-0003247,EMP-0081,财务专员,2024-02-06 08:54:44.751491,2024-02-06 09:11:59.751491,approve,1035000
PI-000762,invoice_verification,PI-000762|A03,n_appr_inv,Approve Invoice,userTask,3,TK-0003248,EMP-0087,应付会计,2024-02-06 09:27:40.521098,2024-02-06 10:43:44.521098,approve,4564000
PI-000762,invoice_verification,PI-000762|A03,n_appr_inv,Approve Invoice,userTask,3,TK-0003249,EMP-0085,应付会计,2024-02-06 09:53:15.040867,2024-02-06 11:14:52.040867,approve,4897000
PI-000762,invoice_verification,PI-000762|A04,n_pay,Post Payment,serviceTask,4,TK-0003250,EMP-0090,出纳,2024-02-06 14:41:39.171536,2024-02-06 14:49:42.171536,approve,483000
PI-000762,invoice_verification,PI-000762|A05,n_clear,Clear Invoice,serviceTask,5,TK-0003251,EMP-0087,应付会计,2024-02-06 17:49:42.157277,2024-02-06 17:53:57.157277,approve,255000
PI-000763,purchase_order,PI-000763|A01,n_create_po,Create Purchase Order,serviceTask,1,TK-0003252,EMP-0058,采购专员,2024-02-01 01:01:52.013846,2024-02-01 01:11:49.013846,approve,597000
PI-000763,purchase_order,PI-000763|A02,n_send_po,Send Order to Supplier,serviceTask,2,TK-0003253,EMP-0055,采购专员,2024-02-01 04:07:46.177170,2024-02-01 04:24:20.177170,approve,994000
PI-000764,goods_receipt,PI-000764|A01,n_post_gr,Post Goods Receipt,serviceTask,1,TK-0003254,EMP-0064,仓储专员,2024-02-01 11:49:25.358254,2024-02-01 12:27:31.358254,approve,2286000
PI-000764,goods_receipt,PI-000764|A02,n_inspect,Quality Inspection,userTask,2,TK-0003255,EMP-0072,质检员,2024-02-01 14:55:35.136590,2024-02-01 15:22:09.136590,approve,1594000
PI-000764,goods_receipt,PI-000764|A03,n_putaway,Putaway to Warehouse,serviceTask,3,TK-0003256,EMP-0068,仓储专员,2024-02-01 16:33:44.783724,2024-02-01 16:46:15.783724,approve,751000
PI-000765,invoice_verification,PI-000765|A01,n_enter_inv,Enter Incoming Invoice,userTask,1,TK-0003257,EMP-0078,财务专员,2024-02-03 02:52:16.978097,2024-02-03 04:51:07.978097,approve,7131000
PI-000765,invoice_verification,PI-000765|A02,n_match,Three-Way Match,serviceTask,2,TK-0003258,EMP-0082,财务专员,2024-02-03 05:46:00.936228,2024-02-03 05:51:28.936228,reject,328000
PI-000765,invoice_verification,PI-000765|A03,n_park,Park Invoice,userTask,3,TK-0003259,EMP-0081,财务专员,2024-02-03 07:57:49.398017,2024-02-03 08:15:07.398017,approve,1038000
PI-000765,invoice_verification,PI-000765|A04,n_handle_exc,Handle Invoice Exception,userTask,4,TK-0003260,EMP-0079,财务专员,2024-02-03 10:07:30.888575,2024-02-03 11:00:33.888575,approve,3183000
PI-000765,invoice_verification,PI-000765|A05,n_match,Three-Way Match,serviceTask,5,TK-0003261,EMP-0075,财务专员,2024-02-03 14:30:31.663013,2024-02-03 14:47:54.663013,approve,1043000
PI-000765,invoice_verification,PI-000765|A06,n_appr_inv,Approve Invoice,userTask,6,TK-0003262,EMP-0083,应付会计,2024-02-03 14:55:56.249440,2024-02-03 18:49:27.249440,approve,14011000
PI-000765,invoice_verification,PI-000765|A06,n_appr_inv,Approve Invoice,userTask,6,TK-0003263,EMP-0087,应付会计,2024-02-03 15:05:01.933682,2024-02-03 15:28:26.933682,approve,1405000
PI-000765,invoice_verification,PI-000765|A07,n_pay,Post Payment,serviceTask,7,TK-0003264,EMP-0090,出纳,2024-02-03 20:11:00.921888,2024-02-03 20:25:38.921888,approve,878000
PI-000765,invoice_verification,PI-000765|A08,n_clear,Clear Invoice,serviceTask,8,TK-0003265,EMP-0086,应付会计,2024-02-04 00:12:24.849226,2024-02-04 00:21:01.849226,approve,517000
PI-000766,purchase_requisition,PI-000766|A01,n_submit,Submit Purchase Requisition,userTask,1,TK-0003266,EMP-0012,采购申请人,2024-01-30 17:20:20.822051,2024-01-30 17:48:56.822051,approve,1716000
PI-000766,purchase_requisition,PI-000766|A02,n_convert,Convert to Purchase Order,serviceTask,2,TK-0003267,EMP-0056,采购专员,2024-01-30 19:10:08.114469,2024-01-30 19:50:10.114469,approve,2402000
PI-000767,purchase_order,PI-000767|A01,n_create_po,Create Purchase Order,serviceTask,1,TK-0003268,EMP-0054,采购专员,2024-01-31 17:08:43.712027,2024-01-31 17:21:38.712027,approve,775000
PI-000767,purchase_order,PI-000767|A02,n_dir_appr,Approve Purchase Order by Director,userTask,2,TK-0003269,EMP-0050,采购总监,2024-01-31 17:55:52.352083,2024-01-31 19:55:58.352083,approve,7206000
PI-000767,purchase_order,PI-000767|A03,n_send_po,Send Order to Supplier,serviceTask,3,TK-0003270,EMP-0059,采购专员,2024-01-31 21:41:30.791345,2024-01-31 21:44:09.791345,approve,159000
PI-000768,goods_receipt,PI-000768|A01,n_post_gr,Post Goods Receipt,serviceTask,1,TK-0003271,EMP-0065,仓储专员,2024-02-01 20:14:48.814112,2024-02-01 20:24:07.814112,approve,559000
PI-000768,goods_receipt,PI-000768|A02,n_inspect,Quality Inspection,userTask,2,TK-0003272,EMP-0072,质检员,2024-02-01 22:29:29.113980,2024-02-01 22:43:03.113980,approve,814000
PI-000768,goods_receipt,PI-000768|A03,n_putaway,Putaway to Warehouse,serviceTask,3,TK-0003273,EMP-0064,仓储专员,2024-02-02 00:31:16.890753,2024-02-02 01:09:13.890753,approve,2277000
PI-000769,invoice_verification,PI-000769|A01,n_enter_inv,Enter Incoming Invoice,userTask,1,TK-0003274,EMP-0080,财务专员,2024-02-02 05:59:33.160653,2024-02-02 07:53:16.160653,approve,6823000
PI-000769,invoice_verification,PI-000769|A02,n_match,Three-Way Match,serviceTask,2,TK-0003275,EMP-0082,财务专员,2024-02-02 08:09:43.855083,2024-02-02 08:14:32.855083,approve,289000
PI-000769,invoice_verification,PI-000769|A03,n_appr_inv,Approve Invoice,userTask,3,TK-0003277,EMP-0085,应付会计,2024-02-02 08:31:31.269196,2024-02-02 09:22:49.269196,approve,3078000
PI-000769,invoice_verification,PI-000769|A03,n_appr_inv,Approve Invoice,userTask,3,TK-0003276,EMP-0084,应付会计,2024-02-02 08:54:30.762733,2024-02-02 09:19:08.762733,approve,1478000
PI-000769,invoice_verification,PI-000769|A04,n_pay,Post Payment,serviceTask,4,TK-0003278,EMP-0090,出纳,2024-02-02 10:25:18.201889,2024-02-02 10:32:41.201889,approve,443000
PI-000769,invoice_verification,PI-000769|A05,n_clear,Clear Invoice,serviceTask,5,TK-0003279,EMP-0083,应付会计,2024-02-02 12:23:04.956067,2024-02-02 12:27:09.956067,approve,245000
PI-000770,purchase_requisition,PI-000770|A01,n_submit,Submit Purchase Requisition,userTask,1,TK-0003280,EMP-0023,采购申请人,2024-01-30 20:28:37.421821,2024-01-30 20:42:37.421821,approve,840000
PI-000770,purchase_requisition,PI-000770|A02,n_mgr_appr,Approve Requisition by Manager,userTask,2,TK-0003283,EMP-0044,部门经理,2024-01-30 20:52:38.835715,2024-01-30 21:40:57.835715,approve,2899000
PI-000770,purchase_requisition,PI-000770|A02,n_mgr_appr,Approve Requisition by Manager,userTask,2,TK-0003282,EMP-0043,部门经理,2024-01-30 21:24:18.223235,2024-01-31 01:32:17.223235,approve,14879000
PI-000770,purchase_requisition,PI-000770|A02,n_mgr_appr,Approve Requisition by Manager,userTask,2,TK-0003281,EMP-0048,部门经理,2024-01-30 22:38:44.122342,2024-01-31 01:41:29.122342,approve,10965000
PI-000770,purchase_requisition,PI-000770|A03,n_convert,Convert to Purchase Order,serviceTask,3,TK-0003284,EMP-0052,采购专员,2024-01-31 05:32:37.595634,2024-01-31 05:51:47.595634,approve,1150000
PI-000771,purchase_order,PI-000771|A01,n_create_po,Create Purchase Order,serviceTask,1,TK-0003285,EMP-0058,采购专员,2024-01-31 08:48:21.579741,2024-01-31 08:52:39.579741,approve,258000
PI-000771,purchase_order,PI-000771|A02,n_send_po,Send Order to Supplier,serviceTask,2,TK-0003286,EMP-0053,采购专员,2024-01-31 10:12:10.549517,2024-01-31 10:16:57.549517,approve,287000
PI-000772,goods_receipt,PI-000772|A01,n_post_gr,Post Goods Receipt,serviceTask,1,TK-0003287,EMP-0062,仓储专员,2024-01-31 18:44:26.349684,2024-01-31 18:53:53.349684,approve,567000
PI-000772,goods_receipt,PI-000772|A02,n_inspect,Quality Inspection,userTask,2,TK-0003288,EMP-0072,质检员,2024-01-31 21:48:38.505636,2024-01-31 22:18:54.505636,approve,1816000
PI-000772,goods_receipt,PI-000772|A03,n_putaway,Putaway to Warehouse,serviceTask,3,TK-0003289,EMP-0068,仓储专员,2024-01-31 23:49:47.449234,2024-02-01 00:13:34.449234,approve,1427000
PI-000773,goods_receipt,PI-000773|A01,n_post_gr,Post Goods Receipt,serviceTask,1,TK-0003290,EMP-0062,仓储专员,2024-02-01 07:55:01.133654,2024-02-01 07:59:14.133654,approve,253000
PI-000773,goods_receipt,PI-000773|A02,n_inspect,Quality Inspection,userTask,2,TK-0003291,EMP-0070,质检员,2024-02-01 08:20:43.101731,2024-02-01 11:48:17.101731,approve,12454000
PI-000773,goods_receipt,PI-000773|A03,n_putaway,Putaway to Warehouse,serviceTask,3,TK-0003292,EMP-0067,仓储专员,2024-02-01 15:07:02.154597,2024-02-01 15:15:28.154597,approve,506000
PI-000774,invoice_verification,PI-000774|A01,n_enter_inv,Enter Incoming Invoice,userTask,1,TK-0003293,EMP-0076,财务专员,2024-02-03 17:58:36.607818,2024-02-03 18:23:53.607818,approve,1517000
PI-000774,invoice_verification,PI-000774|A02,n_match,Three-Way Match,serviceTask,2,TK-0003294,EMP-0081,财务专员,2024-02-03 20:09:05.639483,2024-02-03 20:14:51.639483,approve,346000
PI-000774,invoice_verification,PI-000774|A03,n_appr_inv,Approve Invoice,userTask,3,TK-0003296,EMP-0086,应付会计,2024-02-03 20:50:42.394786,2024-02-03 21:26:08.394786,approve,2126000
PI-000774,invoice_verification,PI-000774|A03,n_appr_inv,Approve Invoice,userTask,3,TK-0003295,EMP-0087,应付会计,2024-02-03 21:36:47.253563,2024-02-03 22:07:26.253563,approve,1839000
PI-000774,invoice_verification,PI-000774|A04,n_pay,Post Payment,serviceTask,4,TK-0003297,EMP-0089,出纳,2024-02-04 00:21:06.850902,2024-02-04 00:25:06.850902,approve,240000
PI-000774,invoice_verification,PI-000774|A05,n_clear,Clear Invoice,serviceTask,5,TK-0003298,EMP-0084,应付会计,2024-02-04 01:56:47.778399,2024-02-04 02:00:31.778399,approve,224000
PI-000775,purchase_requisition,PI-000775|A01,n_submit,Submit Purchase Requisition,userTask,1,TK-0003299,EMP-0040,采购申请人,2024-01-31 02:15:13.948019,2024-01-31 02:55:54.948019,approve,2441000
PI-000775,purchase_requisition,PI-000775|A02,n_convert,Convert to Purchase Order,serviceTask,2,TK-0003300,EMP-0057,采购专员,2024-01-31 04:06:18.124686,2024-01-31 04:16:00.124686,approve,582000
PI-000776,purchase_order,PI-000776|A01,n_create_po,Create Purchase Order,serviceTask,1,TK-0003301,EMP-0060,采购专员,2024-01-31 07:57:06.564216,2024-01-31 08:02:08.564216,approve,302000
PI-000776,purchase_order,PI-000776|A02,n_send_po,Send Order to Supplier,serviceTask,2,TK-0003302,EMP-0060,采购专员,2024-01-31 10:25:58.573193,2024-01-31 10:27:59.573193,approve,121000
PI-000777,goods_receipt,PI-000777|A01,n_post_gr,Post Goods Receipt,serviceTask,1,TK-0003303,EMP-0065,仓储专员,2024-02-01 11:00:10.988609,2024-02-01 11:08:53.988609,approve,523000
PI-000777,goods_receipt,PI-000777|A02,n_inspect,Quality Inspection,userTask,2,TK-0003304,EMP-0071,质检员,2024-02-01 14:49:14.155783,2024-02-01 15:12:23.155783,approve,1389000
PI-000777,goods_receipt,PI-000777|A03,n_putaway,Putaway to Warehouse,serviceTask,3,TK-0003305,EMP-0063,仓储专员,2024-02-01 17:23:38.670682,2024-02-01 18:44:24.670682,approve,4846000
PI-000778,invoice_verification,PI-000778|A01,n_enter_inv,Enter Incoming Invoice,userTask,1,TK-0003306,EMP-0076,财务专员,2024-02-06 03:54:24.768652,2024-02-06 04:04:24.768652,approve,600000
PI-000778,invoice_verification,PI-000778|A02,n_match,Three-Way Match,serviceTask,2,TK-0003307,EMP-0081,财务专员,2024-02-06 07:10:56.257693,2024-02-06 07:19:18.257693,approve,502000
PI-000778,invoice_verification,PI-000778|A03,n_appr_inv,Approve Invoice,userTask,3,TK-0003309,EMP-0083,应付会计,2024-02-06 07:57:24.967670,2024-02-06 09:43:34.967670,approve,6370000
PI-000778,invoice_verification,PI-000778|A03,n_appr_inv,Approve Invoice,userTask,3,TK-0003308,EMP-0084,应付会计,2024-02-06 08:20:32.077234,2024-02-06 09:20:49.077234,approve,3617000
PI-000778,invoice_verification,PI-000778|A04,n_pay,Post Payment,serviceTask,4,TK-0003310,EMP-0090,出纳,2024-02-06 13:16:50.284836,2024-02-06 13:34:24.284836,approve,1054000
PI-000778,invoice_verification,PI-000778|A05,n_clear,Clear Invoice,serviceTask,5,TK-0003311,EMP-0087,应付会计,2024-02-06 17:29:31.091097,2024-02-06 17:31:35.091097,approve,124000
PI-000779,purchase_requisition,PI-000779|A01,n_submit,Submit Purchase Requisition,userTask,1,TK-0003312,EMP-0008,采购申请人,2024-01-31 08:11:54.602613,2024-01-31 08:41:01.602613,approve,1747000
PI-000779,purchase_requisition,PI-000779|A02,n_mgr_appr,Approve Requisition by Manager,userTask,2,TK-0003314,EMP-0042,部门经理,2024-01-31 09:05:22.027217,2024-01-31 09:27:58.027217,approve,1356000
PI-000779,purchase_requisition,PI-000779|A02,n_mgr_appr,Approve Requisition by Manager,userTask,2,TK-0003313,EMP-0041,部门经理,2024-01-31 10:36:29.172231,2024-01-31 11:06:09.172231,approve,1780000
PI-000779,purchase_requisition,PI-000779|A03,n_convert,Convert to Purchase Order,serviceTask,3,TK-0003315,EMP-0054,采购专员,2024-01-31 11:35:18.600676,2024-01-31 11:47:35.600676,approve,737000
PI-000780,purchase_order,PI-000780|A01,n_create_po,Create Purchase Order,serviceTask,1,TK-0003316,EMP-0055,采购专员,2024-01-31 20:55:15.608475,2024-01-31 21:08:11.608475,approve,776000
PI-000780,purchase_order,PI-000780|A02,n_send_po,Send Order to Supplier,serviceTask,2,TK-0003317,EMP-0057,采购专员,2024-01-31 22:38:22.057738,2024-01-31 22:42:21.057738,approve,239000
PI-000781,goods_receipt,PI-000781|A01,n_post_gr,Post Goods Receipt,serviceTask,1,TK-0003318,EMP-0062,仓储专员,2024-02-01 09:21:39.292550,2024-02-01 09:47:59.292550,approve,1580000
PI-000781,goods_receipt,PI-000781|A02,n_inspect,Quality Inspection,userTask,2,TK-0003319,EMP-0072,质检员,2024-02-01 11:08:08.002652,2024-02-01 11:30:32.002652,approve,1344000
PI-000781,goods_receipt,PI-000781|A03,n_putaway,Putaway to Warehouse,serviceTask,3,TK-0003320,EMP-0066,仓储专员,2024-02-01 12:52:02.064841,2024-02-01 16:52:02.064841,approve,14400000
PI-000782,invoice_verification,PI-000782|A01,n_enter_inv,Enter Incoming Invoice,userTask,1,TK-0003321,EMP-0079,财务专员,2024-02-04 21:29:47.629329,2024-02-04 21:41:20.629329,approve,693000
PI-000782,invoice_verification,PI-000782|A02,n_match,Three-Way Match,serviceTask,2,TK-0003322,EMP-0076,财务专员,2024-02-04 21:51:43.629682,2024-02-04 21:57:13.629682,approve,330000
PI-000782,invoice_verification,PI-000782|A03,n_appr_inv,Approve Invoice,userTask,3,TK-0003324,EMP-0085,应付会计,2024-02-04 22:07:25.685520,2024-02-04 23:36:37.685520,approve,5352000
PI-000782,invoice_verification,PI-000782|A03,n_appr_inv,Approve Invoice,userTask,3,TK-0003323,EMP-0084,应付会计,2024-02-04 22:17:38.213244,2024-02-04 23:38:46.213244,approve,4868000
PI-000782,invoice_verification,PI-000782|A04,n_pay,Post Payment,serviceTask,4,TK-0003325,EMP-0088,出纳,2024-02-05 02:16:36.620498,2024-02-05 02:24:51.620498,approve,495000
PI-000782,invoice_verification,PI-000782|A05,n_clear,Clear Invoice,serviceTask,5,TK-0003326,EMP-0084,应付会计,2024-02-05 02:37:01.346075,2024-02-05 02:40:38.346075,approve,217000
PI-000783,invoice_verification,PI-000783|A01,n_enter_inv,Enter Incoming Invoice,userTask,1,TK-0003327,EMP-0080,财务专员,2024-02-05 19:00:16.943531,2024-02-05 19:34:33.943531,approve,2057000
PI-000783,invoice_verification,PI-000783|A02,n_match,Three-Way Match,serviceTask,2,TK-0003328,EMP-0082,财务专员,2024-02-05 19:51:07.047550,2024-02-05 19:56:22.047550,approve,315000
PI-000783,invoice_verification,PI-000783|A03,n_appr_inv,Approve Invoice,userTask,3,TK-0003330,EMP-0087,应付会计,2024-02-05 20:09:28.031146,2024-02-05 20:57:00.031146,approve,2852000
PI-000783,invoice_verification,PI-000783|A03,n_appr_inv,Approve Invoice,userTask,3,TK-0003329,EMP-0085,应付会计,2024-02-05 21:12:10.271255,2024-02-05 22:25:09.271255,approve,4379000
PI-000783,invoice_verification,PI-000783|A04,n_pay,Post Payment,serviceTask,4,TK-0003331,EMP-0088,出纳,2024-02-05 23:39:32.177560,2024-02-05 23:42:41.177560,approve,189000
PI-000783,invoice_verification,PI-000783|A05,n_clear,Clear Invoice,serviceTask,5,TK-0003332,EMP-0087,应付会计,2024-02-06 03:15:33.812193,2024-02-06 03:30:14.812193,approve,881000
PI-000784,purchase_requisition,PI-000784|A01,n_submit,Submit Purchase Requisition,userTask,1,TK-0003333,EMP-0036,采购申请人,2024-01-31 09:41:24.246378,2024-01-31 10:02:51.246378,approve,1287000
PI-000784,purchase_requisition,PI-000784|A02,n_mgr_appr,Approve Requisition by Manager,userTask,2,TK-0003336,EMP-0048,部门经理,2024-01-31 10:30:07.313906,2024-01-31 12:37:14.313906,approve,7627000
PI-000784,purchase_requisition,PI-000784|A02,n_mgr_appr,Approve Requisition by Manager,userTask,2,TK-0003335,EMP-0041,部门经理,2024-01-31 10:34:00.560448,2024-01-31 12:18:29.560448,approve,6269000
PI-000784,purchase_requisition,PI-000784|A02,n_mgr_appr,Approve Requisition by Manager,userTask,2,TK-0003334,EMP-0046,部门经理,2024-01-31 11:14:30.291891,2024-01-31 11:58:08.291891,approve,2618000
PI-000784,purchase_requisition,PI-000784|A03,n_convert,Convert to Purchase Order,serviceTask,3,TK-0003337,EMP-0057,采购专员,2024-01-31 15:09:35.084227,2024-01-31 15:13:39.084227,approve,244000
PI-000785,purchase_order,PI-000785|A01,n_create_po,Create Purchase Order,serviceTask,1,TK-0003338,EMP-0054,采购专员,2024-02-01 10:45:49.837142,2024-02-01 10:50:59.837142,approve,310000
PI-000785,purchase_order,PI-000785|A02,n_send_po,Send Order to Supplier,serviceTask,2,TK-0003339,EMP-0055,采购专员,2024-02-01 13:06:39.614431,2024-02-01 13:15:18.614431,approve,519000
PI-000786,goods_receipt,PI-000786|A01,n_post_gr,Post Goods Receipt,serviceTask,1,TK-0003340,EMP-0066,仓储专员,2024-02-01 19:51:42.462133,2024-02-01 20:05:17.462133,approve,815000
PI-000786,goods_receipt,PI-000786|A02,n_inspect,Quality Inspection,userTask,2,TK-0003341,EMP-0074,质检员,2024-02-01 20:49:53.149173,2024-02-01 21:54:58.149173,approve,3905000
PI-000786,goods_receipt,PI-000786|A03,n_putaway,Putaway to Warehouse,serviceTask,3,TK-0003342,EMP-0063,仓储专员,2024-02-01 23:00:58.727502,2024-02-02 01:00:07.727502,approve,7149000
PI-000787,invoice_verification,PI-000787|A01,n_enter_inv,Enter Incoming Invoice,userTask,1,TK-0003343,EMP-0076,财务专员,2024-02-05 01:53:13.516735,2024-02-05 02:14:57.516735,approve,1304000
PI-000787,invoice_verification,PI-000787|A02,n_match,Three-Way Match,serviceTask,2,TK-0003344,EMP-0078,财务专员,2024-02-05 02:49:35.450273,2024-02-05 03:03:23.450273,approve,828000
PI-000787,invoice_verification,PI-000787|A03,n_appr_inv,Approve Invoice,userTask,3,TK-0003346,EMP-0086,应付会计,2024-02-05 03:14:02.839306,2024-02-05 04:59:04.839306,approve,6302000
PI-000787,invoice_verification,PI-000787|A03,n_appr_inv,Approve Invoice,userTask,3,TK-0003345,EMP-0087,应付会计,2024-02-05 04:44:22.971022,2024-02-05 05:10:29.971022,approve,1567000
PI-000787,invoice_verification,PI-000787|A04,n_pay,Post Payment,serviceTask,4,TK-0003347,EMP-0090,出纳,2024-02-05 07:21:10.596576,2024-02-05 07:33:36.596576,approve,746000
PI-000787,invoice_verification,PI-000787|A05,n_clear,Clear Invoice,serviceTask,5,TK-0003348,EMP-0083,应付会计,2024-02-05 10:37:14.522042,2024-02-05 10:40:31.522042,approve,197000
PI-000788,purchase_requisition,PI-000788|A01,n_submit,Submit Purchase Requisition,userTask,1,TK-0003349,EMP-0028,采购申请人,2024-01-31 13:58:49.268542,2024-01-31 15:30:10.268542,approve,5481000
PI-000788,purchase_requisition,PI-000788|A02,n_mgr_appr,Approve Requisition by Manager,userTask,2,TK-0003351,EMP-0043,部门经理,2024-01-31 15:47:45.695406,2024-01-31 16:28:21.695406,approve,2436000
PI-000788,purchase_requisition,PI-000788|A02,n_mgr_appr,Approve Requisition by Manager,userTask,2,TK-0003350,EMP-0047,部门经理,2024-01-31 16:12:25.508161,2024-01-31 17:20:00.508161,approve,4055000
PI-000788,purchase_requisition,PI-000788|A03,n_convert,Convert to Purchase Order,serviceTask,3,TK-0003352,EMP-0053,采购专员,2024-01-31 18:19:18.327375,2024-01-31 18:31:14.327375,approve,716000
PI-000789,purchase_order,PI-000789|A01,n_create_po,Create Purchase Order,serviceTask,1,TK-0003353,EMP-0053,采购专员,2024-02-01 08:36:57.608582,2024-02-01 08:45:46.608582,approve,529000
PI-000789,purchase_order,PI-000789|A02,n_send_po,Send Order to Supplier,serviceTask,2,TK-0003354,EMP-0054,采购专员,2024-02-01 10:31:29.055809,2024-02-01 10:35:24.055809,approve,235000
PI-000790,goods_receipt,PI-000790|A01,n_post_gr,Post Goods Receipt,serviceTask,1,TK-0003355,EMP-0067,仓储专员,2024-02-02 16:36:52.380215,2024-02-02 16:42:56.380215,approve,364000
PI-000790,goods_receipt,PI-000790|A02,n_inspect,Quality Inspection,userTask,2,TK-0003356,EMP-0074,质检员,2024-02-02 18:28:13.807953,2024-02-02 20:13:57.807953,approve,6344000
PI-000790,goods_receipt,PI-000790|A03,n_putaway,Putaway to Warehouse,serviceTask,3,TK-0003357,EMP-0064,仓储专员,2024-02-02 20:33:18.268330,2024-02-02 21:31:51.268330,approve,3513000
PI-000791,goods_receipt,PI-000791|A01,n_post_gr,Post Goods Receipt,serviceTask,1,TK-0003358,EMP-0065,仓储专员,2024-02-03 10:55:51.178764,2024-02-03 11:11:01.178764,approve,910000
PI-000791,goods_receipt,PI-000791|A02,n_inspect,Quality Inspection,userTask,2,TK-0003359,EMP-0074,质检员,2024-02-03 13:43:42.035010,2024-02-03 15:03:01.035010,approve,4759000
PI-000791,goods_receipt,PI-000791|A03,n_putaway,Putaway to Warehouse,serviceTask,3,TK-0003360,EMP-0062,仓储专员,2024-02-03 16:12:32.814634,2024-02-03 16:59:03.814634,approve,2791000
PI-000792,invoice_verification,PI-000792|A01,n_enter_inv,Enter Incoming Invoice,userTask,1,TK-0003361,EMP-0078,财务专员,2024-02-05 13:14:17.167249,2024-02-05 14:07:49.167249,approve,3212000
PI-000792,invoice_verification,PI-000792|A02,n_match,Three-Way Match,serviceTask,2,TK-0003362,EMP-0080,财务专员,2024-02-05 15:29:29.940900,2024-02-05 15:34:35.940900,approve,306000
PI-000792,invoice_verification,PI-000792|A03,n_appr_inv,Approve Invoice,userTask,3,TK-0003364,EMP-0085,应付会计,2024-02-05 16:17:13.733603,2024-02-05 17:06:57.733603,approve,2984000
PI-000792,invoice_verification,PI-000792|A03,n_appr_inv,Approve Invoice,userTask,3,TK-0003363,EMP-0086,应付会计,2024-02-05 17:26:42.566296,2024-02-05 19:02:45.566296,approve,5763000
PI-000792,invoice_verification,PI-000792|A04,n_pay,Post Payment,serviceTask,4,TK-0003365,EMP-0088,出纳,2024-02-05 20:40:36.303336,2024-02-05 21:18:14.303336,approve,2258000
PI-000792,invoice_verification,PI-000792|A05,n_clear,Clear Invoice,serviceTask,5,TK-0003366,EMP-0083,应付会计,2024-02-05 21:48:24.209315,2024-02-05 22:01:38.209315,approve,794000
PI-000793,invoice_verification,PI-000793|A01,n_enter_inv,Enter Incoming Invoice,userTask,1,TK-0003367,EMP-0077,财务专员,2024-02-08 08:48:42.055182,2024-02-08 09:09:47.055182,approve,1265000
PI-000793,invoice_verification,PI-000793|A02,n_match,Three-Way Match,serviceTask,2,TK-0003368,EMP-0080,财务专员,2024-02-08 13:02:41.939848,2024-02-08 13:50:07.939848,approve,2846000
PI-000793,invoice_verification,PI-000793|A03,n_appr_inv,Approve Invoice,userTask,3,TK-0003370,EMP-0086,应付会计,2024-02-08 13:57:18.845877,2024-02-08 14:27:35.845877,approve,1817000
PI-000793,invoice_verification,PI-000793|A03,n_appr_inv,Approve Invoice,userTask,3,TK-0003369,EMP-0083,应付会计,2024-02-08 14:47:20.462160,2024-02-08 17:02:57.462160,approve,8137000
PI-000793,invoice_verification,PI-000793|A04,n_pay,Post Payment,serviceTask,4,TK-0003371,EMP-0090,出纳,2024-02-08 18:35:05.467326,2024-02-08 18:46:26.467326,approve,681000
PI-000793,invoice_verification,PI-000793|A05,n_clear,Clear Invoice,serviceTask,5,TK-0003372,EMP-0086,应付会计,2024-02-08 18:52:02.107717,2024-02-08 19:00:22.107717,approve,500000
PI-000794,purchase_requisition,PI-000794|A01,n_submit,Submit Purchase Requisition,userTask,1,TK-0003373,EMP-0022,采购申请人,2024-01-31 17:43:30.360573,2024-01-31 17:52:58.360573,approve,568000
PI-000794,purchase_requisition,PI-000794|A02,n_mgr_appr,Approve Requisition by Manager,userTask,2,TK-0003375,EMP-0041,部门经理,2024-01-31 18:00:47.440258,2024-01-31 21:45:17.440258,reject,13470000
PI-000794,purchase_requisition,PI-000794|A02,n_mgr_appr,Approve Requisition by Manager,userTask,2,TK-0003376,EMP-0043,部门经理,2024-01-31 18:05:17.254268,2024-01-31 21:44:51.254268,reject,13174000
PI-000794,purchase_requisition,PI-000794|A02,n_mgr_appr,Approve Requisition by Manager,userTask,2,TK-0003374,EMP-0045,部门经理,2024-01-31 19:07:26.066273,2024-01-31 19:43:35.066273,reject,2169000
PI-000794,purchase_requisition,PI-000794|A03,n_revise,Revise Requisition,userTask,3,TK-0003377,EMP-0022,采购申请人,2024-02-01 00:26:05.226853,2024-02-01 01:04:03.226853,approve,2278000
PI-000794,purchase_requisition,PI-000794|A04,n_submit,Submit Purchase Requisition,userTask,4,TK-0003378,EMP-0022,采购申请人,2024-02-01 02:38:10.445259,2024-02-01 03:02:18.445259,approve,1448000
PI-000794,purchase_requisition,PI-000794|A05,n_mgr_appr,Approve Requisition by Manager,userTask,5,TK-0003380,EMP-0042,部门经理,2024-02-01 03:32:52.794852,2024-02-01 04:15:51.794852,approve,2579000
PI-000794,purchase_requisition,PI-000794|A05,n_mgr_appr,Approve Requisition by Manager,userTask,5,TK-0003379,EMP-0045,部门经理,2024-02-01 05:00:27.979785,2024-02-01 05:51:51.979785,approve,3084000
PI-000794,purchase_requisition,PI-000794|A06,n_convert,Convert to Purchase Order,serviceTask,6,TK-0003381,EMP-0052,采购专员,2024-02-01 09:11:55.944629,2024-02-01 09:16:45.944629,approve,290000
PI-000795,purchase_order,PI-000795|A01,n_create_po,Create Purchase Order,serviceTask,1,TK-0003382,EMP-0052,采购专员,2024-02-01 23:21:46.774623,2024-02-01 23:42:25.774623,approve,1239000
PI-000795,purchase_order,PI-000795|A02,n_dir_appr,Approve Purchase Order by Director,userTask,2,TK-0003383,EMP-0050,采购总监,2024-02-02 00:43:55.300940,2024-02-02 01:32:32.300940,approve,2917000
PI-000795,purchase_order,PI-000795|A03,n_send_po,Send Order to Supplier,serviceTask,3,TK-0003384,EMP-0057,采购专员,2024-02-02 03:27:35.308662,2024-02-02 03:32:35.308662,approve,300000
PI-000796,goods_receipt,PI-000796|A01,n_post_gr,Post Goods Receipt,serviceTask,1,TK-0003385,EMP-0067,仓储专员,2024-02-04 03:37:46.281732,2024-02-04 04:08:18.281732,approve,1832000
PI-000796,goods_receipt,PI-000796|A02,n_inspect,Quality Inspection,userTask,2,TK-0003386,EMP-0070,质检员,2024-02-04 07:29:17.538610,2024-02-04 08:43:30.538610,approve,4453000
PI-000796,goods_receipt,PI-000796|A03,n_putaway,Putaway to Warehouse,serviceTask,3,TK-0003387,EMP-0066,仓储专员,2024-02-04 12:04:13.926228,2024-02-04 12:25:44.926228,approve,1291000
PI-000797,invoice_verification,PI-000797|A01,n_enter_inv,Enter Incoming Invoice,userTask,1,TK-0003388,EMP-0079,财务专员,2024-02-09 03:07:54.705856,2024-02-09 03:22:02.705856,approve,848000
PI-000797,invoice_verification,PI-000797|A02,n_match,Three-Way Match,serviceTask,2,TK-0003389,EMP-0079,财务专员,2024-02-09 05:11:23.664084,2024-02-09 05:16:29.664084,approve,306000
PI-000797,invoice_verification,PI-000797|A03,n_appr_inv,Approve Invoice,userTask,3,TK-0003391,EMP-0085,应付会计,2024-02-09 06:00:16.531722,2024-02-09 08:46:31.531722,approve,9975000
PI-000797,invoice_verification,PI-000797|A03,n_appr_inv,Approve Invoice,userTask,3,TK-0003390,EMP-0083,应付会计,2024-02-09 06:45:23.443954,2024-02-09 07:34:19.443954,approve,2936000
PI-000797,invoice_verification,PI-000797|A04,n_pay,Post Payment,serviceTask,4,TK-0003392,EMP-0088,出纳,2024-02-09 11:02:10.722916,2024-02-09 11:24:01.722916,approve,1311000
PI-000797,invoice_verification,PI-000797|A05,n_clear,Clear Invoice,serviceTask,5,TK-0003393,EMP-0087,应付会计,2024-02-09 14:16:33.160339,2024-02-09 14:22:32.160339,approve,359000
PI-000798,purchase_requisition,PI-000798|A01,n_submit,Submit Purchase Requisition,userTask,1,TK-0003394,EMP-0008,采购申请人,2024-01-31 19:42:22.088809,2024-01-31 19:53:51.088809,approve,689000
PI-000798,purchase_requisition,PI-000798|A02,n_mgr_appr,Approve Requisition by Manager,userTask,2,TK-0003395,EMP-0048,部门经理,2024-01-31 20:02:54.423466,2024-01-31 20:46:06.423466,reject,2592000
PI-000798,purchase_requisition,PI-000798|A02,n_mgr_appr,Approve Requisition by Manager,userTask,2,TK-0003396,EMP-0046,部门经理,2024-01-31 20:33:19.884863,2024-01-31 21:44:48.884863,reject,4289000
PI-000798,purchase_requisition,PI-000798|A03,n_revise,Revise Requisition,userTask,3,TK-0003397,EMP-0008,采购申请人,2024-02-01 01:31:41.530196,2024-02-01 01:51:29.530196,approve,1188000
PI-000798,purchase_requisition,PI-000798|A04,n_submit,Submit Purchase Requisition,userTask,4,TK-0003398,EMP-0008,采购申请人,2024-02-01 04:41:50.792427,2024-02-01 05:20:12.792427,approve,2302000
PI-000798,purchase_requisition,PI-000798|A05,n_mgr_appr,Approve Requisition by Manager,userTask,5,TK-0003399,EMP-0048,部门经理,2024-02-01 05:53:57.700474,2024-02-01 06:52:42.700474,approve,3525000
PI-000798,purchase_requisition,PI-000798|A05,n_mgr_appr,Approve Requisition by Manager,userTask,5,TK-0003401,EMP-0046,部门经理,2024-02-01 05:56:41.117742,2024-02-01 06:19:41.117742,approve,1380000
PI-000798,purchase_requisition,PI-000798|A05,n_mgr_appr,Approve Requisition by Manager,userTask,5,TK-0003400,EMP-0044,部门经理,2024-02-01 06:13:12.378745,2024-02-01 09:31:37.378745,approve,11905000
PI-000798,purchase_requisition,PI-000798|A06,n_convert,Convert to Purchase Order,serviceTask,6,TK-0003402,EMP-0055,采购专员,2024-02-01 10:30:47.202197,2024-02-01 10:38:54.202197,approve,487000
PI-000799,purchase_order,PI-000799|A01,n_create_po,Create Purchase Order,serviceTask,1,TK-0003403,EMP-0055,采购专员,2024-02-02 03:51:10.804171,2024-02-02 03:58:03.804171,approve,413000
PI-000799,purchase_order,PI-000799|A02,n_send_po,Send Order to Supplier,serviceTask,2,TK-0003404,EMP-0053,采购专员,2024-02-02 07:46:28.590305,2024-02-02 07:47:30.590305,approve,62000
PI-000800,goods_receipt,PI-000800|A01,n_post_gr,Post Goods Receipt,serviceTask,1,TK-0003405,EMP-0068,仓储专员,2024-02-03 05:09:42.153182,2024-02-03 05:22:46.153182,approve,784000
PI-000800,goods_receipt,PI-000800|A02,n_inspect,Quality Inspection,userTask,2,TK-0003406,EMP-0072,质检员,2024-02-03 06:10:24.947085,2024-02-03 08:13:52.947085,approve,7408000
PI-000800,goods_receipt,PI-000800|A03,n_putaway,Putaway to Warehouse,serviceTask,3,TK-0003407,EMP-0066,仓储专员,2024-02-03 11:05:09.289188,2024-02-03 11:50:47.289188,approve,2738000
PI-000801,invoice_verification,PI-000801|A01,n_enter_inv,Enter Incoming Invoice,userTask,1,TK-0003408,EMP-0077,财务专员,2024-02-08 07:29:01.260437,2024-02-08 07:43:31.260437,approve,870000
PI-000801,invoice_verification,PI-000801|A02,n_match,Three-Way Match,serviceTask,2,TK-0003409,EMP-0077,财务专员,2024-02-08 10:57:43.227015,2024-02-08 11:05:25.227015,approve,462000
PI-000801,invoice_verification,PI-000801|A03,n_appr_inv,Approve Invoice,userTask,3,TK-0003410,EMP-0087,应付会计,2024-02-08 11:55:45.996637,2024-02-08 13:14:33.996637,approve,4728000
PI-000801,invoice_verification,PI-000801|A03,n_appr_inv,Approve Invoice,userTask,3,TK-0003411,EMP-0085,应付会计,2024-02-08 12:03:19.115386,2024-02-08 13:05:12.115386,approve,3713000
PI-000801,invoice_verification,PI-000801|A04,n_pay,Post Payment,serviceTask,4,TK-0003412,EMP-0090,出纳,2024-02-08 14:10:02.255606,2024-02-08 14:15:15.255606,approve,313000
PI-000801,invoice_verification,PI-000801|A05,n_clear,Clear Invoice,serviceTask,5,TK-0003413,EMP-0083,应付会计,2024-02-08 14:45:57.449254,2024-02-08 14:53:43.449254,approve,466000
PI-000802,purchase_order,PI-000802|A01,n_create_po,Create Purchase Order,serviceTask,1,TK-0003414,EMP-0052,采购专员,2024-02-02 00:30:05.314835,2024-02-02 00:38:50.314835,approve,525000
PI-000802,purchase_order,PI-000802|A02,n_send_po,Send Order to Supplier,serviceTask,2,TK-0003415,EMP-0053,采购专员,2024-02-02 03:25:59.550708,2024-02-02 03:34:37.550708,approve,518000
PI-000803,goods_receipt,PI-000803|A01,n_post_gr,Post Goods Receipt,serviceTask,1,TK-0003416,EMP-0064,仓储专员,2024-02-02 23:58:53.996225,2024-02-03 00:06:52.996225,approve,479000
PI-000803,goods_receipt,PI-000803|A02,n_inspect,Quality Inspection,userTask,2,TK-0003417,EMP-0070,质检员,2024-02-03 00:38:02.214875,2024-02-03 01:16:46.214875,reject,2324000
PI-000803,goods_receipt,PI-000803|A03,n_return,Return to Supplier,serviceTask,3,TK-0003418,EMP-0062,仓储专员,2024-02-03 03:21:11.245643,2024-02-03 04:35:21.245643,approve,4450000
PI-000804,invoice_verification,PI-000804|A01,n_enter_inv,Enter Incoming Invoice,userTask,1,TK-0003419,EMP-0082,财务专员,2024-02-06 04:50:50.619385,2024-02-06 05:14:38.619385,approve,1428000
PI-000804,invoice_verification,PI-000804|A02,n_match,Three-Way Match,serviceTask,2,TK-0003420,EMP-0081,财务专员,2024-02-06 07:53:22.919627,2024-02-06 08:03:34.919627,reject,612000
PI-000804,invoice_verification,PI-000804|A03,n_park,Park Invoice,userTask,3,TK-0003421,EMP-0082,财务专员,2024-02-06 08:43:11.592426,2024-02-06 08:54:43.592426,approve,692000
PI-000804,invoice_verification,PI-000804|A04,n_handle_exc,Handle Invoice Exception,userTask,4,TK-0003422,EMP-0075,财务专员,2024-02-06 11:34:04.059099,2024-02-06 12:01:31.059099,approve,1647000
PI-000804,invoice_verification,PI-000804|A05,n_match,Three-Way Match,serviceTask,5,TK-0003423,EMP-0077,财务专员,2024-02-06 13:37:29.488286,2024-02-06 13:43:03.488286,reject,334000
PI-000804,invoice_verification,PI-000804|A06,n_park,Park Invoice,userTask,6,TK-0003424,EMP-0082,财务专员,2024-02-06 14:58:12.487913,2024-02-06 15:20:40.487913,approve,1348000
PI-000804,invoice_verification,PI-000804|A07,n_handle_exc,Handle Invoice Exception,userTask,7,TK-0003425,EMP-0078,财务专员,2024-02-06 17:48:50.575997,2024-02-06 18:02:27.575997,approve,817000
PI-000804,invoice_verification,PI-000804|A08,n_match,Three-Way Match,serviceTask,8,TK-0003426,EMP-0082,财务专员,2024-02-06 20:39:04.514224,2024-02-06 20:44:34.514224,approve,330000
PI-000804,invoice_verification,PI-000804|A09,n_appr_inv,Approve Invoice,userTask,9,TK-0003428,EMP-0087,应付会计,2024-02-06 21:19:51.575460,2024-02-06 21:44:32.575460,approve,1481000
PI-000804,invoice_verification,PI-000804|A09,n_appr_inv,Approve Invoice,userTask,9,TK-0003427,EMP-0083,应付会计,2024-02-06 21:53:05.462720,2024-02-06 23:11:54.462720,approve,4729000
PI-000804,invoice_verification,PI-000804|A10,n_pay,Post Payment,serviceTask,10,TK-0003429,EMP-0089,出纳,2024-02-07 00:22:03.998056,2024-02-07 00:28:05.998056,approve,362000
PI-000804,invoice_verification,PI-000804|A11,n_clear,Clear Invoice,serviceTask,11,TK-0003430,EMP-0087,应付会计,2024-02-07 01:31:36.449938,2024-02-07 01:41:36.449938,approve,600000
PI-000805,purchase_requisition,PI-000805|A01,n_submit,Submit Purchase Requisition,userTask,1,TK-0003431,EMP-0009,采购申请人,2024-02-01 04:50:47.536657,2024-02-01 05:19:04.536657,approve,1697000
PI-000805,purchase_requisition,PI-000805|A02,n_mgr_appr,Approve Requisition by Manager,userTask,2,TK-0003433,EMP-0047,部门经理,2024-02-01 06:09:04.431827,2024-02-01 06:57:19.431827,reject,2895000
PI-000805,purchase_requisition,PI-000805|A02,n_mgr_appr,Approve Requisition by Manager,userTask,2,TK-0003432,EMP-0044,部门经理,2024-02-01 07:18:20.754042,2024-02-01 08:33:17.754042,reject,4497000
PI-000805,purchase_requisition,PI-000805|A03,n_cancel,Cancel Requisition,serviceTask,3,TK-0003434,EMP-0059,采购专员,2024-02-01 09:51:29.881463,2024-02-01 10:25:05.881463,approve,2016000
PI-000806,purchase_requisition,PI-000806|A01,n_submit,Submit Purchase Requisition,userTask,1,TK-0003435,EMP-0023,采购申请人,2024-02-01 08:54:22.412056,2024-02-01 09:04:20.412056,approve,598000
PI-000806,purchase_requisition,PI-000806|A02,n_mgr_appr,Approve Requisition by Manager,userTask,2,TK-0003437,EMP-0042,部门经理,2024-02-01 09:34:55.293143,2024-02-01 10:31:27.293143,approve,3392000
PI-000806,purchase_requisition,PI-000806|A02,n_mgr_appr,Approve Requisition by Manager,userTask,2,TK-0003438,EMP-0043,部门经理,2024-02-01 09:46:53.832903,2024-02-01 10:20:59.832903,approve,2046000
PI-000806,purchase_requisition,PI-000806|A02,n_mgr_appr,Approve Requisition by Manager,userTask,2,TK-0003436,EMP-0041,部门经理,2024-02-01 10:42:15.792375,2024-02-01 12:55:19.792375,approve,7984000
PI-000806,purchase_requisition,PI-000806|A03,n_convert,Convert to Purchase Order,serviceTask,3,TK-0003439,EMP-0061,采购专员,2024-02-01 14:11:38.645749,2024-02-01 14:16:06.645749,approve,268000
PI-000807,purchase_order,PI-000807|A01,n_create_po,Create Purchase Order,serviceTask,1,TK-0003440,EMP-0058,采购专员,2024-02-02 13:46:49.154982,2024-02-02 14:15:43.154982,approve,1734000
PI-000807,purchase_order,PI-000807|A02,n_dir_appr,Approve Purchase Order by Director,userTask,2,TK-0003441,EMP-0051,采购总监,2024-02-02 17:38:35.850020,2024-02-02 22:20:05.850020,approve,16890000
PI-000807,purchase_order,PI-000807|A03,n_send_po,Send Order to Supplier,serviceTask,3,TK-0003442,EMP-0055,采购专员,2024-02-02 23:18:09.605773,2024-02-02 23:19:26.605773,approve,77000
PI-000808,goods_receipt,PI-000808|A01,n_post_gr,Post Goods Receipt,serviceTask,1,TK-0003443,EMP-0062,仓储专员,2024-02-05 15:22:14.389439,2024-02-05 15:29:03.389439,approve,409000
PI-000808,goods_receipt,PI-000808|A02,n_inspect,Quality Inspection,userTask,2,TK-0003444,EMP-0073,质检员,2024-02-05 18:24:30.990717,2024-02-05 18:55:07.990717,approve,1837000
PI-000808,goods_receipt,PI-000808|A03,n_putaway,Putaway to Warehouse,serviceTask,3,TK-0003445,EMP-0062,仓储专员,2024-02-05 22:21:23.875857,2024-02-05 23:10:34.875857,approve,2951000
PI-000809,invoice_verification,PI-000809|A01,n_enter_inv,Enter Incoming Invoice,userTask,1,TK-0003446,EMP-0079,财务专员,2024-02-10 13:45:35.379730,2024-02-10 14:07:48.379730,approve,1333000
PI-000809,invoice_verification,PI-000809|A02,n_match,Three-Way Match,serviceTask,2,TK-0003447,EMP-0082,财务专员,2024-02-10 15:44:58.466059,2024-02-10 16:01:21.466059,approve,983000
PI-000809,invoice_verification,PI-000809|A03,n_appr_inv,Approve Invoice,userTask,3,TK-0003449,EMP-0084,应付会计,2024-02-10 16:25:49.622074,2024-02-10 17:22:47.622074,approve,3418000
PI-000809,invoice_verification,PI-000809|A03,n_appr_inv,Approve Invoice,userTask,3,TK-0003448,EMP-0086,应付会计,2024-02-10 17:05:12.444938,2024-02-10 18:20:36.444938,approve,4524000
PI-000809,invoice_verification,PI-000809|A04,n_pay,Post Payment,serviceTask,4,TK-0003450,EMP-0090,出纳,2024-02-10 18:31:25.125473,2024-02-10 18:46:10.125473,approve,885000
PI-000809,invoice_verification,PI-000809|A05,n_clear,Clear Invoice,serviceTask,5,TK-0003451,EMP-0085,应付会计,2024-02-10 21:45:27.291665,2024-02-10 21:47:34.291665,approve,127000
PI-000810,purchase_requisition,PI-000810|A01,n_submit,Submit Purchase Requisition,userTask,1,TK-0003452,EMP-0012,采购申请人,2024-02-01 14:40:21.623849,2024-02-01 14:52:10.623849,approve,709000
PI-000810,purchase_requisition,PI-000810|A02,n_mgr_appr,Approve Requisition by Manager,userTask,2,TK-0003455,EMP-0047,部门经理,2024-02-01 15:02:32.840359,2024-02-01 15:34:36.840359,approve,1924000
PI-000810,purchase_requisition,PI-000810|A02,n_mgr_appr,Approve Requisition by Manager,userTask,2,TK-0003454,EMP-0044,部门经理,2024-02-01 15:06:04.443554,2024-02-01 16:39:53.443554,approve,5629000
PI-000810,purchase_requisition,PI-000810|A02,n_mgr_appr,Approve Requisition by Manager,userTask,2,TK-0003453,EMP-0048,部门经理,2024-02-01 16:05:44.013240,2024-02-01 16:57:03.013240,approve,3079000
PI-000810,purchase_requisition,PI-000810|A03,n_convert,Convert to Purchase Order,serviceTask,3,TK-0003456,EMP-0059,采购专员,2024-02-01 17:18:26.616315,2024-02-01 17:27:29.616315,approve,543000
PI-000811,purchase_order,PI-000811|A01,n_create_po,Create Purchase Order,serviceTask,1,TK-0003457,EMP-0055,采购专员,2024-02-01 22:46:14.519411,2024-02-01 22:51:08.519411,approve,294000
PI-000811,purchase_order,PI-000811|A02,n_dir_appr,Approve Purchase Order by Director,userTask,2,TK-0003458,EMP-0050,采购总监,2024-02-02 02:07:31.493755,2024-02-02 05:42:50.493755,approve,12919000
PI-000811,purchase_order,PI-000811|A03,n_send_po,Send Order to Supplier,serviceTask,3,TK-0003459,EMP-0055,采购专员,2024-02-02 08:27:39.212096,2024-02-02 08:33:56.212096,approve,377000
PI-000812,goods_receipt,PI-000812|A01,n_post_gr,Post Goods Receipt,serviceTask,1,TK-0003460,EMP-0068,仓储专员,2024-02-04 16:06:04.581180,2024-02-04 16:12:38.581180,approve,394000
PI-000812,goods_receipt,PI-000812|A02,n_inspect,Quality Inspection,userTask,2,TK-0003461,EMP-0074,质检员,2024-02-04 18:10:10.739300,2024-02-04 19:41:49.739300,approve,5499000
PI-000812,goods_receipt,PI-000812|A03,n_putaway,Putaway to Warehouse,serviceTask,3,TK-0003462,EMP-0062,仓储专员,2024-02-04 20:46:58.282759,2024-02-04 22:11:11.282759,approve,5053000
PI-000813,invoice_verification,PI-000813|A01,n_enter_inv,Enter Incoming Invoice,userTask,1,TK-0003463,EMP-0077,财务专员,2024-02-08 19:52:31.476009,2024-02-08 20:42:33.476009,approve,3002000
PI-000813,invoice_verification,PI-000813|A02,n_match,Three-Way Match,serviceTask,2,TK-0003464,EMP-0082,财务专员,2024-02-08 22:55:28.902002,2024-02-08 22:59:04.902002,approve,216000
PI-000813,invoice_verification,PI-000813|A03,n_appr_inv,Approve Invoice,userTask,3,TK-0003466,EMP-0083,应付会计,2024-02-08 23:57:01.216073,2024-02-09 02:10:06.216073,approve,7985000
PI-000813,invoice_verification,PI-000813|A03,n_appr_inv,Approve Invoice,userTask,3,TK-0003465,EMP-0086,应付会计,2024-02-09 00:47:48.456434,2024-02-09 03:18:17.456434,approve,9029000
PI-000813,invoice_verification,PI-000813|A04,n_pay,Post Payment,serviceTask,4,TK-0003467,EMP-0089,出纳,2024-02-09 05:36:16.086527,2024-02-09 05:54:05.086527,approve,1069000
PI-000813,invoice_verification,PI-000813|A05,n_clear,Clear Invoice,serviceTask,5,TK-0003468,EMP-0086,应付会计,2024-02-09 06:46:47.142493,2024-02-09 06:55:37.142493,approve,530000
PI-000814,purchase_requisition,PI-000814|A01,n_submit,Submit Purchase Requisition,userTask,1,TK-0003469,EMP-0037,采购申请人,2024-02-01 22:18:43.099989,2024-02-01 22:53:27.099989,approve,2084000
PI-000814,purchase_requisition,PI-000814|A02,n_mgr_appr,Approve Requisition by Manager,userTask,2,TK-0003470,EMP-0041,部门经理,2024-02-01 22:58:58.074636,2024-02-01 23:28:32.074636,approve,1774000
PI-000814,purchase_requisition,PI-000814|A02,n_mgr_appr,Approve Requisition by Manager,userTask,2,TK-0003471,EMP-0044,部门经理,2024-02-01 23:05:49.315089,2024-02-02 00:04:29.315089,approve,3520000
PI-000814,purchase_requisition,PI-000814|A03,n_convert,Convert to Purchase Order,serviceTask,3,TK-0003472,EMP-0054,采购专员,2024-02-02 02:49:32.904259,2024-02-02 03:11:54.904259,approve,1342000
PI-000815,purchase_order,PI-000815|A01,n_create_po,Create Purchase Order,serviceTask,1,TK-0003473,EMP-0052,采购专员,2024-02-02 22:39:33.166269,2024-02-02 22:48:53.166269,approve,560000
PI-000815,purchase_order,PI-000815|A02,n_dir_appr,Approve Purchase Order by Director,userTask,2,TK-0003474,EMP-0049,采购总监,2024-02-03 00:17:25.881504,2024-02-03 01:20:34.881504,approve,3789000
PI-000815,purchase_order,PI-000815|A03,n_send_po,Send Order to Supplier,serviceTask,3,TK-0003475,EMP-0052,采购专员,2024-02-03 02:19:35.227800,2024-02-03 02:26:12.227800,approve,397000
PI-000816,goods_receipt,PI-000816|A01,n_post_gr,Post Goods Receipt,serviceTask,1,TK-0003476,EMP-0064,仓储专员,2024-02-04 10:07:32.354638,2024-02-04 10:23:33.354638,approve,961000
PI-000816,goods_receipt,PI-000816|A02,n_inspect,Quality Inspection,userTask,2,TK-0003477,EMP-0073,质检员,2024-02-04 10:40:03.893163,2024-02-04 11:03:06.893163,approve,1383000
PI-000816,goods_receipt,PI-000816|A03,n_putaway,Putaway to Warehouse,serviceTask,3,TK-0003478,EMP-0065,仓储专员,2024-02-04 11:39:44.501688,2024-02-04 12:09:01.501688,approve,1757000
PI-000817,invoice_verification,PI-000817|A01,n_enter_inv,Enter Incoming Invoice,userTask,1,TK-0003479,EMP-0076,财务专员,2024-02-07 17:41:40.985818,2024-02-07 18:27:53.985818,approve,2773000
PI-000817,invoice_verification,PI-000817|A02,n_match,Three-Way Match,serviceTask,2,TK-0003480,EMP-0082,财务专员,2024-02-07 21:10:11.248687,2024-02-07 21:12:59.248687,approve,168000
PI-000817,invoice_verification,PI-000817|A03,n_appr_inv,Approve Invoice,userTask,3,TK-0003482,EMP-0087,应付会计,2024-02-07 21:15:12.301652,2024-02-07 21:37:56.301652,approve,1364000
PI-000817,invoice_verification,PI-000817|A03,n_appr_inv,Approve Invoice,userTask,3,TK-0003481,EMP-0084,应付会计,2024-02-07 22:39:03.969278,2024-02-08 00:58:25.969278,approve,8362000
PI-000817,invoice_verification,PI-000817|A04,n_pay,Post Payment,serviceTask,4,TK-0003483,EMP-0089,出纳,2024-02-08 03:21:01.386448,2024-02-08 03:33:12.386448,approve,731000
PI-000817,invoice_verification,PI-000817|A05,n_clear,Clear Invoice,serviceTask,5,TK-0003484,EMP-0087,应付会计,2024-02-08 07:24:54.184311,2024-02-08 07:32:37.184311,approve,463000
PI-000818,purchase_requisition,PI-000818|A01,n_submit,Submit Purchase Requisition,userTask,1,TK-0003485,EMP-0028,采购申请人,2024-02-01 22:39:22.836129,2024-02-01 23:41:27.836129,approve,3725000
PI-000818,purchase_requisition,PI-000818|A02,n_mgr_appr,Approve Requisition by Manager,userTask,2,TK-0003487,EMP-0042,部门经理,2024-02-01 23:51:01.231576,2024-02-02 01:08:12.231576,approve,4631000
PI-000818,purchase_requisition,PI-000818|A02,n_mgr_appr,Approve Requisition by Manager,userTask,2,TK-0003486,EMP-0045,部门经理,2024-02-02 00:20:51.120527,2024-02-02 01:28:22.120527,approve,4051000
PI-000818,purchase_requisition,PI-000818|A03,n_convert,Convert to Purchase Order,serviceTask,3,TK-0003488,EMP-0054,采购专员,2024-02-02 02:43:57.466710,2024-02-02 03:03:18.466710,approve,1161000
PI-000819,purchase_order,PI-000819|A01,n_create_po,Create Purchase Order,serviceTask,1,TK-0003489,EMP-0059,采购专员,2024-02-02 13:43:19.468861,2024-02-02 13:54:36.468861,approve,677000
PI-000819,purchase_order,PI-000819|A02,n_dir_appr,Approve Purchase Order by Director,userTask,2,TK-0003490,EMP-0050,采购总监,2024-02-02 14:51:57.955384,2024-02-02 16:28:21.955384,approve,5784000
PI-000819,purchase_order,PI-000819|A03,n_send_po,Send Order to Supplier,serviceTask,3,TK-0003491,EMP-0061,采购专员,2024-02-02 16:44:22.896431,2024-02-02 16:52:38.896431,approve,496000
PI-000820,goods_receipt,PI-000820|A01,n_post_gr,Post Goods Receipt,serviceTask,1,TK-0003492,EMP-0066,仓储专员,2024-02-02 21:08:16.555649,2024-02-02 21:19:48.555649,approve,692000
PI-000820,goods_receipt,PI-000820|A02,n_inspect,Quality Inspection,userTask,2,TK-0003493,EMP-0073,质检员,2024-02-02 22:54:33.951845,2024-02-03 01:09:05.951845,approve,8072000
PI-000820,goods_receipt,PI-000820|A03,n_putaway,Putaway to Warehouse,serviceTask,3,TK-0003494,EMP-0064,仓储专员,2024-02-03 04:50:58.034497,2024-02-03 04:57:25.034497,approve,387000
PI-000821,goods_receipt,PI-000821|A01,n_post_gr,Post Goods Receipt,serviceTask,1,TK-0003495,EMP-0063,仓储专员,2024-02-05 05:45:57.013050,2024-02-05 05:52:49.013050,approve,412000
PI-000821,goods_receipt,PI-000821|A02,n_inspect,Quality Inspection,userTask,2,TK-0003496,EMP-0073,质检员,2024-02-05 06:41:08.301161,2024-02-05 07:07:00.301161,reject,1552000
PI-000821,goods_receipt,PI-000821|A03,n_return,Return to Supplier,serviceTask,3,TK-0003497,EMP-0067,仓储专员,2024-02-05 08:50:57.870023,2024-02-05 09:46:10.870023,approve,3313000
PI-000822,invoice_verification,PI-000822|A01,n_enter_inv,Enter Incoming Invoice,userTask,1,TK-0003498,EMP-0077,财务专员,2024-02-07 20:07:02.760580,2024-02-07 21:14:35.760580,approve,4053000
PI-000822,invoice_verification,PI-000822|A02,n_match,Three-Way Match,serviceTask,2,TK-0003499,EMP-0080,财务专员,2024-02-07 23:44:27.801388,2024-02-07 23:52:06.801388,approve,459000
PI-000822,invoice_verification,PI-000822|A03,n_appr_inv,Approve Invoice,userTask,3,TK-0003501,EMP-0083,应付会计,2024-02-08 00:36:22.308753,2024-02-08 01:07:39.308753,approve,1877000
PI-000822,invoice_verification,PI-000822|A03,n_appr_inv,Approve Invoice,userTask,3,TK-0003500,EMP-0087,应付会计,2024-02-08 01:27:55.344503,2024-02-08 01:55:57.344503,approve,1682000
PI-000822,invoice_verification,PI-000822|A04,n_pay,Post Payment,serviceTask,4,TK-0003502,EMP-0088,出纳,2024-02-08 02:34:37.162997,2024-02-08 02:48:56.162997,approve,859000
PI-000822,invoice_verification,PI-000822|A05,n_clear,Clear Invoice,serviceTask,5,TK-0003503,EMP-0083,应付会计,2024-02-08 04:35:31.930794,2024-02-08 04:47:30.930794,approve,719000
PI-000823,purchase_requisition,PI-000823|A01,n_submit,Submit Purchase Requisition,userTask,1,TK-0003504,EMP-0020,采购申请人,2024-02-02 06:43:59.969387,2024-02-02 07:02:48.969387,approve,1129000
PI-000823,purchase_requisition,PI-000823|A02,n_mgr_appr,Approve Requisition by Manager,userTask,2,TK-0003506,EMP-0044,部门经理,2024-02-02 07:48:18.708475,2024-02-02 09:27:48.708475,approve,5970000
PI-000823,purchase_requisition,PI-000823|A02,n_mgr_appr,Approve Requisition by Manager,userTask,2,TK-0003505,EMP-0042,部门经理,2024-02-02 08:19:01.747473,2024-02-02 09:51:12.747473,approve,5531000
PI-000823,purchase_requisition,PI-000823|A03,n_convert,Convert to Purchase Order,serviceTask,3,TK-0003507,EMP-0061,采购专员,2024-02-02 10:49:00.084721,2024-02-02 11:03:27.084721,approve,867000
PI-000824,purchase_order,PI-000824|A01,n_create_po,Create Purchase Order,serviceTask,1,TK-0003508,EMP-0055,采购专员,2024-02-02 20:06:28.859554,2024-02-02 20:29:37.859554,approve,1389000
PI-000824,purchase_order,PI-000824|A02,n_dir_appr,Approve Purchase Order by Director,userTask,2,TK-0003509,EMP-0050,采购总监,2024-02-02 21:54:37.315148,2024-02-03 01:49:16.315148,approve,14079000
PI-000824,purchase_order,PI-000824|A03,n_send_po,Send Order to Supplier,serviceTask,3,TK-0003510,EMP-0055,采购专员,2024-02-03 03:33:42.033510,2024-02-03 03:36:29.033510,approve,167000
PI-000825,goods_receipt,PI-000825|A01,n_post_gr,Post Goods Receipt,serviceTask,1,TK-0003511,EMP-0067,仓储专员,2024-02-03 16:52:36.227082,2024-02-03 17:20:10.227082,approve,1654000
PI-000825,goods_receipt,PI-000825|A02,n_inspect,Quality Inspection,userTask,2,TK-0003512,EMP-0072,质检员,2024-02-03 17:47:41.537020,2024-02-03 18:22:42.537020,approve,2101000
PI-000825,goods_receipt,PI-000825|A03,n_putaway,Putaway to Warehouse,serviceTask,3,TK-0003513,EMP-0066,仓储专员,2024-02-03 20:56:42.640713,2024-02-03 21:38:19.640713,approve,2497000
PI-000826,invoice_verification,PI-000826|A01,n_enter_inv,Enter Incoming Invoice,userTask,1,TK-0003514,EMP-0079,财务专员,2024-02-05 12:42:10.264405,2024-02-05 13:10:44.264405,approve,1714000
PI-000826,invoice_verification,PI-000826|A02,n_match,Three-Way Match,serviceTask,2,TK-0003515,EMP-0077,财务专员,2024-02-05 14:31:06.725210,2024-02-05 14:39:40.725210,approve,514000
PI-000826,invoice_verification,PI-000826|A03,n_appr_inv,Approve Invoice,userTask,3,TK-0003517,EMP-0083,应付会计,2024-02-05 15:33:03.747805,2024-02-05 17:18:19.747805,approve,6316000
PI-000826,invoice_verification,PI-000826|A03,n_appr_inv,Approve Invoice,userTask,3,TK-0003516,EMP-0087,应付会计,2024-02-05 16:21:47.640722,2024-02-05 19:54:34.640722,approve,12767000
PI-000826,invoice_verification,PI-000826|A04,n_pay,Post Payment,serviceTask,4,TK-0003518,EMP-0090,出纳,2024-02-05 22:41:23.667904,2024-02-05 22:55:44.667904,approve,861000
PI-000826,invoice_verification,PI-000826|A05,n_clear,Clear Invoice,serviceTask,5,TK-0003519,EMP-0083,应付会计,2024-02-06 01:25:36.900465,2024-02-06 01:56:08.900465,approve,1832000
PI-000827,purchase_requisition,PI-000827|A01,n_submit,Submit Purchase Requisition,userTask,1,TK-0003520,EMP-0008,采购申请人,2024-02-02 12:04:23.225535,2024-02-02 12:34:22.225535,approve,1799000
PI-000827,purchase_requisition,PI-000827|A02,n_mgr_appr,Approve Requisition by Manager,userTask,2,TK-0003521,EMP-0042,部门经理,2024-02-02 12:54:47.707883,2024-02-02 16:31:58.707883,approve,13031000
PI-000827,purchase_requisition,PI-000827|A02,n_mgr_appr,Approve Requisition by Manager,userTask,2,TK-0003523,EMP-0044,部门经理,2024-02-02 13:17:54.319455,2024-02-02 13:59:38.319455,approve,2504000
PI-000827,purchase_requisition,PI-000827|A02,n_mgr_appr,Approve Requisition by Manager,userTask,2,TK-0003522,EMP-0046,部门经理,2024-02-02 13:26:58.902188,2024-02-02 19:10:02.902188,approve,20584000
PI-000827,purchase_requisition,PI-000827|A03,n_convert,Convert to Purchase Order,serviceTask,3,TK-0003524,EMP-0058,采购专员,2024-02-02 22:55:50.525749,2024-02-02 23:03:07.525749,approve,437000
PI-000828,purchase_order,PI-000828|A01,n_create_po,Create Purchase Order,serviceTask,1,TK-0003525,EMP-0060,采购专员,2024-02-03 16:04:45.179878,2024-02-03 16:30:40.179878,approve,1555000
PI-000828,purchase_order,PI-000828|A02,n_dir_appr,Approve Purchase Order by Director,userTask,2,TK-0003526,EMP-0049,采购总监,2024-02-03 18:29:47.029689,2024-02-03 20:02:44.029689,approve,5577000
PI-000828,purchase_order,PI-000828|A03,n_send_po,Send Order to Supplier,serviceTask,3,TK-0003527,EMP-0052,采购专员,2024-02-03 21:13:46.800688,2024-02-03 21:26:29.800688,approve,763000
PI-000829,goods_receipt,PI-000829|A01,n_post_gr,Post Goods Receipt,serviceTask,1,TK-0003528,EMP-0067,仓储专员,2024-02-05 08:59:28.296446,2024-02-05 09:21:05.296446,approve,1297000
PI-000829,goods_receipt,PI-000829|A02,n_inspect,Quality Inspection,userTask,2,TK-0003529,EMP-0072,质检员,2024-02-05 11:53:36.014589,2024-02-05 12:55:06.014589,approve,3690000
PI-000829,goods_receipt,PI-000829|A03,n_putaway,Putaway to Warehouse,serviceTask,3,TK-0003530,EMP-0064,仓储专员,2024-02-05 14:29:26.743329,2024-02-05 14:58:33.743329,approve,1747000
PI-000830,invoice_verification,PI-000830|A01,n_enter_inv,Enter Incoming Invoice,userTask,1,TK-0003531,EMP-0079,财务专员,2024-02-10 14:53:58.726339,2024-02-10 15:27:28.726339,approve,2010000
PI-000830,invoice_verification,PI-000830|A02,n_match,Three-Way Match,serviceTask,2,TK-0003532,EMP-0082,财务专员,2024-02-10 17:33:41.013232,2024-02-10 17:54:18.013232,approve,1237000
PI-000830,invoice_verification,PI-000830|A03,n_appr_inv,Approve Invoice,userTask,3,TK-0003534,EMP-0087,应付会计,2024-02-10 18:32:46.275077,2024-02-10 19:27:39.275077,approve,3293000
PI-000830,invoice_verification,PI-000830|A03,n_appr_inv,Approve Invoice,userTask,3,TK-0003533,EMP-0086,应付会计,2024-02-10 19:48:48.883155,2024-02-10 20:41:56.883155,approve,3188000
PI-000830,invoice_verification,PI-000830|A04,n_pay,Post Payment,serviceTask,4,TK-0003535,EMP-0089,出纳,2024-02-10 23:09:43.547831,2024-02-10 23:15:55.547831,approve,372000
PI-000830,invoice_verification,PI-000830|A05,n_clear,Clear Invoice,serviceTask,5,TK-0003536,EMP-0086,应付会计,2024-02-11 01:13:54.912046,2024-02-11 01:37:36.912046,approve,1422000
PI-000831,purchase_requisition,PI-000831|A01,n_submit,Submit Purchase Requisition,userTask,1,TK-0003537,EMP-0027,采购申请人,2024-02-02 15:54:41.173588,2024-02-02 16:11:13.173588,approve,992000
PI-000831,purchase_requisition,PI-000831|A02,n_mgr_appr,Approve Requisition by Manager,userTask,2,TK-0003540,EMP-0042,部门经理,2024-02-02 16:21:01.939036,2024-02-02 18:49:50.939036,approve,8929000
PI-000831,purchase_requisition,PI-000831|A02,n_mgr_appr,Approve Requisition by Manager,userTask,2,TK-0003539,EMP-0043,部门经理,2024-02-02 16:47:21.401616,2024-02-02 17:00:32.401616,approve,791000
PI-000831,purchase_requisition,PI-000831|A02,n_mgr_appr,Approve Requisition by Manager,userTask,2,TK-0003538,EMP-0044,部门经理,2024-02-02 18:02:43.459037,2024-02-02 19:21:15.459037,approve,4712000
PI-000831,purchase_requisition,PI-000831|A03,n_convert,Convert to Purchase Order,serviceTask,3,TK-0003541,EMP-0055,采购专员,2024-02-02 20:22:42.651609,2024-02-02 20:32:01.651609,approve,559000
PI-000832,purchase_order,PI-000832|A01,n_create_po,Create Purchase Order,serviceTask,1,TK-0003542,EMP-0054,采购专员,2024-02-03 13:30:00.630783,2024-02-03 13:37:46.630783,approve,466000
PI-000832,purchase_order,PI-000832|A02,n_send_po,Send Order to Supplier,serviceTask,2,TK-0003543,EMP-0053,采购专员,2024-02-03 14:16:31.070951,2024-02-03 14:22:48.070951,approve,377000
PI-000833,goods_receipt,PI-000833|A01,n_post_gr,Post Goods Receipt,serviceTask,1,TK-0003544,EMP-0062,仓储专员,2024-02-03 22:29:47.209894,2024-02-03 23:00:22.209894,approve,1835000
PI-000833,goods_receipt,PI-000833|A02,n_inspect,Quality Inspection,userTask,2,TK-0003545,EMP-0073,质检员,2024-02-04 00:39:42.818328,2024-02-04 01:20:13.818328,approve,2431000
PI-000833,goods_receipt,PI-000833|A03,n_putaway,Putaway to Warehouse,serviceTask,3,TK-0003546,EMP-0063,仓储专员,2024-02-04 02:57:17.180088,2024-02-04 03:43:37.180088,approve,2780000
PI-000834,invoice_verification,PI-000834|A01,n_enter_inv,Enter Incoming Invoice,userTask,1,TK-0003547,EMP-0080,财务专员,2024-02-07 03:44:14.231854,2024-02-07 05:03:01.231854,approve,4727000
PI-000834,invoice_verification,PI-000834|A02,n_match,Three-Way Match,serviceTask,2,TK-0003548,EMP-0082,财务专员,2024-02-07 09:01:02.646721,2024-02-07 09:11:02.646721,approve,600000
PI-000834,invoice_verification,PI-000834|A03,n_appr_inv,Approve Invoice,userTask,3,TK-0003550,EMP-0086,应付会计,2024-02-07 09:59:21.243165,2024-02-07 10:26:12.243165,approve,1611000
PI-000834,invoice_verification,PI-000834|A03,n_appr_inv,Approve Invoice,userTask,3,TK-0003549,EMP-0084,应付会计,2024-02-07 10:35:45.637277,2024-02-07 11:10:51.637277,approve,2106000
PI-000834,invoice_verification,PI-000834|A04,n_pay,Post Payment,serviceTask,4,TK-0003551,EMP-0089,出纳,2024-02-07 13:44:20.530236,2024-02-07 13:52:49.530236,approve,509000
PI-000834,invoice_verification,PI-000834|A05,n_clear,Clear Invoice,serviceTask,5,TK-0003552,EMP-0085,应付会计,2024-02-07 14:06:58.767033,2024-02-07 14:11:33.767033,approve,275000
PI-000835,purchase_order,PI-000835|A01,n_create_po,Create Purchase Order,serviceTask,1,TK-0003553,EMP-0060,采购专员,2024-02-03 01:28:16.903400,2024-02-03 01:34:34.903400,approve,378000
PI-000835,purchase_order,PI-000835|A02,n_dir_appr,Approve Purchase Order by Director,userTask,2,TK-0003554,EMP-0049,采购总监,2024-02-03 02:30:41.792778,2024-02-03 03:05:35.792778,reject,2094000
PI-000835,purchase_order,PI-000835|A03,n_revise_po,Revise Purchase Order,serviceTask,3,TK-0003555,EMP-0061,采购专员,2024-02-03 03:18:30.193909,2024-02-03 03:53:39.193909,approve,2109000
PI-000835,purchase_order,PI-000835|A04,n_create_po,Create Purchase Order,serviceTask,4,TK-0003556,EMP-0057,采购专员,2024-02-03 04:31:40.738362,2024-02-03 04:44:01.738362,approve,741000
PI-000835,purchase_order,PI-000835|A05,n_dir_appr,Approve Purchase Order by Director,userTask,5,TK-0003557,EMP-0050,采购总监,2024-02-03 06:00:13.065104,2024-02-03 06:36:28.065104,approve,2175000
PI-000835,purchase_order,PI-000835|A06,n_send_po,Send Order to Supplier,serviceTask,6,TK-0003558,EMP-0053,采购专员,2024-02-03 07:38:52.925897,2024-02-03 07:43:27.925897,approve,275000
PI-000836,goods_receipt,PI-000836|A01,n_post_gr,Post Goods Receipt,serviceTask,1,TK-0003559,EMP-0068,仓储专员,2024-02-03 14:29:23.909019,2024-02-03 14:58:08.909019,approve,1725000
PI-000836,goods_receipt,PI-000836|A02,n_inspect,Quality Inspection,userTask,2,TK-0003560,EMP-0070,质检员,2024-02-03 16:33:12.519377,2024-02-03 16:49:00.519377,approve,948000
PI-000836,goods_receipt,PI-000836|A03,n_putaway,Putaway to Warehouse,serviceTask,3,TK-0003561,EMP-0063,仓储专员,2024-02-03 20:09:15.071116,2024-02-03 20:59:46.071116,approve,3031000
PI-000837,goods_receipt,PI-000837|A01,n_post_gr,Post Goods Receipt,serviceTask,1,TK-0003562,EMP-0066,仓储专员,2024-02-05 13:58:57.190277,2024-02-05 14:04:40.190277,approve,343000
PI-000837,goods_receipt,PI-000837|A02,n_inspect,Quality Inspection,userTask,2,TK-0003563,EMP-0070,质检员,2024-02-05 16:10:51.118610,2024-02-05 18:34:48.118610,approve,8637000
PI-000837,goods_receipt,PI-000837|A03,n_putaway,Putaway to Warehouse,serviceTask,3,TK-0003564,EMP-0067,仓储专员,2024-02-05 22:16:23.099134,2024-02-05 22:57:13.099134,approve,2450000
PI-000838,invoice_verification,PI-000838|A01,n_enter_inv,Enter Incoming Invoice,userTask,1,TK-0003565,EMP-0082,财务专员,2024-02-09 08:44:09.163460,2024-02-09 10:27:11.163460,approve,6182000
PI-000838,invoice_verification,PI-000838|A02,n_match,Three-Way Match,serviceTask,2,TK-0003566,EMP-0082,财务专员,2024-02-09 10:55:42.397152,2024-02-09 11:07:29.397152,approve,707000
PI-000838,invoice_verification,PI-000838|A03,n_appr_inv,Approve Invoice,userTask,3,TK-0003568,EMP-0085,应付会计,2024-02-09 11:25:15.143772,2024-02-09 11:53:03.143772,approve,1668000
PI-000838,invoice_verification,PI-000838|A03,n_appr_inv,Approve Invoice,userTask,3,TK-0003567,EMP-0083,应付会计,2024-02-09 12:45:33.734259,2024-02-09 12:52:34.734259,approve,421000
PI-000838,invoice_verification,PI-000838|A04,n_pay,Post Payment,serviceTask,4,TK-0003569,EMP-0089,出纳,2024-02-09 15:33:00.366546,2024-02-09 15:44:28.366546,approve,688000
PI-000838,invoice_verification,PI-000838|A05,n_clear,Clear Invoice,serviceTask,5,TK-0003570,EMP-0085,应付会计,2024-02-09 15:55:53.598075,2024-02-09 16:01:24.598075,approve,331000
PI-000839,invoice_verification,PI-000839|A01,n_enter_inv,Enter Incoming Invoice,userTask,1,TK-0003571,EMP-0078,财务专员,2024-02-14 13:32:41.375342,2024-02-14 13:46:13.375342,approve,812000
PI-000839,invoice_verification,PI-000839|A02,n_match,Three-Way Match,serviceTask,2,TK-0003572,EMP-0079,财务专员,2024-02-14 14:12:07.733624,2024-02-14 14:27:14.733624,approve,907000
PI-000839,invoice_verification,PI-000839|A03,n_appr_inv,Approve Invoice,userTask,3,TK-0003574,EMP-0084,应付会计,2024-02-14 14:42:48.158578,2024-02-14 14:59:59.158578,approve,1031000
PI-000839,invoice_verification,PI-000839|A03,n_appr_inv,Approve Invoice,userTask,3,TK-0003573,EMP-0083,应付会计,2024-02-14 14:51:32.758420,2024-02-14 16:19:38.758420,approve,5286000
PI-000839,invoice_verification,PI-000839|A04,n_pay,Post Payment,serviceTask,4,TK-0003575,EMP-0088,出纳,2024-02-14 16:45:13.764907,2024-02-14 17:00:33.764907,approve,920000
PI-000839,invoice_verification,PI-000839|A05,n_clear,Clear Invoice,serviceTask,5,TK-0003576,EMP-0084,应付会计,2024-02-14 18:21:15.645108,2024-02-14 18:26:08.645108,approve,293000
PI-000840,purchase_requisition,PI-000840|A01,n_submit,Submit Purchase Requisition,userTask,1,TK-0003577,EMP-0029,采购申请人,2024-02-02 17:47:16.011358,2024-02-02 18:04:01.011358,approve,1005000
PI-000840,purchase_requisition,PI-000840|A02,n_mgr_appr,Approve Requisition by Manager,userTask,2,TK-0003579,EMP-0044,部门经理,2024-02-02 18:07:29.240367,2024-02-02 18:29:32.240367,approve,1323000
PI-000840,purchase_requisition,PI-000840|A02,n_mgr_appr,Approve Requisition by Manager,userTask,2,TK-0003580,EMP-0041,部门经理,2024-02-02 19:01:27.039902,2024-02-02 22:31:49.039902,approve,12622000
PI-000840,purchase_requisition,PI-000840|A02,n_mgr_appr,Approve Requisition by Manager,userTask,2,TK-0003578,EMP-0042,部门经理,2024-02-02 19:52:18.474729,2024-02-02 20:04:34.474729,approve,736000
PI-000840,purchase_requisition,PI-000840|A03,n_convert,Convert to Purchase Order,serviceTask,3,TK-0003581,EMP-0061,采购专员,2024-02-02 23:23:10.556631,2024-02-02 23:26:14.556631,approve,184000
PI-000841,purchase_order,PI-000841|A01,n_create_po,Create Purchase Order,serviceTask,1,TK-0003582,EMP-0052,采购专员,2024-02-03 11:03:11.108170,2024-02-03 11:13:17.108170,approve,606000
PI-000841,purchase_order,PI-000841|A02,n_dir_appr,Approve Purchase Order by Director,userTask,2,TK-0003583,EMP-0051,采购总监,2024-02-03 12:57:39.632509,2024-02-03 14:01:22.632509,approve,3823000
PI-000841,purchase_order,PI-000841|A03,n_send_po,Send Order to Supplier,serviceTask,3,TK-0003584,EMP-0061,采购专员,2024-02-03 16:58:01.431126,2024-02-03 17:02:11.431126,approve,250000
PI-000842,goods_receipt,PI-000842|A01,n_post_gr,Post Goods Receipt,serviceTask,1,TK-0003585,EMP-0062,仓储专员,2024-02-04 21:33:06.837271,2024-02-04 21:54:12.837271,approve,1266000
PI-000842,goods_receipt,PI-000842|A02,n_inspect,Quality Inspection,userTask,2,TK-0003586,EMP-0072,质检员,2024-02-04 22:49:36.474271,2024-02-04 23:28:10.474271,approve,2314000
PI-000842,goods_receipt,PI-000842|A03,n_putaway,Putaway to Warehouse,serviceTask,3,TK-0003587,EMP-0069,仓储专员,2024-02-05 00:28:29.022604,2024-02-05 01:02:12.022604,approve,2023000
PI-000843,goods_receipt,PI-000843|A01,n_post_gr,Post Goods Receipt,serviceTask,1,TK-0003588,EMP-0065,仓储专员,2024-02-07 08:27:39.766849,2024-02-07 08:50:59.766849,approve,1400000
PI-000843,goods_receipt,PI-000843|A02,n_inspect,Quality Inspection,userTask,2,TK-0003589,EMP-0074,质检员,2024-02-07 09:32:03.184042,2024-02-07 10:11:26.184042,approve,2363000
PI-000843,goods_receipt,PI-000843|A03,n_putaway,Putaway to Warehouse,serviceTask,3,TK-0003590,EMP-0066,仓储专员,2024-02-07 13:01:14.448849,2024-02-07 13:22:34.448849,approve,1280000
PI-000844,invoice_verification,PI-000844|A01,n_enter_inv,Enter Incoming Invoice,userTask,1,TK-0003591,EMP-0081,财务专员,2024-02-09 14:46:56.993481,2024-02-09 15:02:47.993481,approve,951000
PI-000844,invoice_verification,PI-000844|A02,n_match,Three-Way Match,serviceTask,2,TK-0003592,EMP-0080,财务专员,2024-02-09 16:56:29.349733,2024-02-09 17:01:12.349733,approve,283000
PI-000844,invoice_verification,PI-000844|A03,n_appr_inv,Approve Invoice,userTask,3,TK-0003594,EMP-0087,应付会计,2024-02-09 17:34:14.549134,2024-02-09 18:30:26.549134,approve,3372000
PI-000844,invoice_verification,PI-000844|A03,n_appr_inv,Approve Invoice,userTask,3,TK-0003593,EMP-0085,应付会计,2024-02-09 17:51:25.049648,2024-02-09 18:17:13.049648,approve,1548000
PI-000844,invoice_verification,PI-000844|A04,n_pay,Post Payment,serviceTask,4,TK-0003595,EMP-0090,出纳,2024-02-09 22:25:04.791460,2024-02-09 22:40:50.791460,approve,946000
PI-000844,invoice_verification,PI-000844|A05,n_clear,Clear Invoice,serviceTask,5,TK-0003596,EMP-0084,应付会计,2024-02-10 01:06:40.918343,2024-02-10 01:09:01.918343,approve,141000
PI-000845,purchase_requisition,PI-000845|A01,n_submit,Submit Purchase Requisition,userTask,1,TK-0003597,EMP-0007,采购申请人,2024-02-03 00:09:36.939751,2024-02-03 01:09:34.939751,approve,3598000
PI-000845,purchase_requisition,PI-000845|A02,n_mgr_appr,Approve Requisition by Manager,userTask,2,TK-0003600,EMP-0042,部门经理,2024-02-03 01:15:51.762301,2024-02-03 01:33:08.762301,approve,1037000
PI-000845,purchase_requisition,PI-000845|A02,n_mgr_appr,Approve Requisition by Manager,userTask,2,TK-0003599,EMP-0045,部门经理,2024-02-03 01:55:04.403561,2024-02-03 02:23:35.403561,approve,1711000
PI-000845,purchase_requisition,PI-000845|A02,n_mgr_appr,Approve Requisition by Manager,userTask,2,TK-0003598,EMP-0041,部门经理,2024-02-03 01:59:22.007737,2024-02-03 05:09:05.007737,approve,11383000
PI-000845,purchase_requisition,PI-000845|A03,n_convert,Convert to Purchase Order,serviceTask,3,TK-0003601,EMP-0056,采购专员,2024-02-03 09:01:33.002091,2024-02-03 09:23:41.002091,approve,1328000
PI-000846,purchase_order,PI-000846|A01,n_create_po,Create Purchase Order,serviceTask,1,TK-0003602,EMP-0055,采购专员,2024-02-04 01:07:27.151799,2024-02-04 01:50:50.151799,approve,2603000
PI-000846,purchase_order,PI-000846|A02,n_send_po,Send Order to Supplier,serviceTask,2,TK-0003603,EMP-0060,采购专员,2024-02-04 05:16:13.185108,2024-02-04 05:21:03.185108,approve,290000
PI-000847,goods_receipt,PI-000847|A01,n_post_gr,Post Goods Receipt,serviceTask,1,TK-0003604,EMP-0069,仓储专员,2024-02-05 21:42:54.816604,2024-02-05 21:55:24.816604,approve,750000
PI-000847,goods_receipt,PI-000847|A02,n_inspect,Quality Inspection,userTask,2,TK-0003605,EMP-0070,质检员,2024-02-06 00:04:05.213520,2024-02-06 00:25:35.213520,approve,1290000
PI-000847,goods_receipt,PI-000847|A03,n_putaway,Putaway to Warehouse,serviceTask,3,TK-0003606,EMP-0065,仓储专员,2024-02-06 03:45:16.640196,2024-02-06 04:00:05.640196,approve,889000
PI-000848,goods_receipt,PI-000848|A01,n_post_gr,Post Goods Receipt,serviceTask,1,TK-0003607,EMP-0063,仓储专员,2024-02-06 20:57:17.695673,2024-02-06 21:08:33.695673,approve,676000
PI-000848,goods_receipt,PI-000848|A02,n_inspect,Quality Inspection,userTask,2,TK-0003608,EMP-0074,质检员,2024-02-06 23:50:10.290346,2024-02-07 01:47:57.290346,approve,7067000
PI-000848,goods_receipt,PI-000848|A03,n_putaway,Putaway to Warehouse,serviceTask,3,TK-0003609,EMP-0064,仓储专员,2024-02-07 04:58:13.645268,2024-02-07 05:40:55.645268,approve,2562000
PI-000849,invoice_verification,PI-000849|A01,n_enter_inv,Enter Incoming Invoice,userTask,1,TK-0003610,EMP-0078,财务专员,2024-02-07 23:22:06.572087,2024-02-07 23:25:57.572087,approve,231000
PI-000849,invoice_verification,PI-000849|A02,n_match,Three-Way Match,serviceTask,2,TK-0003611,EMP-0077,财务专员,2024-02-08 03:10:59.154105,2024-02-08 03:17:57.154105,approve,418000
PI-000849,invoice_verification,PI-000849|A03,n_appr_inv,Approve Invoice,userTask,3,TK-0003613,EMP-0087,应付会计,2024-02-08 03:50:05.839714,2024-02-08 04:22:34.839714,approve,1949000
PI-000849,invoice_verification,PI-000849|A03,n_appr_inv,Approve Invoice,userTask,3,TK-0003612,EMP-0086,应付会计,2024-02-08 04:21:17.493912,2024-02-08 04:45:12.493912,approve,1435000
PI-000849,invoice_verification,PI-000849|A04,n_pay,Post Payment,serviceTask,4,TK-0003614,EMP-0089,出纳,2024-02-08 06:04:45.916674,2024-02-08 06:11:35.916674,approve,410000
PI-000849,invoice_verification,PI-000849|A05,n_clear,Clear Invoice,serviceTask,5,TK-0003615,EMP-0083,应付会计,2024-02-08 09:17:45.936974,2024-02-08 09:20:31.936974,approve,166000
PI-000850,purchase_requisition,PI-000850|A01,n_submit,Submit Purchase Requisition,userTask,1,TK-0003616,EMP-0011,采购申请人,2024-02-03 02:33:47.755721,2024-02-03 03:43:23.755721,approve,4176000
PI-000850,purchase_requisition,PI-000850|A02,n_mgr_appr,Approve Requisition by Manager,userTask,2,TK-0003618,EMP-0046,部门经理,2024-02-03 03:49:35.917428,2024-02-03 05:21:56.917428,approve,5541000
PI-000850,purchase_requisition,PI-000850|A02,n_mgr_appr,Approve Requisition by Manager,userTask,2,TK-0003619,EMP-0041,部门经理,2024-02-03 04:03:55.528480,2024-02-03 05:39:08.528480,approve,5713000
PI-000850,purchase_requisition,PI-000850|A02,n_mgr_appr,Approve Requisition by Manager,userTask,2,TK-0003617,EMP-0047,部门经理,2024-02-03 04:13:16.668177,2024-02-03 04:41:24.668177,approve,1688000
PI-000850,purchase_requisition,PI-000850|A03,n_convert,Convert to Purchase Order,serviceTask,3,TK-0003620,EMP-0055,采购专员,2024-02-03 08:33:41.451849,2024-02-03 08:40:48.451849,approve,427000
PI-000851,purchase_order,PI-000851|A01,n_create_po,Create Purchase Order,serviceTask,1,TK-0003621,EMP-0052,采购专员,2024-02-03 19:19:10.192379,2024-02-03 19:34:45.192379,approve,935000
PI-000851,purchase_order,PI-000851|A02,n_send_po,Send Order to Supplier,serviceTask,2,TK-0003622,EMP-0059,采购专员,2024-02-03 23:02:31.310022,2024-02-03 23:05:21.310022,approve,170000
PI-000852,goods_receipt,PI-000852|A01,n_post_gr,Post Goods Receipt,serviceTask,1,TK-0003623,EMP-0067,仓储专员,2024-02-06 10:29:05.656802,2024-02-06 10:32:47.656802,approve,222000
PI-000852,goods_receipt,PI-000852|A02,n_inspect,Quality Inspection,userTask,2,TK-0003624,EMP-0071,质检员,2024-02-06 13:05:26.385273,2024-02-06 13:51:13.385273,approve,2747000
PI-000852,goods_receipt,PI-000852|A03,n_putaway,Putaway to Warehouse,serviceTask,3,TK-0003625,EMP-0063,仓储专员,2024-02-06 14:05:27.732332,2024-02-06 14:32:03.732332,approve,1596000
PI-000853,goods_receipt,PI-000853|A01,n_post_gr,Post Goods Receipt,serviceTask,1,TK-0003626,EMP-0067,仓储专员,2024-02-07 11:40:15.926090,2024-02-07 11:48:24.926090,approve,489000
PI-000853,goods_receipt,PI-000853|A02,n_inspect,Quality Inspection,userTask,2,TK-0003627,EMP-0070,质检员,2024-02-07 12:08:28.079219,2024-02-07 12:50:44.079219,approve,2536000
PI-000853,goods_receipt,PI-000853|A03,n_putaway,Putaway to Warehouse,serviceTask,3,TK-0003628,EMP-0066,仓储专员,2024-02-07 16:10:41.501676,2024-02-07 16:21:07.501676,approve,626000
PI-000854,invoice_verification,PI-000854|A01,n_enter_inv,Enter Incoming Invoice,userTask,1,TK-0003629,EMP-0080,财务专员,2024-02-09 11:39:52.410412,2024-02-09 11:49:56.410412,approve,604000
PI-000854,invoice_verification,PI-000854|A02,n_match,Three-Way Match,serviceTask,2,TK-0003630,EMP-0079,财务专员,2024-02-09 14:36:46.172255,2024-02-09 15:01:05.172255,approve,1459000
PI-000854,invoice_verification,PI-000854|A03,n_appr_inv,Approve Invoice,userTask,3,TK-0003632,EMP-0087,应付会计,2024-02-09 15:10:34.098953,2024-02-09 15:49:25.098953,approve,2331000
PI-000854,invoice_verification,PI-000854|A03,n_appr_inv,Approve Invoice,userTask,3,TK-0003631,EMP-0083,应付会计,2024-02-09 15:30:12.819557,2024-02-09 15:47:19.819557,approve,1027000
PI-000854,invoice_verification,PI-000854|A04,n_pay,Post Payment,serviceTask,4,TK-0003633,EMP-0088,出纳,2024-02-09 15:55:04.868907,2024-02-09 16:47:15.868907,approve,3131000
PI-000854,invoice_verification,PI-000854|A05,n_clear,Clear Invoice,serviceTask,5,TK-0003634,EMP-0085,应付会计,2024-02-09 17:38:40.497436,2024-02-09 17:43:15.497436,approve,275000
PI-000855,purchase_requisition,PI-000855|A01,n_submit,Submit Purchase Requisition,userTask,1,TK-0003635,EMP-0037,采购申请人,2024-02-03 13:46:40.132275,2024-02-03 14:21:11.132275,approve,2071000
PI-000855,purchase_requisition,PI-000855|A02,n_convert,Convert to Purchase Order,serviceTask,2,TK-0003636,EMP-0058,采购专员,2024-02-03 16:50:03.382268,2024-02-03 17:11:30.382268,approve,1287000
PI-000856,purchase_order,PI-000856|A01,n_create_po,Create Purchase Order,serviceTask,1,TK-0003637,EMP-0052,采购专员,2024-02-04 16:40:58.808008,2024-02-04 16:54:28.808008,approve,810000
PI-000856,purchase_order,PI-000856|A02,n_dir_appr,Approve Purchase Order by Director,userTask,2,TK-0003638,EMP-0050,采购总监,2024-02-04 20:04:50.591221,2024-02-04 21:17:54.591221,approve,4384000
PI-000856,purchase_order,PI-000856|A03,n_send_po,Send Order to Supplier,serviceTask,3,TK-0003639,EMP-0059,采购专员,2024-02-04 22:58:36.347954,2024-02-04 23:06:39.347954,approve,483000
PI-000857,goods_receipt,PI-000857|A01,n_post_gr,Post Goods Receipt,serviceTask,1,TK-0003640,EMP-0068,仓储专员,2024-02-06 01:51:13.194610,2024-02-06 02:23:16.194610,approve,1923000
PI-000857,goods_receipt,PI-000857|A02,n_inspect,Quality Inspection,userTask,2,TK-0003641,EMP-0070,质检员,2024-02-06 03:45:47.731072,2024-02-06 04:10:19.731072,approve,1472000
PI-000857,goods_receipt,PI-000857|A03,n_putaway,Putaway to Warehouse,serviceTask,3,TK-0003642,EMP-0064,仓储专员,2024-02-06 04:46:37.274676,2024-02-06 05:52:31.274676,approve,3954000
PI-000858,goods_receipt,PI-000858|A01,n_post_gr,Post Goods Receipt,serviceTask,1,TK-0003643,EMP-0066,仓储专员,2024-02-08 07:22:29.848944,2024-02-08 07:29:07.848944,approve,398000
PI-000858,goods_receipt,PI-000858|A02,n_inspect,Quality Inspection,userTask,2,TK-0003644,EMP-0072,质检员,2024-02-08 07:45:06.641234,2024-02-08 08:20:22.641234,approve,2116000
PI-000858,goods_receipt,PI-000858|A03,n_putaway,Putaway to Warehouse,serviceTask,3,TK-0003645,EMP-0068,仓储专员,2024-02-08 11:41:33.659489,2024-02-08 12:07:22.659489,approve,1549000
PI-000859,invoice_verification,PI-000859|A01,n_enter_inv,Enter Incoming Invoice,userTask,1,TK-0003646,EMP-0075,财务专员,2024-02-09 05:34:04.412784,2024-02-09 05:38:27.412784,approve,263000
PI-000859,invoice_verification,PI-000859|A02,n_match,Three-Way Match,serviceTask,2,TK-0003647,EMP-0082,财务专员,2024-02-09 06:11:07.446725,2024-02-09 06:19:34.446725,approve,507000
PI-000859,invoice_verification,PI-000859|A03,n_appr_inv,Approve Invoice,userTask,3,TK-0003649,EMP-0087,应付会计,2024-02-09 06:42:42.786257,2024-02-09 08:00:13.786257,approve,4651000
PI-000859,invoice_verification,PI-000859|A03,n_appr_inv,Approve Invoice,userTask,3,TK-0003648,EMP-0084,应付会计,2024-02-09 07:06:53.482425,2024-02-09 09:16:04.482425,approve,7751000
PI-000859,invoice_verification,PI-000859|A04,n_pay,Post Payment,serviceTask,4,TK-0003650,EMP-0089,出纳,2024-02-09 11:05:37.816811,2024-02-09 11:24:37.816811,approve,1140000
PI-000859,invoice_verification,PI-000859|A05,n_clear,Clear Invoice,serviceTask,5,TK-0003651,EMP-0085,应付会计,2024-02-09 13:19:32.892855,2024-02-09 13:36:05.892855,approve,993000
PI-000860,purchase_order,PI-000860|A01,n_create_po,Create Purchase Order,serviceTask,1,TK-0003652,EMP-0057,采购专员,2024-02-03 21:34:46.472078,2024-02-03 22:13:48.472078,approve,2342000
PI-000860,purchase_order,PI-000860|A02,n_send_po,Send Order to Supplier,serviceTask,2,TK-0003653,EMP-0057,采购专员,2024-02-04 00:53:44.567606,2024-02-04 01:01:18.567606,approve,454000
PI-000861,goods_receipt,PI-000861|A01,n_post_gr,Post Goods Receipt,serviceTask,1,TK-0003654,EMP-0068,仓储专员,2024-02-05 17:45:09.771680,2024-02-05 18:36:36.771680,approve,3087000
PI-000861,goods_receipt,PI-000861|A02,n_inspect,Quality Inspection,userTask,2,TK-0003655,EMP-0070,质检员,2024-02-05 21:23:01.485214,2024-02-05 22:53:51.485214,approve,5450000
PI-000861,goods_receipt,PI-000861|A03,n_putaway,Putaway to Warehouse,serviceTask,3,TK-0003656,EMP-0065,仓储专员,2024-02-06 01:50:31.854211,2024-02-06 02:33:16.854211,approve,2565000
PI-000862,invoice_verification,PI-000862|A01,n_enter_inv,Enter Incoming Invoice,userTask,1,TK-0003657,EMP-0080,财务专员,2024-02-07 00:03:16.786143,2024-02-07 00:46:32.786143,approve,2596000
PI-000862,invoice_verification,PI-000862|A02,n_match,Three-Way Match,serviceTask,2,TK-0003658,EMP-0080,财务专员,2024-02-07 04:18:56.244975,2024-02-07 04:23:01.244975,approve,245000
PI-000862,invoice_verification,PI-000862|A03,n_appr_inv,Approve Invoice,userTask,3,TK-0003660,EMP-0083,应付会计,2024-02-07 05:21:13.902570,2024-02-07 06:05:09.902570,approve,2636000
PI-000862,invoice_verification,PI-000862|A03,n_appr_inv,Approve Invoice,userTask,3,TK-0003659,EMP-0087,应付会计,2024-02-07 05:30:49.322663,2024-02-07 08:59:57.322663,approve,12548000
PI-000862,invoice_verification,PI-000862|A04,n_pay,Post Payment,serviceTask,4,TK-0003661,EMP-0090,出纳,2024-02-07 09:06:57.918746,2024-02-07 09:22:42.918746,approve,945000
PI-000862,invoice_verification,PI-000862|A05,n_clear,Clear Invoice,serviceTask,5,TK-0003662,EMP-0085,应付会计,2024-02-07 12:31:26.775112,2024-02-07 12:34:22.775112,approve,176000
PI-000863,purchase_requisition,PI-000863|A01,n_submit,Submit Purchase Requisition,userTask,1,TK-0003663,EMP-0020,采购申请人,2024-02-03 14:42:45.205683,2024-02-03 15:27:43.205683,approve,2698000
PI-000863,purchase_requisition,PI-000863|A02,n_mgr_appr,Approve Requisition by Manager,userTask,2,TK-0003665,EMP-0046,部门经理,2024-02-03 16:02:40.002511,2024-02-03 17:18:32.002511,approve,4552000
PI-000863,purchase_requisition,PI-000863|A02,n_mgr_appr,Approve Requisition by Manager,userTask,2,TK-0003664,EMP-0045,部门经理,2024-02-03 16:06:57.461385,2024-02-03 17:01:48.461385,approve,3291000
PI-000863,purchase_requisition,PI-000863|A02,n_mgr_appr,Approve Requisition by Manager,userTask,2,TK-0003666,EMP-0042,部门经理,2024-02-03 16:16:08.361692,2024-02-03 16:54:49.361692,approve,2321000
PI-000863,purchase_requisition,PI-000863|A03,n_convert,Convert to Purchase Order,serviceTask,3,TK-0003667,EMP-0061,采购专员,2024-02-03 19:24:43.720657,2024-02-03 19:33:37.720657,approve,534000
PI-000864,purchase_order,PI-000864|A01,n_create_po,Create Purchase Order,serviceTask,1,TK-0003668,EMP-0060,采购专员,2024-02-04 10:19:53.757581,2024-02-04 10:42:37.757581,approve,1364000
PI-000864,purchase_order,PI-000864|A02,n_dir_appr,Approve Purchase Order by Director,userTask,2,TK-0003669,EMP-0051,采购总监,2024-02-04 13:25:03.685549,2024-02-04 14:49:11.685549,approve,5048000
PI-000864,purchase_order,PI-000864|A03,n_send_po,Send Order to Supplier,serviceTask,3,TK-0003670,EMP-0055,采购专员,2024-02-04 16:08:31.557076,2024-02-04 16:13:24.557076,approve,293000
PI-000865,goods_receipt,PI-000865|A01,n_post_gr,Post Goods Receipt,serviceTask,1,TK-0003671,EMP-0065,仓储专员,2024-02-06 08:55:18.068184,2024-02-06 09:04:29.068184,approve,551000
PI-000865,goods_receipt,PI-000865|A02,n_inspect,Quality Inspection,userTask,2,TK-0003672,EMP-0072,质检员,2024-02-06 11:49:46.930679,2024-02-06 13:06:04.930679,approve,4578000
PI-000865,goods_receipt,PI-000865|A03,n_putaway,Putaway to Warehouse,serviceTask,3,TK-0003673,EMP-0067,仓储专员,2024-02-06 16:21:09.885427,2024-02-06 16:39:53.885427,approve,1124000
PI-000866,goods_receipt,PI-000866|A01,n_post_gr,Post Goods Receipt,serviceTask,1,TK-0003674,EMP-0067,仓储专员,2024-02-07 03:27:28.543852,2024-02-07 03:44:32.543852,approve,1024000
PI-000866,goods_receipt,PI-000866|A02,n_inspect,Quality Inspection,userTask,2,TK-0003675,EMP-0073,质检员,2024-02-07 07:41:24.936929,2024-02-07 07:58:53.936929,approve,1049000
PI-000866,goods_receipt,PI-000866|A03,n_putaway,Putaway to Warehouse,serviceTask,3,TK-0003676,EMP-0068,仓储专员,2024-02-07 11:52:52.624806,2024-02-07 12:16:40.624806,approve,1428000
PI-000867,invoice_verification,PI-000867|A01,n_enter_inv,Enter Incoming Invoice,userTask,1,TK-0003677,EMP-0076,财务专员,2024-02-08 08:36:34.242510,2024-02-08 08:43:18.242510,approve,404000
PI-000867,invoice_verification,PI-000867|A02,n_match,Three-Way Match,serviceTask,2,TK-0003678,EMP-0081,财务专员,2024-02-08 10:04:39.723539,2024-02-08 10:11:42.723539,reject,423000
PI-000867,invoice_verification,PI-000867|A03,n_park,Park Invoice,userTask,3,TK-0003679,EMP-0077,财务专员,2024-02-08 13:49:42.283878,2024-02-08 14:11:02.283878,approve,1280000
PI-000867,invoice_verification,PI-000867|A04,n_handle_exc,Handle Invoice Exception,userTask,4,TK-0003680,EMP-0075,财务专员,2024-02-08 15:41:44.240083,2024-02-08 16:21:05.240083,approve,2361000
PI-000867,invoice_verification,PI-000867|A05,n_match,Three-Way Match,serviceTask,5,TK-0003681,EMP-0075,财务专员,2024-02-08 20:06:14.259874,2024-02-08 20:12:35.259874,approve,381000
PI-000867,invoice_verification,PI-000867|A06,n_appr_inv,Approve Invoice,userTask,6,TK-0003682,EMP-0084,应付会计,2024-02-08 20:41:59.757161,2024-02-08 21:31:34.757161,approve,2975000
PI-000867,invoice_verification,PI-000867|A06,n_appr_inv,Approve Invoice,userTask,6,TK-0003683,EMP-0086,应付会计,2024-02-08 20:49:43.148559,2024-02-08 21:08:48.148559,approve,1145000
PI-000867,invoice_verification,PI-000867|A07,n_pay,Post Payment,serviceTask,7,TK-0003684,EMP-0088,出纳,2024-02-08 23:52:04.229993,2024-02-09 00:06:12.229993,approve,848000
PI-000867,invoice_verification,PI-000867|A08,n_clear,Clear Invoice,serviceTask,8,TK-0003685,EMP-0083,应付会计,2024-02-09 00:18:04.397820,2024-02-09 00:19:24.397820,approve,80000
PI-000868,purchase_requisition,PI-000868|A01,n_submit,Submit Purchase Requisition,userTask,1,TK-0003686,EMP-0010,采购申请人,2024-02-03 18:48:46.298090,2024-02-03 18:58:28.298090,approve,582000
PI-000868,purchase_requisition,PI-000868|A02,n_mgr_appr,Approve Requisition by Manager,userTask,2,TK-0003689,EMP-0046,部门经理,2024-02-03 19:02:42.879634,2024-02-03 19:30:38.879634,approve,1676000
PI-000868,purchase_requisition,PI-000868|A02,n_mgr_appr,Approve Requisition by Manager,userTask,2,TK-0003688,EMP-0044,部门经理,2024-02-03 19:04:21.928118,2024-02-03 19:52:46.928118,approve,2905000
PI-000868,purchase_requisition,PI-000868|A02,n_mgr_appr,Approve Requisition by Manager,userTask,2,TK-0003687,EMP-0041,部门经理,2024-02-03 20:51:24.300354,2024-02-03 21:25:58.300354,approve,2074000
PI-000868,purchase_requisition,PI-000868|A03,n_convert,Convert to Purchase Order,serviceTask,3,TK-0003690,EMP-0054,采购专员,2024-02-04 01:05:22.639680,2024-02-04 01:11:18.639680,approve,356000
PI-000869,purchase_order,PI-000869|A01,n_create_po,Create Purchase Order,serviceTask,1,TK-0003691,EMP-0061,采购专员,2024-02-04 06:02:56.033462,2024-02-04 06:10:34.033462,approve,458000
PI-000869,purchase_order,PI-000869|A02,n_dir_appr,Approve Purchase Order by Director,userTask,2,TK-0003692,EMP-0049,采购总监,2024-02-04 08:15:37.834188,2024-02-04 10:20:43.834188,reject,7506000
PI-000869,purchase_order,PI-000869|A03,n_revise_po,Revise Purchase Order,serviceTask,3,TK-0003693,EMP-0052,采购专员,2024-02-04 11:39:53.181237,2024-02-04 12:10:50.181237,approve,1857000
PI-000869,purchase_order,PI-000869|A04,n_create_po,Create Purchase Order,serviceTask,4,TK-0003694,EMP-0060,采购专员,2024-02-04 15:44:47.032732,2024-02-04 15:54:28.032732,approve,581000
PI-000869,purchase_order,PI-000869|A05,n_dir_appr,Approve Purchase Order by Director,userTask,5,TK-0003695,EMP-0049,采购总监,2024-02-04 19:45:03.831471,2024-02-04 22:37:31.831471,approve,10348000
PI-000869,purchase_order,PI-000869|A06,n_send_po,Send Order to Supplier,serviceTask,6,TK-0003696,EMP-0061,采购专员,2024-02-04 23:58:40.851418,2024-02-05 00:06:05.851418,approve,445000
PI-000870,goods_receipt,PI-000870|A01,n_post_gr,Post Goods Receipt,serviceTask,1,TK-0003697,EMP-0066,仓储专员,2024-02-06 12:34:23.054549,2024-02-06 12:45:23.054549,approve,660000
PI-000870,goods_receipt,PI-000870|A02,n_inspect,Quality Inspection,userTask,2,TK-0003698,EMP-0073,质检员,2024-02-06 14:59:02.169694,2024-02-06 15:46:04.169694,approve,2822000
PI-000870,goods_receipt,PI-000870|A03,n_putaway,Putaway to Warehouse,serviceTask,3,TK-0003699,EMP-0066,仓储专员,2024-02-06 17:28:57.865772,2024-02-06 17:57:33.865772,approve,1716000
PI-000871,invoice_verification,PI-000871|A01,n_enter_inv,Enter Incoming Invoice,userTask,1,TK-0003700,EMP-0082,财务专员,2024-02-11 10:44:36.827995,2024-02-11 10:58:18.827995,approve,822000
PI-000871,invoice_verification,PI-000871|A02,n_match,Three-Way Match,serviceTask,2,TK-0003701,EMP-0077,财务专员,2024-02-11 13:03:47.186223,2024-02-11 13:13:58.186223,reject,611000
PI-000871,invoice_verification,PI-000871|A03,n_park,Park Invoice,userTask,3,TK-0003702,EMP-0076,财务专员,2024-02-11 15:01:47.596695,2024-02-11 15:21:17.596695,approve,1170000
PI-000871,invoice_verification,PI-000871|A04,n_handle_exc,Handle Invoice Exception,userTask,4,TK-0003703,EMP-0075,财务专员,2024-02-11 16:44:56.709727,2024-02-11 18:19:35.709727,approve,5679000
PI-000871,invoice_verification,PI-000871|A05,n_match,Three-Way Match,serviceTask,5,TK-0003704,EMP-0076,财务专员,2024-02-11 21:06:44.338944,2024-02-11 21:27:00.338944,approve,1216000
PI-000871,invoice_verification,PI-000871|A06,n_appr_inv,Approve Invoice,userTask,6,TK-0003706,EMP-0084,应付会计,2024-02-11 22:20:03.147091,2024-02-11 22:32:25.147091,approve,742000
PI-000871,invoice_verification,PI-000871|A06,n_appr_inv,Approve Invoice,userTask,6,TK-0003705,EMP-0083,应付会计,2024-02-11 22:25:37.202473,2024-02-11 23:31:37.202473,approve,3960000
PI-000871,invoice_verification,PI-000871|A07,n_pay,Post Payment,serviceTask,7,TK-0003707,EMP-0089,出纳,2024-02-12 02:14:35.946281,2024-02-12 02:16:45.946281,approve,130000
PI-000871,invoice_verification,PI-000871|A08,n_clear,Clear Invoice,serviceTask,8,TK-0003708,EMP-0083,应付会计,2024-02-12 04:37:18.838792,2024-02-12 04:38:56.838792,approve,98000
PI-000872,purchase_requisition,PI-000872|A01,n_submit,Submit Purchase Requisition,userTask,1,TK-0003709,EMP-0034,采购申请人,2024-02-03 22:59:27.167492,2024-02-03 23:26:04.167492,approve,1597000
PI-000872,purchase_requisition,PI-000872|A02,n_convert,Convert to Purchase Order,serviceTask,2,TK-0003710,EMP-0053,采购专员,2024-02-04 00:57:19.136323,2024-02-04 01:00:51.136323,approve,212000
PI-000873,purchase_order,PI-000873|A01,n_create_po,Create Purchase Order,serviceTask,1,TK-0003711,EMP-0054,采购专员,2024-02-04 18:10:04.461239,2024-02-04 18:21:30.461239,approve,686000
PI-000873,purchase_order,PI-000873|A02,n_send_po,Send Order to Supplier,serviceTask,2,TK-0003712,EMP-0053,采购专员,2024-02-04 18:34:43.788578,2024-02-04 18:36:31.788578,approve,108000
PI-000874,goods_receipt,PI-000874|A01,n_post_gr,Post Goods Receipt,serviceTask,1,TK-0003713,EMP-0065,仓储专员,2024-02-05 19:40:51.824604,2024-02-05 19:54:44.824604,approve,833000
PI-000874,goods_receipt,PI-000874|A02,n_inspect,Quality Inspection,userTask,2,TK-0003714,EMP-0074,质检员,2024-02-05 23:31:32.029236,2024-02-06 00:02:39.029236,approve,1867000
PI-000874,goods_receipt,PI-000874|A03,n_putaway,Putaway to Warehouse,serviceTask,3,TK-0003715,EMP-0069,仓储专员,2024-02-06 02:46:08.617711,2024-02-06 04:38:35.617711,approve,6747000
PI-000875,invoice_verification,PI-000875|A01,n_enter_inv,Enter Incoming Invoice,userTask,1,TK-0003716,EMP-0082,财务专员,2024-02-08 00:55:35.926502,2024-02-08 01:02:53.926502,approve,438000
PI-000875,invoice_verification,PI-000875|A02,n_match,Three-Way Match,serviceTask,2,TK-0003717,EMP-0079,财务专员,2024-02-08 03:45:06.108213,2024-02-08 03:49:40.108213,approve,274000
PI-000875,invoice_verification,PI-000875|A03,n_appr_inv,Approve Invoice,userTask,3,TK-0003718,EMP-0086,应付会计,2024-02-08 03:59:11.618912,2024-02-08 06:29:29.618912,approve,9018000
PI-000875,invoice_verification,PI-000875|A03,n_appr_inv,Approve Invoice,userTask,3,TK-0003719,EMP-0085,应付会计,2024-02-08 04:12:55.138354,2024-02-08 05:42:58.138354,approve,5403000
PI-000875,invoice_verification,PI-000875|A04,n_pay,Post Payment,serviceTask,4,TK-0003720,EMP-0090,出纳,2024-02-08 08:57:21.359222,2024-02-08 09:07:32.359222,approve,611000
PI-000875,invoice_verification,PI-000875|A05,n_clear,Clear Invoice,serviceTask,5,TK-0003721,EMP-0086,应付会计,2024-02-08 12:12:48.786248,2024-02-08 12:15:28.786248,approve,160000
PI-000876,purchase_requisition,PI-000876|A01,n_submit,Submit Purchase Requisition,userTask,1,TK-0003722,EMP-0039,采购申请人,2024-02-04 05:36:04.108344,2024-02-04 05:55:12.108344,approve,1148000
PI-000876,purchase_requisition,PI-000876|A02,n_mgr_appr,Approve Requisition by Manager,userTask,2,TK-0003724,EMP-0047,部门经理,2024-02-04 06:39:48.068828,2024-02-04 08:07:09.068828,reject,5241000
PI-000876,purchase_requisition,PI-000876|A02,n_mgr_appr,Approve Requisition by Manager,userTask,2,TK-0003723,EMP-0044,部门经理,2024-02-04 07:31:51.158400,2024-02-04 08:32:08.158400,reject,3617000
PI-000876,purchase_requisition,PI-000876|A03,n_revise,Revise Requisition,userTask,3,TK-0003725,EMP-0039,采购申请人,2024-02-04 11:02:10.716099,2024-02-04 11:45:50.716099,approve,2620000
PI-000876,purchase_requisition,PI-000876|A04,n_submit,Submit Purchase Requisition,userTask,4,TK-0003726,EMP-0039,采购申请人,2024-02-04 14:50:35.138076,2024-02-04 15:24:58.138076,approve,2063000
PI-000876,purchase_requisition,PI-000876|A05,n_mgr_appr,Approve Requisition by Manager,userTask,5,TK-0003729,EMP-0043,部门经理,2024-02-04 15:41:02.952851,2024-02-04 17:37:58.952851,approve,7016000
PI-000876,purchase_requisition,PI-000876|A05,n_mgr_appr,Approve Requisition by Manager,userTask,5,TK-0003728,EMP-0045,部门经理,2024-02-04 15:59:05.720554,2024-02-04 16:39:18.720554,approve,2413000
PI-000876,purchase_requisition,PI-000876|A05,n_mgr_appr,Approve Requisition by Manager,userTask,5,TK-0003727,EMP-0042,部门经理,2024-02-04 16:17:09.611528,2024-02-04 17:06:57.611528,approve,2988000
PI-000876,purchase_requisition,PI-000876|A06,n_convert,Convert to Purchase Order,serviceTask,6,TK-0003730,EMP-0059,采购专员,2024-02-04 20:32:56.256463,2024-02-04 20:39:00.256463,approve,364000
PI-000877,purchase_order,PI-000877|A01,n_create_po,Create Purchase Order,serviceTask,1,TK-0003731,EMP-0054,采购专员,2024-02-05 11:44:52.737978,2024-02-05 12:12:12.737978,approve,1640000
PI-000877,purchase_order,PI-000877|A02,n_send_po,Send Order to Supplier,serviceTask,2,TK-0003732,EMP-0060,采购专员,2024-02-05 15:41:36.059911,2024-02-05 15:46:55.059911,approve,319000
PI-000878,goods_receipt,PI-000878|A01,n_post_gr,Post Goods Receipt,serviceTask,1,TK-0003733,EMP-0066,仓储专员,2024-02-07 01:49:43.402585,2024-02-07 01:56:35.402585,approve,412000
PI-000878,goods_receipt,PI-000878|A02,n_inspect,Quality Inspection,userTask,2,TK-0003734,EMP-0072,质检员,2024-02-07 04:41:54.322830,2024-02-07 05:00:30.322830,approve,1116000
PI-000878,goods_receipt,PI-000878|A03,n_putaway,Putaway to Warehouse,serviceTask,3,TK-0003735,EMP-0062,仓储专员,2024-02-07 08:15:32.600523,2024-02-07 08:39:38.600523,approve,1446000
PI-000879,invoice_verification,PI-000879|A01,n_enter_inv,Enter Incoming Invoice,userTask,1,TK-0003736,EMP-0082,财务专员,2024-02-12 04:24:41.132786,2024-02-12 04:52:07.132786,approve,1646000
PI-000879,invoice_verification,PI-000879|A02,n_match,Three-Way Match,serviceTask,2,TK-0003737,EMP-0080,财务专员,2024-02-12 06:57:36.499573,2024-02-12 07:19:13.499573,approve,1297000
PI-000879,invoice_verification,PI-000879|A03,n_appr_inv,Approve Invoice,userTask,3,TK-0003739,EMP-0086,应付会计,2024-02-12 07:24:56.228217,2024-02-12 08:32:29.228217,approve,4053000
PI-000879,invoice_verification,PI-000879|A03,n_appr_inv,Approve Invoice,userTask,3,TK-0003738,EMP-0087,应付会计,2024-02-12 07:45:09.265499,2024-02-12 08:27:31.265499,approve,2542000
PI-000879,invoice_verification,PI-000879|A04,n_pay,Post Payment,serviceTask,4,TK-0003740,EMP-0088,出纳,2024-02-12 10:38:43.876325,2024-02-12 10:47:03.876325,approve,500000
PI-000879,invoice_verification,PI-000879|A05,n_clear,Clear Invoice,serviceTask,5,TK-0003741,EMP-0086,应付会计,2024-02-12 13:40:58.490194,2024-02-12 13:49:25.490194,approve,507000
PI-000880,purchase_requisition,PI-000880|A01,n_submit,Submit Purchase Requisition,userTask,1,TK-0003742,EMP-0024,采购申请人,2024-02-04 05:11:54.522970,2024-02-04 05:34:02.522970,approve,1328000
PI-000880,purchase_requisition,PI-000880|A02,n_mgr_appr,Approve Requisition by Manager,userTask,2,TK-0003743,EMP-0044,部门经理,2024-02-04 05:43:04.873154,2024-02-04 07:17:13.873154,reject,5649000
PI-000880,purchase_requisition,PI-000880|A02,n_mgr_appr,Approve Requisition by Manager,userTask,2,TK-0003745,EMP-0048,部门经理,2024-02-04 06:04:34.884713,2024-02-04 07:12:19.884713,reject,4065000
PI-000880,purchase_requisition,PI-000880|A02,n_mgr_appr,Approve Requisition by Manager,userTask,2,TK-0003744,EMP-0041,部门经理,2024-02-04 06:29:37.357994,2024-02-04 08:33:26.357994,reject,7429000
PI-000880,purchase_requisition,PI-000880|A03,n_revise,Revise Requisition,userTask,3,TK-0003746,EMP-0024,采购申请人,2024-02-04 12:03:24.446648,2024-02-04 12:35:32.446648,approve,1928000
PI-000880,purchase_requisition,PI-000880|A04,n_submit,Submit Purchase Requisition,userTask,4,TK-0003747,EMP-0024,采购申请人,2024-02-04 15:50:03.870623,2024-02-04 16:16:24.870623,approve,1581000
PI-000880,purchase_requisition,PI-000880|A05,n_mgr_appr,Approve Requisition by Manager,userTask,5,TK-0003748,EMP-0047,部门经理,2024-02-04 16:30:20.133037,2024-02-04 17:54:24.133037,approve,5044000
PI-000880,purchase_requisition,PI-000880|A05,n_mgr_appr,Approve Requisition by Manager,userTask,5,TK-0003749,EMP-0044,部门经理,2024-02-04 16:54:31.459103,2024-02-04 17:56:06.459103,approve,3695000
PI-000880,purchase_requisition,PI-000880|A06,n_convert,Convert to Purchase Order,serviceTask,6,TK-0003750,EMP-0057,采购专员,2024-02-04 20:47:38.436382,2024-02-04 20:53:37.436382,approve,359000
PI-000881,purchase_order,PI-000881|A01,n_create_po,Create Purchase Order,serviceTask,1,TK-0003751,EMP-0052,采购专员,2024-02-05 13:44:36.133992,2024-02-05 13:52:18.133992,approve,462000
PI-000881,purchase_order,PI-000881|A02,n_dir_appr,Approve Purchase Order by Director,userTask,2,TK-0003752,EMP-0051,采购总监,2024-02-05 15:55:09.305559,2024-02-05 16:18:38.305559,approve,1409000
PI-000881,purchase_order,PI-000881|A03,n_send_po,Send Order to Supplier,serviceTask,3,TK-0003753,EMP-0052,采购专员,2024-02-05 17:40:47.879320,2024-02-05 17:42:33.879320,approve,106000
PI-000882,goods_receipt,PI-000882|A01,n_post_gr,Post Goods Receipt,serviceTask,1,TK-0003754,EMP-0068,仓储专员,2024-02-05 23:00:53.721065,2024-02-05 23:07:51.721065,approve,418000
PI-000882,goods_receipt,PI-000882|A02,n_inspect,Quality Inspection,userTask,2,TK-0003755,EMP-0073,质检员,2024-02-06 02:54:52.570213,2024-02-06 05:09:14.570213,approve,8062000
PI-000882,goods_receipt,PI-000882|A03,n_putaway,Putaway to Warehouse,serviceTask,3,TK-0003756,EMP-0069,仓储专员,2024-02-06 08:07:51.382320,2024-02-06 08:20:39.382320,approve,768000
PI-000883,invoice_verification,PI-000883|A01,n_enter_inv,Enter Incoming Invoice,userTask,1,TK-0003757,EMP-0075,财务专员,2024-02-07 21:10:56.919197,2024-02-07 21:43:17.919197,approve,1941000
PI-000883,invoice_verification,PI-000883|A02,n_match,Three-Way Match,serviceTask,2,TK-0003758,EMP-0080,财务专员,2024-02-08 00:59:24.967390,2024-02-08 01:09:46.967390,approve,622000
PI-000883,invoice_verification,PI-000883|A03,n_appr_inv,Approve Invoice,userTask,3,TK-0003760,EMP-0087,应付会计,2024-02-08 01:49:09.189406,2024-02-08 02:25:53.189406,approve,2204000
PI-000883,invoice_verification,PI-000883|A03,n_appr_inv,Approve Invoice,userTask,3,TK-0003759,EMP-0084,应付会计,2024-02-08 02:53:32.538304,2024-02-08 04:41:39.538304,approve,6487000
PI-000883,invoice_verification,PI-000883|A04,n_pay,Post Payment,serviceTask,4,TK-0003761,EMP-0090,出纳,2024-02-08 06:37:03.947593,2024-02-08 06:47:05.947593,approve,602000
PI-000883,invoice_verification,PI-000883|A05,n_clear,Clear Invoice,serviceTask,5,TK-0003762,EMP-0084,应付会计,2024-02-08 07:32:05.982978,2024-02-08 07:35:03.982978,approve,178000
PI-000884,purchase_requisition,PI-000884|A01,n_submit,Submit Purchase Requisition,userTask,1,TK-0003763,EMP-0017,采购申请人,2024-02-04 08:09:46.759277,2024-02-04 08:26:04.759277,approve,978000
PI-000884,purchase_requisition,PI-000884|A02,n_mgr_appr,Approve Requisition by Manager,userTask,2,TK-0003765,EMP-0046,部门经理,2024-02-04 09:00:26.312495,2024-02-04 10:49:40.312495,approve,6554000
PI-000884,purchase_requisition,PI-000884|A02,n_mgr_appr,Approve Requisition by Manager,userTask,2,TK-0003764,EMP-0048,部门经理,2024-02-04 09:04:47.643884,2024-02-04 09:28:57.643884,approve,1450000
PI-000884,purchase_requisition,PI-000884|A02,n_mgr_appr,Approve Requisition by Manager,userTask,2,TK-0003766,EMP-0041,部门经理,2024-02-04 09:13:34.269921,2024-02-04 09:21:54.269921,approve,500000
PI-000884,purchase_requisition,PI-000884|A03,n_convert,Convert to Purchase Order,serviceTask,3,TK-0003767,EMP-0057,采购专员,2024-02-04 12:23:59.914763,2024-02-04 12:28:26.914763,approve,267000
PI-000885,purchase_order,PI-000885|A01,n_create_po,Create Purchase Order,serviceTask,1,TK-0003768,EMP-0059,采购专员,2024-02-04 20:55:58.832819,2024-02-04 21:16:51.832819,approve,1253000
PI-000885,purchase_order,PI-000885|A02,n_dir_appr,Approve Purchase Order by Director,userTask,2,TK-0003769,EMP-0050,采购总监,2024-02-04 23:38:47.673670,2024-02-05 02:40:54.673670,approve,10927000
PI-000885,purchase_order,PI-000885|A03,n_send_po,Send Order to Supplier,serviceTask,3,TK-0003770,EMP-0052,采购专员,2024-02-05 04:40:38.148445,2024-02-05 04:44:37.148445,approve,239000
PI-000886,goods_receipt,PI-000886|A01,n_post_gr,Post Goods Receipt,serviceTask,1,TK-0003771,EMP-0069,仓储专员,2024-02-06 00:04:35.521389,2024-02-06 00:21:50.521389,approve,1035000
PI-000886,goods_receipt,PI-000886|A02,n_inspect,Quality Inspection,userTask,2,TK-0003772,EMP-0074,质检员,2024-02-06 02:53:36.737323,2024-02-06 03:00:12.737323,approve,396000
PI-000886,goods_receipt,PI-000886|A03,n_putaway,Putaway to Warehouse,serviceTask,3,TK-0003773,EMP-0062,仓储专员,2024-02-06 06:47:40.442538,2024-02-06 07:12:04.442538,approve,1464000
PI-000887,invoice_verification,PI-000887|A01,n_enter_inv,Enter Incoming Invoice,userTask,1,TK-0003774,EMP-0082,财务专员,2024-02-08 12:02:12.769820,2024-02-08 12:27:50.769820,approve,1538000
PI-000887,invoice_verification,PI-000887|A02,n_match,Three-Way Match,serviceTask,2,TK-0003775,EMP-0080,财务专员,2024-02-08 14:55:45.726227,2024-02-08 15:06:35.726227,approve,650000
PI-000887,invoice_verification,PI-000887|A03,n_appr_inv,Approve Invoice,userTask,3,TK-0003776,EMP-0085,应付会计,2024-02-08 15:50:46.049778,2024-02-08 16:23:02.049778,approve,1936000
PI-000887,invoice_verification,PI-000887|A03,n_appr_inv,Approve Invoice,userTask,3,TK-0003777,EMP-0086,应付会计,2024-02-08 16:05:13.120030,2024-02-08 16:26:13.120030,approve,1260000
PI-000887,invoice_verification,PI-000887|A04,n_pay,Post Payment,serviceTask,4,TK-0003778,EMP-0088,出纳,2024-02-08 19:12:58.557998,2024-02-08 19:21:45.557998,approve,527000
PI-000887,invoice_verification,PI-000887|A05,n_clear,Clear Invoice,serviceTask,5,TK-0003779,EMP-0086,应付会计,2024-02-08 19:53:43.292322,2024-02-08 20:00:34.292322,approve,411000
PI-000888,purchase_requisition,PI-000888|A01,n_submit,Submit Purchase Requisition,userTask,1,TK-0003780,EMP-0005,采购申请人,2024-02-04 12:31:39.320277,2024-02-04 13:07:06.320277,approve,2127000
PI-000888,purchase_requisition,PI-000888|A02,n_mgr_appr,Approve Requisition by Manager,userTask,2,TK-0003782,EMP-0045,部门经理,2024-02-04 14:01:45.038251,2024-02-04 14:59:39.038251,approve,3474000
PI-000888,purchase_requisition,PI-000888|A02,n_mgr_appr,Approve Requisition by Manager,userTask,2,TK-0003781,EMP-0042,部门经理,2024-02-04 14:24:27.471427,2024-02-04 14:59:24.471427,approve,2097000
PI-000888,purchase_requisition,PI-000888|A03,n_convert,Convert to Purchase Order,serviceTask,3,TK-0003783,EMP-0055,采购专员,2024-02-04 15:14:08.116908,2024-02-04 15:29:26.116908,approve,918000
PI-000889,purchase_order,PI-000889|A01,n_create_po,Create Purchase Order,serviceTask,1,TK-0003784,EMP-0053,采购专员,2024-02-05 00:50:16.392995,2024-02-05 01:12:37.392995,approve,1341000
PI-000889,purchase_order,PI-000889|A02,n_dir_appr,Approve Purchase Order by Director,userTask,2,TK-0003785,EMP-0051,采购总监,2024-02-05 02:04:41.270760,2024-02-05 04:22:42.270760,approve,8281000
PI-000889,purchase_order,PI-000889|A03,n_send_po,Send Order to Supplier,serviceTask,3,TK-0003786,EMP-0052,采购专员,2024-02-05 06:43:02.101446,2024-02-05 06:44:41.101446,approve,99000
PI-000890,goods_receipt,PI-000890|A01,n_post_gr,Post Goods Receipt,serviceTask,1,TK-0003787,EMP-0069,仓储专员,2024-02-05 15:29:15.745443,2024-02-05 15:37:45.745443,approve,510000
PI-000890,goods_receipt,PI-000890|A02,n_inspect,Quality Inspection,userTask,2,TK-0003788,EMP-0071,质检员,2024-02-05 16:59:07.082053,2024-02-05 17:38:55.082053,approve,2388000
PI-000890,goods_receipt,PI-000890|A03,n_putaway,Putaway to Warehouse,serviceTask,3,TK-0003789,EMP-0063,仓储专员,2024-02-05 18:31:50.725700,2024-02-05 19:01:58.725700,approve,1808000
PI-000891,invoice_verification,PI-000891|A01,n_enter_inv,Enter Incoming Invoice,userTask,1,TK-0003790,EMP-0082,财务专员,2024-02-09 01:06:23.906057,2024-02-09 01:28:28.906057,approve,1325000
PI-000891,invoice_verification,PI-000891|A02,n_match,Three-Way Match,serviceTask,2,TK-0003791,EMP-0076,财务专员,2024-02-09 04:33:57.752282,2024-02-09 05:01:06.752282,approve,1629000
PI-000891,invoice_verification,PI-000891|A03,n_appr_inv,Approve Invoice,userTask,3,TK-0003793,EMP-0087,应付会计,2024-02-09 05:12:33.161106,2024-02-09 06:06:34.161106,approve,3241000
PI-000891,invoice_verification,PI-000891|A03,n_appr_inv,Approve Invoice,userTask,3,TK-0003792,EMP-0083,应付会计,2024-02-09 05:39:27.746446,2024-02-09 07:52:53.746446,approve,8006000
PI-000891,invoice_verification,PI-000891|A04,n_pay,Post Payment,serviceTask,4,TK-0003794,EMP-0090,出纳,2024-02-09 10:02:02.660888,2024-02-09 10:07:15.660888,approve,313000
PI-000891,invoice_verification,PI-000891|A05,n_clear,Clear Invoice,serviceTask,5,TK-0003795,EMP-0085,应付会计,2024-02-09 10:49:20.405223,2024-02-09 10:51:22.405223,approve,122000
PI-000892,purchase_requisition,PI-000892|A01,n_submit,Submit Purchase Requisition,userTask,1,TK-0003796,EMP-0003,采购申请人,2024-02-04 18:09:55.273157,2024-02-04 18:42:20.273157,approve,1945000
PI-000892,purchase_requisition,PI-000892|A02,n_mgr_appr,Approve Requisition by Manager,userTask,2,TK-0003798,EMP-0041,部门经理,2024-02-04 18:48:21.105547,2024-02-04 19:47:12.105547,approve,3531000
PI-000892,purchase_requisition,PI-000892|A02,n_mgr_appr,Approve Requisition by Manager,userTask,2,TK-0003799,EMP-0043,部门经理,2024-02-04 19:22:20.350484,2024-02-04 20:24:14.350484,approve,3714000
PI-000892,purchase_requisition,PI-000892|A02,n_mgr_appr,Approve Requisition by Manager,userTask,2,TK-0003797,EMP-0048,部门经理,2024-02-04 20:39:19.487882,2024-02-04 22:57:35.487882,approve,8296000
PI-000892,purchase_requisition,PI-000892|A03,n_convert,Convert to Purchase Order,serviceTask,3,TK-0003800,EMP-0052,采购专员,2024-02-04 23:28:54.892494,2024-02-05 00:02:51.892494,approve,2037000
PI-000893,purchase_order,PI-000893|A01,n_create_po,Create Purchase Order,serviceTask,1,TK-0003801,EMP-0052,采购专员,2024-02-05 15:01:27.586097,2024-02-05 15:16:20.586097,approve,893000
PI-000893,purchase_order,PI-000893|A02,n_dir_appr,Approve Purchase Order by Director,userTask,2,TK-0003802,EMP-0050,采购总监,2024-02-05 15:57:04.122012,2024-02-05 16:36:44.122012,approve,2380000
PI-000893,purchase_order,PI-000893|A03,n_send_po,Send Order to Supplier,serviceTask,3,TK-0003803,EMP-0052,采购专员,2024-02-05 19:58:01.119686,2024-02-05 20:03:02.119686,approve,301000
PI-000894,goods_receipt,PI-000894|A01,n_post_gr,Post Goods Receipt,serviceTask,1,TK-0003804,EMP-0068,仓储专员,2024-02-08 06:40:46.504997,2024-02-08 06:47:15.504997,approve,389000
PI-000894,goods_receipt,PI-000894|A02,n_inspect,Quality Inspection,userTask,2,TK-0003805,EMP-0072,质检员,2024-02-08 09:11:48.197480,2024-02-08 09:44:44.197480,reject,1976000
PI-000894,goods_receipt,PI-000894|A03,n_return,Return to Supplier,serviceTask,3,TK-0003806,EMP-0065,仓储专员,2024-02-08 10:41:00.818052,2024-02-08 11:14:21.818052,approve,2001000
PI-000895,invoice_verification,PI-000895|A01,n_enter_inv,Enter Incoming Invoice,userTask,1,TK-0003807,EMP-0082,财务专员,2024-02-08 19:44:59.246814,2024-02-08 20:12:18.246814,approve,1639000
PI-000895,invoice_verification,PI-000895|A02,n_match,Three-Way Match,serviceTask,2,TK-0003808,EMP-0075,财务专员,2024-02-08 23:25:05.295054,2024-02-08 23:27:58.295054,approve,173000
PI-000895,invoice_verification,PI-000895|A03,n_appr_inv,Approve Invoice,userTask,3,TK-0003809,EMP-0087,应付会计,2024-02-09 00:00:57.795280,2024-02-09 00:24:48.795280,approve,1431000
PI-000895,invoice_verification,PI-000895|A03,n_appr_inv,Approve Invoice,userTask,3,TK-0003810,EMP-0084,应付会计,2024-02-09 00:18:44.034083,2024-02-09 01:08:14.034083,approve,2970000
PI-000895,invoice_verification,PI-000895|A04,n_pay,Post Payment,serviceTask,4,TK-0003811,EMP-0089,出纳,2024-02-09 04:47:52.046441,2024-02-09 05:07:07.046441,approve,1155000
PI-000895,invoice_verification,PI-000895|A05,n_clear,Clear Invoice,serviceTask,5,TK-0003812,EMP-0085,应付会计,2024-02-09 08:06:39.039194,2024-02-09 08:08:24.039194,approve,105000
PI-000896,purchase_requisition,PI-000896|A01,n_submit,Submit Purchase Requisition,userTask,1,TK-0003813,EMP-0027,采购申请人,2024-02-04 23:58:31.302528,2024-02-05 00:03:29.302528,approve,298000
PI-000896,purchase_requisition,PI-000896|A02,n_mgr_appr,Approve Requisition by Manager,userTask,2,TK-0003816,EMP-0045,部门经理,2024-02-05 00:35:35.011296,2024-02-05 00:57:04.011296,approve,1289000
PI-000896,purchase_requisition,PI-000896|A02,n_mgr_appr,Approve Requisition by Manager,userTask,2,TK-0003815,EMP-0048,部门经理,2024-02-05 00:45:47.404769,2024-02-05 01:35:23.404769,approve,2976000
PI-000896,purchase_requisition,PI-000896|A02,n_mgr_appr,Approve Requisition by Manager,userTask,2,TK-0003814,EMP-0044,部门经理,2024-02-05 01:45:13.498929,2024-02-05 02:47:38.498929,approve,3745000
PI-000896,purchase_requisition,PI-000896|A03,n_convert,Convert to Purchase Order,serviceTask,3,TK-0003817,EMP-0059,采购专员,2024-02-05 06:34:25.094058,2024-02-05 06:40:42.094058,approve,377000
PI-000897,purchase_order,PI-000897|A01,n_create_po,Create Purchase Order,serviceTask,1,TK-0003818,EMP-0053,采购专员,2024-02-05 19:45:38.319654,2024-02-05 20:09:01.319654,approve,1403000
PI-000897,purchase_order,PI-000897|A02,n_dir_appr,Approve Purchase Order by Director,userTask,2,TK-0003819,EMP-0051,采购总监,2024-02-05 21:27:14.962086,2024-02-05 22:19:00.962086,approve,3106000
PI-000897,purchase_order,PI-000897|A03,n_send_po,Send Order to Supplier,serviceTask,3,TK-0003820,EMP-0058,采购专员,2024-02-05 22:51:48.466807,2024-02-05 22:53:32.466807,approve,104000
PI-000898,goods_receipt,PI-000898|A01,n_post_gr,Post Goods Receipt,serviceTask,1,TK-0003821,EMP-0067,仓储专员,2024-02-08 06:11:18.050119,2024-02-08 06:17:34.050119,approve,376000
PI-000898,goods_receipt,PI-000898|A02,n_inspect,Quality Inspection,userTask,2,TK-0003822,EMP-0072,质检员,2024-02-08 09:59:55.131003,2024-02-08 10:22:53.131003,approve,1378000
PI-000898,goods_receipt,PI-000898|A03,n_putaway,Putaway to Warehouse,serviceTask,3,TK-0003823,EMP-0066,仓储专员,2024-02-08 12:56:22.686142,2024-02-08 13:53:37.686142,approve,3435000
PI-000899,invoice_verification,PI-000899|A01,n_enter_inv,Enter Incoming Invoice,userTask,1,TK-0003824,EMP-0076,财务专员,2024-02-13 15:27:29.486469,2024-02-13 15:44:56.486469,approve,1047000
PI-000899,invoice_verification,PI-000899|A02,n_match,Three-Way Match,serviceTask,2,TK-0003825,EMP-0076,财务专员,2024-02-13 18:23:04.512516,2024-02-13 18:48:40.512516,approve,1536000
PI-000899,invoice_verification,PI-000899|A03,n_appr_inv,Approve Invoice,userTask,3,TK-0003827,EMP-0084,应付会计,2024-02-13 19:45:19.720236,2024-02-13 20:11:16.720236,approve,1557000
PI-000899,invoice_verification,PI-000899|A03,n_appr_inv,Approve Invoice,userTask,3,TK-0003826,EMP-0087,应付会计,2024-02-13 19:55:12.559708,2024-02-13 23:42:54.559708,approve,13662000
PI-000899,invoice_verification,PI-000899|A04,n_pay,Post Payment,serviceTask,4,TK-0003828,EMP-0090,出纳,2024-02-14 00:33:25.429292,2024-02-14 00:47:20.429292,approve,835000
PI-000899,invoice_verification,PI-000899|A05,n_clear,Clear Invoice,serviceTask,5,TK-0003829,EMP-0085,应付会计,2024-02-14 01:00:07.792381,2024-02-14 01:03:30.792381,approve,203000
PI-000900,purchase_order,PI-000900|A01,n_create_po,Create Purchase Order,serviceTask,1,TK-0003830,EMP-0056,采购专员,2024-02-05 20:24:07.035826,2024-02-05 20:50:23.035826,approve,1576000
PI-000900,purchase_order,PI-000900|A02,n_dir_appr,Approve Purchase Order by Director,userTask,2,TK-0003831,EMP-0050,采购总监,2024-02-06 00:33:27.166846,2024-02-06 01:22:52.166846,approve,2965000
PI-000900,purchase_order,PI-000900|A03,n_send_po,Send Order to Supplier,serviceTask,3,TK-0003832,EMP-0056,采购专员,2024-02-06 04:38:31.511601,2024-02-06 04:44:28.511601,approve,357000
PI-000901,goods_receipt,PI-000901|A01,n_post_gr,Post Goods Receipt,serviceTask,1,TK-0003833,EMP-0069,仓储专员,2024-02-08 20:35:46.067810,2024-02-08 20:53:06.067810,approve,1040000
PI-000901,goods_receipt,PI-000901|A02,n_inspect,Quality Inspection,userTask,2,TK-0003834,EMP-0071,质检员,2024-02-08 22:55:42.973272,2024-02-09 01:31:51.973272,approve,9369000
PI-000901,goods_receipt,PI-000901|A03,n_putaway,Putaway to Warehouse,serviceTask,3,TK-0003835,EMP-0069,仓储专员,2024-02-09 03:53:09.385229,2024-02-09 05:25:20.385229,approve,5531000
PI-000902,invoice_verification,PI-000902|A01,n_enter_inv,Enter Incoming Invoice,userTask,1,TK-0003836,EMP-0078,财务专员,2024-02-10 01:17:52.669107,2024-02-10 02:06:50.669107,approve,2938000
PI-000902,invoice_verification,PI-000902|A02,n_match,Three-Way Match,serviceTask,2,TK-0003837,EMP-0082,财务专员,2024-02-10 05:00:40.558871,2024-02-10 05:16:55.558871,approve,975000
PI-000902,invoice_verification,PI-000902|A03,n_appr_inv,Approve Invoice,userTask,3,TK-0003838,EMP-0086,应付会计,2024-02-10 05:36:21.163496,2024-02-10 06:47:42.163496,approve,4281000
PI-000902,invoice_verification,PI-000902|A03,n_appr_inv,Approve Invoice,userTask,3,TK-0003839,EMP-0083,应付会计,2024-02-10 05:56:58.832712,2024-02-10 06:10:43.832712,approve,825000
PI-000902,invoice_verification,PI-000902|A04,n_pay,Post Payment,serviceTask,4,TK-0003840,EMP-0088,出纳,2024-02-10 07:02:19.616474,2024-02-10 07:43:37.616474,approve,2478000
PI-000902,invoice_verification,PI-000902|A05,n_clear,Clear Invoice,serviceTask,5,TK-0003841,EMP-0083,应付会计,2024-02-10 10:32:51.413840,2024-02-10 10:42:52.413840,approve,601000
PI-000903,purchase_requisition,PI-000903|A01,n_submit,Submit Purchase Requisition,userTask,1,TK-0003842,EMP-0016,采购申请人,2024-02-05 07:18:12.985866,2024-02-05 08:15:04.985866,approve,3412000
PI-000903,purchase_requisition,PI-000903|A02,n_mgr_appr,Approve Requisition by Manager,userTask,2,TK-0003845,EMP-0044,部门经理,2024-02-05 08:54:02.489500,2024-02-05 11:41:20.489500,approve,10038000
PI-000903,purchase_requisition,PI-000903|A02,n_mgr_appr,Approve Requisition by Manager,userTask,2,TK-0003844,EMP-0047,部门经理,2024-02-05 08:55:20.201605,2024-02-05 11:01:37.201605,approve,7577000
PI-000903,purchase_requisition,PI-000903|A02,n_mgr_appr,Approve Requisition by Manager,userTask,2,TK-0003843,EMP-0046,部门经理,2024-02-05 09:35:48.186891,2024-02-05 10:49:00.186891,approve,4392000
PI-000903,purchase_requisition,PI-000903|A03,n_convert,Convert to Purchase Order,serviceTask,3,TK-0003846,EMP-0060,采购专员,2024-02-05 12:16:52.004074,2024-02-05 12:32:23.004074,approve,931000
PI-000904,purchase_order,PI-000904|A01,n_create_po,Create Purchase Order,serviceTask,1,TK-0003847,EMP-0053,采购专员,2024-02-05 16:15:37.018441,2024-02-05 16:45:50.018441,approve,1813000
PI-000904,purchase_order,PI-000904|A02,n_dir_appr,Approve Purchase Order by Director,userTask,2,TK-0003848,EMP-0051,采购总监,2024-02-05 20:12:03.265398,2024-02-05 20:36:55.265398,approve,1492000
PI-000904,purchase_order,PI-000904|A03,n_send_po,Send Order to Supplier,serviceTask,3,TK-0003849,EMP-0054,采购专员,2024-02-05 23:33:48.773495,2024-02-05 23:35:11.773495,approve,83000
PI-000905,goods_receipt,PI-000905|A01,n_post_gr,Post Goods Receipt,serviceTask,1,TK-0003850,EMP-0066,仓储专员,2024-02-09 01:51:38.872851,2024-02-09 02:45:11.872851,approve,3213000
PI-000905,goods_receipt,PI-000905|A02,n_inspect,Quality Inspection,userTask,2,TK-0003851,EMP-0074,质检员,2024-02-09 05:01:55.058196,2024-02-09 05:28:18.058196,reject,1583000
PI-000905,goods_receipt,PI-000905|A03,n_return,Return to Supplier,serviceTask,3,TK-0003852,EMP-0063,仓储专员,2024-02-09 06:10:09.278394,2024-02-09 07:55:44.278394,approve,6335000
PI-000906,invoice_verification,PI-000906|A01,n_enter_inv,Enter Incoming Invoice,userTask,1,TK-0003853,EMP-0075,财务专员,2024-02-13 05:59:36.619402,2024-02-13 06:34:40.619402,approve,2104000
PI-000906,invoice_verification,PI-000906|A02,n_match,Three-Way Match,serviceTask,2,TK-0003854,EMP-0080,财务专员,2024-02-13 10:13:39.579307,2024-02-13 10:33:38.579307,approve,1199000
PI-000906,invoice_verification,PI-000906|A03,n_appr_inv,Approve Invoice,userTask,3,TK-0003856,EMP-0083,应付会计,2024-02-13 11:06:21.610056,2024-02-13 13:04:39.610056,approve,7098000
PI-000906,invoice_verification,PI-000906|A03,n_appr_inv,Approve Invoice,userTask,3,TK-0003855,EMP-0086,应付会计,2024-02-13 11:25:46.662933,2024-02-13 11:51:21.662933,approve,1535000
PI-000906,invoice_verification,PI-000906|A04,n_pay,Post Payment,serviceTask,4,TK-0003857,EMP-0090,出纳,2024-02-13 15:29:11.166833,2024-02-13 16:03:30.166833,approve,2059000
PI-000906,invoice_verification,PI-000906|A05,n_clear,Clear Invoice,serviceTask,5,TK-0003858,EMP-0086,应付会计,2024-02-13 18:10:44.805267,2024-02-13 18:20:48.805267,approve,604000
PI-000907,invoice_verification,PI-000907|A01,n_enter_inv,Enter Incoming Invoice,userTask,1,TK-0003859,EMP-0078,财务专员,2024-02-17 14:14:34.075229,2024-02-17 14:39:19.075229,approve,1485000
PI-000907,invoice_verification,PI-000907|A02,n_match,Three-Way Match,serviceTask,2,TK-0003860,EMP-0078,财务专员,2024-02-17 15:48:27.845421,2024-02-17 15:54:13.845421,reject,346000
PI-000907,invoice_verification,PI-000907|A03,n_park,Park Invoice,userTask,3,TK-0003861,EMP-0079,财务专员,2024-02-17 18:06:19.477154,2024-02-17 18:16:39.477154,approve,620000
PI-000907,invoice_verification,PI-000907|A04,n_handle_exc,Handle Invoice Exception,userTask,4,TK-0003862,EMP-0082,财务专员,2024-02-17 21:29:17.528485,2024-02-17 22:49:01.528485,approve,4784000
PI-000907,invoice_verification,PI-000907|A05,n_match,Three-Way Match,serviceTask,5,TK-0003863,EMP-0077,财务专员,2024-02-18 00:34:23.222563,2024-02-18 00:39:48.222563,approve,325000
PI-000907,invoice_verification,PI-000907|A06,n_appr_inv,Approve Invoice,userTask,6,TK-0003865,EMP-0083,应付会计,2024-02-18 01:15:17.556419,2024-02-18 01:37:49.556419,approve,1352000
PI-000907,invoice_verification,PI-000907|A06,n_appr_inv,Approve Invoice,userTask,6,TK-0003864,EMP-0087,应付会计,2024-02-18 01:36:10.787693,2024-02-18 02:37:35.787693,approve,3685000
PI-000907,invoice_verification,PI-000907|A07,n_pay,Post Payment,serviceTask,7,TK-0003866,EMP-0088,出纳,2024-02-18 02:56:56.030437,2024-02-18 03:07:53.030437,approve,657000
PI-000907,invoice_verification,PI-000907|A08,n_clear,Clear Invoice,serviceTask,8,TK-0003867,EMP-0084,应付会计,2024-02-18 03:26:35.731377,2024-02-18 04:12:52.731377,approve,2777000
PI-000908,purchase_order,PI-000908|A01,n_create_po,Create Purchase Order,serviceTask,1,TK-0003868,EMP-0053,采购专员,2024-02-06 08:01:48.289619,2024-02-06 08:10:35.289619,approve,527000
PI-000908,purchase_order,PI-000908|A02,n_dir_appr,Approve Purchase Order by Director,userTask,2,TK-0003869,EMP-0049,采购总监,2024-02-06 08:44:59.825376,2024-02-06 10:47:59.825376,approve,7380000
PI-000908,purchase_order,PI-000908|A03,n_send_po,Send Order to Supplier,serviceTask,3,TK-0003870,EMP-0052,采购专员,2024-02-06 11:07:31.893068,2024-02-06 11:18:12.893068,approve,641000
PI-000909,goods_receipt,PI-000909|A01,n_post_gr,Post Goods Receipt,serviceTask,1,TK-0003871,EMP-0067,仓储专员,2024-02-09 13:37:15.908466,2024-02-09 13:49:47.908466,approve,752000
PI-000909,goods_receipt,PI-000909|A02,n_inspect,Quality Inspection,userTask,2,TK-0003872,EMP-0071,质检员,2024-02-09 15:51:39.732104,2024-02-09 16:16:42.732104,approve,1503000
PI-000909,goods_receipt,PI-000909|A03,n_putaway,Putaway to Warehouse,serviceTask,3,TK-0003873,EMP-0065,仓储专员,2024-02-09 19:32:02.506716,2024-02-09 21:44:56.506716,approve,7974000
PI-000910,invoice_verification,PI-000910|A01,n_enter_inv,Enter Incoming Invoice,userTask,1,TK-0003874,EMP-0077,财务专员,2024-02-12 19:24:39.679798,2024-02-12 19:37:49.679798,approve,790000
PI-000910,invoice_verification,PI-000910|A02,n_match,Three-Way Match,serviceTask,2,TK-0003875,EMP-0078,财务专员,2024-02-12 22:23:17.157113,2024-02-12 22:34:33.157113,approve,676000
PI-000910,invoice_verification,PI-000910|A03,n_appr_inv,Approve Invoice,userTask,3,TK-0003877,EMP-0086,应付会计,2024-02-12 23:12:51.417430,2024-02-12 23:29:36.417430,approve,1005000
PI-000910,invoice_verification,PI-000910|A03,n_appr_inv,Approve Invoice,userTask,3,TK-0003876,EMP-0085,应付会计,2024-02-12 23:52:32.016720,2024-02-13 04:00:51.016720,approve,14899000
PI-000910,invoice_verification,PI-000910|A04,n_pay,Post Payment,serviceTask,4,TK-0003878,EMP-0090,出纳,2024-02-13 06:08:56.100331,2024-02-13 06:32:33.100331,approve,1417000
PI-000910,invoice_verification,PI-000910|A05,n_clear,Clear Invoice,serviceTask,5,TK-0003879,EMP-0083,应付会计,2024-02-13 08:29:46.111265,2024-02-13 08:34:18.111265,approve,272000
PI-000911,purchase_requisition,PI-000911|A01,n_submit,Submit Purchase Requisition,userTask,1,TK-0003880,EMP-0025,采购申请人,2024-02-05 11:50:27.390567,2024-02-05 12:30:16.390567,approve,2389000
PI-000911,purchase_requisition,PI-000911|A02,n_mgr_appr,Approve Requisition by Manager,userTask,2,TK-0003882,EMP-0045,部门经理,2024-02-05 12:44:14.170574,2024-02-05 15:24:47.170574,approve,9633000
PI-000911,purchase_requisition,PI-000911|A02,n_mgr_appr,Approve Requisition by Manager,userTask,2,TK-0003881,EMP-0048,部门经理,2024-02-05 13:52:10.539396,2024-02-05 14:47:31.539396,approve,3321000
PI-000911,purchase_requisition,PI-000911|A03,n_convert,Convert to Purchase Order,serviceTask,3,TK-0003883,EMP-0056,采购专员,2024-02-05 18:20:21.341265,2024-02-05 18:22:05.341265,approve,104000
PI-000912,purchase_order,PI-000912|A01,n_create_po,Create Purchase Order,serviceTask,1,TK-0003884,EMP-0058,采购专员,2024-02-06 10:42:26.923838,2024-02-06 11:58:19.923838,approve,4553000
PI-000912,purchase_order,PI-000912|A02,n_dir_appr,Approve Purchase Order by Director,userTask,2,TK-0003885,EMP-0049,采购总监,2024-02-06 13:36:25.252084,2024-02-06 14:13:22.252084,reject,2217000
PI-000912,purchase_order,PI-000912|A03,n_revise_po,Revise Purchase Order,serviceTask,3,TK-0003886,EMP-0052,采购专员,2024-02-06 15:53:08.393276,2024-02-06 16:17:48.393276,approve,1480000
PI-000912,purchase_order,PI-000912|A04,n_create_po,Create Purchase Order,serviceTask,4,TK-0003887,EMP-0061,采购专员,2024-02-06 18:38:24.178645,2024-02-06 18:54:10.178645,approve,946000
PI-000912,purchase_order,PI-000912|A05,n_dir_appr,Approve Purchase Order by Director,userTask,5,TK-0003888,EMP-0051,采购总监,2024-02-06 18:59:23.851026,2024-02-06 20:33:08.851026,approve,5625000
PI-000912,purchase_order,PI-000912|A06,n_send_po,Send Order to Supplier,serviceTask,6,TK-0003889,EMP-0054,采购专员,2024-02-06 21:14:01.976708,2024-02-06 21:17:05.976708,approve,184000
PI-000913,goods_receipt,PI-000913|A01,n_post_gr,Post Goods Receipt,serviceTask,1,TK-0003890,EMP-0067,仓储专员,2024-02-07 01:07:43.520893,2024-02-07 01:27:31.520893,approve,1188000
PI-000913,goods_receipt,PI-000913|A02,n_inspect,Quality Inspection,userTask,2,TK-0003891,EMP-0072,质检员,2024-02-07 02:19:08.768734,2024-02-07 03:00:54.768734,approve,2506000
PI-000913,goods_receipt,PI-000913|A03,n_putaway,Putaway to Warehouse,serviceTask,3,TK-0003892,EMP-0063,仓储专员,2024-02-07 03:09:36.141290,2024-02-07 03:38:10.141290,approve,1714000
PI-000914,invoice_verification,PI-000914|A01,n_enter_inv,Enter Incoming Invoice,userTask,1,TK-0003893,EMP-0082,财务专员,2024-02-08 03:58:49.297807,2024-02-08 04:32:37.297807,approve,2028000
PI-000914,invoice_verification,PI-000914|A02,n_match,Three-Way Match,serviceTask,2,TK-0003894,EMP-0082,财务专员,2024-02-08 05:40:34.711994,2024-02-08 05:47:28.711994,approve,414000
PI-000914,invoice_verification,PI-000914|A03,n_appr_inv,Approve Invoice,userTask,3,TK-0003895,EMP-0087,应付会计,2024-02-08 06:27:15.021509,2024-02-08 07:19:13.021509,approve,3118000
PI-000914,invoice_verification,PI-000914|A03,n_appr_inv,Approve Invoice,userTask,3,TK-0003896,EMP-0083,应付会计,2024-02-08 06:45:44.960624,2024-02-08 07:03:37.960624,approve,1073000
PI-000914,invoice_verification,PI-000914|A04,n_pay,Post Payment,serviceTask,4,TK-0003897,EMP-0090,出纳,2024-02-08 08:00:27.973599,2024-02-08 08:09:34.973599,approve,547000
PI-000914,invoice_verification,PI-000914|A05,n_clear,Clear Invoice,serviceTask,5,TK-0003898,EMP-0084,应付会计,2024-02-08 10:50:44.050788,2024-02-08 10:57:00.050788,approve,376000
PI-000915,purchase_requisition,PI-000915|A01,n_submit,Submit Purchase Requisition,userTask,1,TK-0003899,EMP-0031,采购申请人,2024-02-05 13:42:10.773707,2024-02-05 13:58:53.773707,approve,1003000
PI-000915,purchase_requisition,PI-000915|A02,n_convert,Convert to Purchase Order,serviceTask,2,TK-0003900,EMP-0057,采购专员,2024-02-05 16:33:56.632387,2024-02-05 16:44:40.632387,approve,644000
PI-000916,purchase_order,PI-000916|A01,n_create_po,Create Purchase Order,serviceTask,1,TK-0003901,EMP-0060,采购专员,2024-02-06 19:32:37.076732,2024-02-06 20:31:48.076732,approve,3551000
PI-000916,purchase_order,PI-000916|A02,n_dir_appr,Approve Purchase Order by Director,userTask,2,TK-0003902,EMP-0051,采购总监,2024-02-06 20:43:50.998343,2024-02-06 21:46:42.998343,approve,3772000
PI-000916,purchase_order,PI-000916|A03,n_send_po,Send Order to Supplier,serviceTask,3,TK-0003903,EMP-0055,采购专员,2024-02-06 23:35:42.277327,2024-02-06 23:44:04.277327,approve,502000
PI-000917,goods_receipt,PI-000917|A01,n_post_gr,Post Goods Receipt,serviceTask,1,TK-0003904,EMP-0067,仓储专员,2024-02-08 22:40:41.753557,2024-02-08 22:52:45.753557,approve,724000
PI-000917,goods_receipt,PI-000917|A02,n_inspect,Quality Inspection,userTask,2,TK-0003905,EMP-0071,质检员,2024-02-08 23:08:21.364784,2024-02-09 01:40:41.364784,reject,9140000
PI-000917,goods_receipt,PI-000917|A03,n_return,Return to Supplier,serviceTask,3,TK-0003906,EMP-0068,仓储专员,2024-02-09 04:54:12.597433,2024-02-09 06:07:17.597433,approve,4385000
PI-000918,goods_receipt,PI-000918|A01,n_post_gr,Post Goods Receipt,serviceTask,1,TK-0003907,EMP-0067,仓储专员,2024-02-09 17:34:29.438501,2024-02-09 18:00:42.438501,approve,1573000
PI-000918,goods_receipt,PI-000918|A02,n_inspect,Quality Inspection,userTask,2,TK-0003908,EMP-0070,质检员,2024-02-09 18:54:57.473523,2024-02-09 20:31:15.473523,approve,5778000
PI-000918,goods_receipt,PI-000918|A03,n_putaway,Putaway to Warehouse,serviceTask,3,TK-0003909,EMP-0066,仓储专员,2024-02-09 22:54:17.890777,2024-02-09 23:05:10.890777,approve,653000
PI-000919,invoice_verification,PI-000919|A01,n_enter_inv,Enter Incoming Invoice,userTask,1,TK-0003910,EMP-0076,财务专员,2024-02-14 14:51:46.861240,2024-02-14 15:08:05.861240,approve,979000
PI-000919,invoice_verification,PI-000919|A02,n_match,Three-Way Match,serviceTask,2,TK-0003911,EMP-0078,财务专员,2024-02-14 18:03:56.907319,2024-02-14 18:19:04.907319,approve,908000
PI-000919,invoice_verification,PI-000919|A03,n_appr_inv,Approve Invoice,userTask,3,TK-0003913,EMP-0083,应付会计,2024-02-14 18:39:17.126103,2024-02-14 19:37:44.126103,approve,3507000
PI-000919,invoice_verification,PI-000919|A03,n_appr_inv,Approve Invoice,userTask,3,TK-0003912,EMP-0087,应付会计,2024-02-14 19:37:30.375292,2024-02-14 20:59:34.375292,approve,4924000
PI-000919,invoice_verification,PI-000919|A04,n_pay,Post Payment,serviceTask,4,TK-0003914,EMP-0090,出纳,2024-02-14 22:42:19.747838,2024-02-14 23:00:47.747838,approve,1108000
PI-000919,invoice_verification,PI-000919|A05,n_clear,Clear Invoice,serviceTask,5,TK-0003915,EMP-0084,应付会计,2024-02-15 01:06:58.059215,2024-02-15 01:17:05.059215,approve,607000
PI-000920,purchase_requisition,PI-000920|A01,n_submit,Submit Purchase Requisition,userTask,1,TK-0003916,EMP-0013,采购申请人,2024-02-06 00:03:27.348052,2024-02-06 00:12:05.348052,approve,518000
PI-000920,purchase_requisition,PI-000920|A02,n_mgr_appr,Approve Requisition by Manager,userTask,2,TK-0003918,EMP-0048,部门经理,2024-02-06 00:37:21.426204,2024-02-06 02:20:51.426204,approve,6210000
PI-000920,purchase_requisition,PI-000920|A02,n_mgr_appr,Approve Requisition by Manager,userTask,2,TK-0003917,EMP-0045,部门经理,2024-02-06 01:22:25.958112,2024-02-06 02:29:48.958112,approve,4043000
PI-000920,purchase_requisition,PI-000920|A03,n_convert,Convert to Purchase Order,serviceTask,3,TK-0003919,EMP-0061,采购专员,2024-02-06 02:57:06.891403,2024-02-06 03:05:22.891403,approve,496000
PI-000921,purchase_order,PI-000921|A01,n_create_po,Create Purchase Order,serviceTask,1,TK-0003920,EMP-0054,采购专员,2024-02-06 06:16:57.078954,2024-02-06 06:26:45.078954,approve,588000
PI-000921,purchase_order,PI-000921|A02,n_send_po,Send Order to Supplier,serviceTask,2,TK-0003921,EMP-0060,采购专员,2024-02-06 10:04:56.207828,2024-02-06 10:10:38.207828,approve,342000
PI-000922,goods_receipt,PI-000922|A01,n_post_gr,Post Goods Receipt,serviceTask,1,TK-0003922,EMP-0064,仓储专员,2024-02-07 07:59:12.725556,2024-02-07 08:11:04.725556,approve,712000
PI-000922,goods_receipt,PI-000922|A02,n_inspect,Quality Inspection,userTask,2,TK-0003923,EMP-0073,质检员,2024-02-07 09:15:58.626846,2024-02-07 09:32:45.626846,approve,1007000
PI-000922,goods_receipt,PI-000922|A03,n_putaway,Putaway to Warehouse,serviceTask,3,TK-0003924,EMP-0064,仓储专员,2024-02-07 13:10:27.754180,2024-02-07 15:04:48.754180,approve,6861000
PI-000923,goods_receipt,PI-000923|A01,n_post_gr,Post Goods Receipt,serviceTask,1,TK-0003925,EMP-0063,仓储专员,2024-02-09 12:16:43.321727,2024-02-09 12:28:33.321727,approve,710000
PI-000923,goods_receipt,PI-000923|A02,n_inspect,Quality Inspection,userTask,2,TK-0003926,EMP-0070,质检员,2024-02-09 15:48:56.941399,2024-02-09 19:12:07.941399,approve,12191000
PI-000923,goods_receipt,PI-000923|A03,n_putaway,Putaway to Warehouse,serviceTask,3,TK-0003927,EMP-0065,仓储专员,2024-02-09 20:03:06.846926,2024-02-09 20:19:39.846926,approve,993000
PI-000924,invoice_verification,PI-000924|A01,n_enter_inv,Enter Incoming Invoice,userTask,1,TK-0003928,EMP-0081,财务专员,2024-02-13 15:05:31.716825,2024-02-13 15:10:33.716825,approve,302000
PI-000924,invoice_verification,PI-000924|A02,n_match,Three-Way Match,serviceTask,2,TK-0003929,EMP-0081,财务专员,2024-02-13 17:25:58.815061,2024-02-13 17:42:57.815061,approve,1019000
PI-000924,invoice_verification,PI-000924|A03,n_appr_inv,Approve Invoice,userTask,3,TK-0003931,EMP-0086,应付会计,2024-02-13 18:16:43.368870,2024-02-13 20:16:40.368870,approve,7197000
PI-000924,invoice_verification,PI-000924|A03,n_appr_inv,Approve Invoice,userTask,3,TK-0003930,EMP-0087,应付会计,2024-02-13 19:00:47.349503,2024-02-13 19:58:26.349503,approve,3459000
PI-000924,invoice_verification,PI-000924|A04,n_pay,Post Payment,serviceTask,4,TK-0003932,EMP-0088,出纳,2024-02-13 20:36:58.309761,2024-02-13 20:40:40.309761,approve,222000
PI-000924,invoice_verification,PI-000924|A05,n_clear,Clear Invoice,serviceTask,5,TK-0003933,EMP-0083,应付会计,2024-02-14 00:11:38.152947,2024-02-14 00:24:47.152947,approve,789000
