instance_id,process_key,business_key,status,apply_user,amount,start_time,end_time
PI-000001,purchase_requisition,PR-000001,completed,EMP-0011,39448.12,2024-01-01 05:15:50.101343,2024-01-01 11:23:54.711839
PI-000002,purchase_order,PO-000001,completed,EMP-0060,85573.08,2024-01-02 11:18:26.580607,2024-01-03 01:25:41.474943
PI-000003,goods_receipt,GR-000001,completed,EMP-0066,0.0,2024-01-04 12:41:52.634224,2024-01-04 20:27:41.051423
PI-000004,invoice_verification,INV-000001,completed,EMP-0082,85523.15,2024-01-07 15:00:45.141173,2024-01-07 23:12:12.318619
PI-000005,purchase_order,PO-000002,completed,EMP-0052,49979.72,2024-01-02 09:06:21.378261,2024-01-02 15:52:23.618457
PI-000006,goods_receipt,GR-000002,completed,EMP-0064,0.0,2024-01-04 10:45:56.372261,2024-01-04 17:57:59.680915
PI-000007,goods_receipt,GR-000003,completed,EMP-0066,0.0,2024-01-05 23:40:17.714306,2024-01-06 10:07:48.409181
PI-000008,invoice_verification,INV-000002,completed,EMP-0077,49508.84,2024-01-10 21:20:12.435627,2024-01-11 08:35:31.812531
PI-000009,purchase_requisition,PR-000002,completed,EMP-0011,32545.21,2024-01-01 12:46:23.102938,2024-01-01 21:47:35.082367
PI-000010,purchase_order,PO-000003,completed,EMP-0055,186169.13,2024-01-02 17:14:45.901944,2024-01-03 01:25:07.797672
PI-000011,goods_receipt,GR-000004,completed,EMP-0067,0.0,2024-01-04 09:30:39.611469,2024-01-04 17:39:29.159410
PI-000012,invoice_verification,INV-000003,completed,EMP-0081,185983.98,2024-01-09 00:13:39.620685,2024-01-09 14:16:03.891841
PI-000013,purchase_requisition,PR-000003,completed,EMP-0034,33264.5,2024-01-01 15:42:51.349037,2024-01-02 10:32:57.981492
PI-000014,purchase_order,PO-000004,completed,EMP-0058,41647.08,2024-01-02 21:44:05.544388,2024-01-03 00:00:02.369745
PI-000015,goods_receipt,GR-000005,completed,EMP-0064,0.0,2024-01-03 15:57:21.261700,2024-01-04 00:38:04.571468
PI-000016,invoice_verification,INV-000004,completed,EMP-0078,42005.27,2024-01-04 13:27:00.700615,2024-01-04 22:51:41.548077
PI-000017,purchase_order,PO-000005,completed,EMP-0055,91667.22,2024-01-03 07:02:48.591444,2024-01-03 15:46:32.566963
PI-000018,goods_receipt,GR-000006,completed,EMP-0069,0.0,2024-01-05 08:18:10.462098,2024-01-05 19:20:39.957210
PI-000019,goods_receipt,GR-000007,completed,EMP-0064,0.0,2024-01-07 12:04:46.416843,2024-01-07 21:48:41.987340
PI-000020,invoice_verification,INV-000005,completed,EMP-0081,90146.21,2024-01-09 06:36:06.530236,2024-01-09 13:51:35.737145
PI-000021,purchase_requisition,PR-000004,completed,EMP-0013,13342.76,2024-01-01 20:50:34.046685,2024-01-02 03:43:46.064701
PI-000022,purchase_order,PO-000006,completed,EMP-0059,100341.72,2024-01-02 08:29:40.046556,2024-01-02 19:35:59.018768
PI-000023,goods_receipt,GR-000008,completed,EMP-0063,0.0,2024-01-04 04:16:04.274726,2024-01-04 12:58:45.486877
PI-000024,invoice_verification,INV-000006,completed,EMP-0078,100230.22,2024-01-06 21:57:59.517890,2024-01-07 09:52:10.806528
PI-000025,purchase_requisition,PR-000005,completed,EMP-0010,1184.72,2024-01-02 02:29:19.005188,2024-01-02 08:45:19.325003
PI-000026,purchase_order,PO-000007,completed,EMP-0054,51877.79,2024-01-02 14:54:53.525394,2024-01-02 22:34:02.116473
PI-000027,goods_receipt,GR-000009,completed,EMP-0066,0.0,2024-01-04 01:41:39.824182,2024-01-04 13:01:52.488033
PI-000028,invoice_verification,INV-000007,completed,EMP-0076,52336.24,2024-01-07 21:29:46.699269,2024-01-08 12:14:26.378562
PI-000029,purchase_requisition,PR-000006,completed,EMP-0035,35977.13,2024-01-02 03:35:09.755297,2024-01-02 09:06:14.205440
PI-000030,purchase_order,PO-000008,completed,EMP-0058,68313.46,2024-01-03 08:34:59.683432,2024-01-03 15:18:36.334395
PI-000031,goods_receipt,GR-000010,completed,EMP-0062,0.0,2024-01-05 15:35:02.860330,2024-01-05 23:26:04.577491
PI-000032,goods_receipt,GR-000011,completed,EMP-0069,0.0,2024-01-08 01:27:41.146499,2024-01-08 09:26:23.568907
PI-000033,invoice_verification,INV-000008,completed,EMP-0082,68181.08,2024-01-09 15:56:42.485562,2024-01-10 00:43:06.373719
PI-000034,purchase_order,PO-000009,completed,EMP-0060,157688.33,2024-01-03 04:50:13.117757,2024-01-03 06:57:18.898482
PI-000035,goods_receipt,GR-000012,completed,EMP-0064,0.0,2024-01-03 14:54:08.072556,2024-01-04 00:00:34.087689
PI-000036,goods_receipt,GR-000013,completed,EMP-0066,0.0,2024-01-06 20:10:55.757670,2024-01-07 03:20:12.423331
PI-000037,invoice_verification,INV-000009,completed,EMP-0081,157085.47,2024-01-10 09:35:35.584325,2024-01-10 16:09:33.649754
PI-000038,purchase_requisition,PR-000007,completed,EMP-0030,88842.11,2024-01-02 08:58:54.064354,2024-01-02 13:56:23.138757
PI-000039,purchase_order,PO-000010,completed,EMP-0061,17016.5,2024-01-03 10:44:58.691627,2024-01-03 15:25:35.462291
PI-000040,goods_receipt,GR-000014,completed,EMP-0063,0.0,2024-01-06 02:11:39.098744,2024-01-06 10:43:28.595629
PI-000041,invoice_verification,INV-000010,completed,EMP-0077,16869.58,2024-01-10 02:40:39.769958,2024-01-10 11:38:11.427662
PI-000042,purchase_requisition,PR-000008,completed,EMP-0011,110619.22,2024-01-02 12:37:07.405099,2024-01-02 19:46:01.908558
PI-000043,purchase_order,PO-000011,completed,EMP-0054,116945.8,2024-01-03 16:16:10.556226,2024-01-03 20:48:43.404314
PI-000044,goods_receipt,GR-000015,completed,EMP-0063,0.0,2024-01-05 07:38:59.156357,2024-01-05 10:25:55.426694
PI-000045,goods_receipt,GR-000016,completed,EMP-0068,0.0,2024-01-05 12:32:29.639349,2024-01-05 19:44:44.249968
PI-000046,invoice_verification,INV-000011,completed,EMP-0077,115091.81,2024-01-08 19:14:47.077051,2024-01-09 04:30:43.493009
PI-000047,purchase_requisition,PR-000009,completed,EMP-0025,19537.85,2024-01-02 16:41:48.768268,2024-01-03 01:19:36.738602
PI-000048,purchase_order,PO-000012,completed,EMP-0057,86521.06,2024-01-03 03:24:24.681117,2024-01-03 14:16:20.029288
PI-000049,goods_receipt,GR-000017,completed,EMP-0066,0.0,2024-01-05 17:56:24.231967,2024-01-06 02:57:53.105690
PI-000050,invoice_verification,INV-000012,completed,EMP-0082,52710.53,2024-01-06 14:35:29.514450,2024-01-07 04:30:37.438694
PI-000051,invoice_verification,INV-000013,completed,EMP-0077,34803.6,2024-01-10 05:09:36.645458,2024-01-10 16:35:09.558655
PI-000052,purchase_order,PO-000013,completed,EMP-0054,15333.18,2024-01-03 04:42:22.092111,2024-01-03 08:39:26.174047
PI-000053,goods_receipt,GR-000018,completed,EMP-0065,0.0,2024-01-06 04:49:24.840672,2024-01-06 09:44:15.630064
PI-000054,invoice_verification,INV-000014,completed,EMP-0076,9201.47,2024-01-10 06:24:30.788366,2024-01-10 17:05:40.842670
PI-000055,invoice_verification,INV-000015,completed,EMP-0082,6231.1,2024-01-15 02:15:29.432727,2024-01-15 08:57:28.027400
PI-000056,purchase_requisition,PR-000010,completed,EMP-0023,137960.55,2024-01-02 20:05:35.409114,2024-01-03 03:36:15.596434
PI-000057,purchase_order,PO-000014,completed,EMP-0060,149712.41,2024-01-03 09:48:07.546484,2024-01-03 16:33:57.599229
PI-000058,goods_receipt,GR-000019,completed,EMP-0068,0.0,2024-01-06 11:56:26.097095,2024-01-06 19:52:05.574541
PI-000059,goods_receipt,GR-000020,completed,EMP-0064,0.0,2024-01-08 05:59:32.021241,2024-01-08 12:49:31.376898
PI-000060,invoice_verification,INV-000016,completed,EMP-0080,150206.23,2024-01-11 11:16:44.957237,2024-01-12 02:30:29.778121
PI-000061,purchase_requisition,PR-000011,completed,EMP-0034,16518.91,2024-01-02 22:14:41.745460,2024-01-03 07:07:33.341133
PI-000062,purchase_order,PO-000015,completed,EMP-0053,286995.36,2024-01-03 10:45:04.278749,2024-01-03 23:56:30.916388
PI-000063,goods_receipt,GR-000021,completed,EMP-0064,0.0,2024-01-05 00:23:18.525467,2024-01-05 15:57:34.167115
PI-000064,invoice_verification,INV-000017,completed,EMP-0082,282968.44,2024-01-07 15:37:43.941836,2024-01-08 02:51:52.121124
PI-000065,purchase_requisition,PR-000012,completed,EMP-0017,93534.32,2024-01-03 01:45:35.086260,2024-01-03 09:07:43.974631
PI-000066,purchase_order,PO-000016,completed,EMP-0053,180869.76,2024-01-04 08:07:26.215856,2024-01-04 17:43:34.681751
PI-000067,goods_receipt,GR-000022,completed,EMP-0064,0.0,2024-01-05 03:13:02.821782,2024-01-05 09:28:52.183291
PI-000068,invoice_verification,INV-000018,completed,EMP-0081,106392.44,2024-01-06 09:21:41.964303,2024-01-06 19:27:02.679616
PI-000069,invoice_verification,INV-000019,completed,EMP-0079,72624.59,2024-01-11 15:50:43.891775,2024-01-12 04:24:09.214227
PI-000070,purchase_requisition,PR-000013,completed,EMP-0006,97306.78,2024-01-03 05:14:13.726301,2024-01-03 08:38:31.641196
PI-000071,purchase_order,PO-000017,completed,EMP-0057,225082.68,2024-01-04 07:24:11.437999,2024-01-04 12:41:24.520656
PI-000072,goods_receipt,GR-000023,completed,EMP-0064,0.0,2024-01-06 11:01:25.202649,2024-01-06 17:46:01.725019
PI-000073,invoice_verification,INV-000020,completed,EMP-0080,225651.87,2024-01-10 00:35:26.755770,2024-01-10 10:59:25.962207
PI-000074,purchase_requisition,PR-000014,completed,EMP-0016,20272.05,2024-01-03 12:44:47.771953,2024-01-03 19:22:48.051423
PI-000075,purchase_order,PO-000018,completed,EMP-0056,114600.91,2024-01-04 15:00:10.307733,2024-01-05 20:58:25.691540
PI-000076,goods_receipt,GR-000024,completed,EMP-0069,0.0,2024-01-06 19:48:48.343186,2024-01-07 03:08:45.152013
PI-000077,goods_receipt,GR-000025,completed,EMP-0068,0.0,2024-01-09 14:12:30.740293,2024-01-09 23:48:34.943069
PI-000078,invoice_verification,INV-000021,completed,EMP-0076,114546.11,2024-01-12 23:18:59.578523,2024-01-13 19:59:08.148833
PI-000079,purchase_requisition,PR-000015,completed,EMP-0007,67181.28,2024-01-03 19:23:17.884165,2024-01-04 04:31:40.392154
PI-000080,purchase_order,PO-000019,completed,EMP-0052,99432.44,2024-01-04 21:58:32.189602,2024-01-05 14:17:55.575929
PI-000081,goods_receipt,GR-000026,completed,EMP-0069,0.0,2024-01-06 17:52:39.516567,2024-01-07 04:05:42.088926
PI-000082,invoice_verification,INV-000022,completed,EMP-0080,60663.95,2024-01-12 01:06:55.358232,2024-01-13 08:36:58.239995
PI-000083,invoice_verification,INV-000023,completed,EMP-0075,40321.6,2024-01-15 02:34:59.104908,2024-01-15 16:59:18.694439
PI-000084,purchase_requisition,PR-000016,completed,EMP-0027,36249.34,2024-01-04 02:18:24.590903,2024-01-04 12:46:51.947903
PI-000085,purchase_order,PO-000020,completed,EMP-0055,35177.8,2024-01-04 20:59:03.291445,2024-01-05 01:21:07.989020
PI-000086,goods_receipt,GR-000027,completed,EMP-0065,0.0,2024-01-05 13:08:15.834917,2024-01-05 20:09:17.834168
PI-000087,goods_receipt,GR-000028,completed,EMP-0064,0.0,2024-01-07 04:01:17.166812,2024-01-07 11:24:19.136530
PI-000088,invoice_verification,INV-000024,completed,EMP-0080,35592.68,2024-01-12 10:10:34.086472,2024-01-12 16:55:23.979657
PI-000089,purchase_requisition,PR-000017,completed,EMP-0032,12554.74,2024-01-04 10:13:22.347405,2024-01-04 15:15:21.623950
PI-000090,purchase_order,PO-000021,completed,EMP-0056,286089.42,2024-01-04 19:52:36.371847,2024-01-04 21:53:16.336550
PI-000091,goods_receipt,GR-000029,completed,EMP-0067,0.0,2024-01-07 04:03:42.855232,2024-01-07 10:01:05.329299
PI-000092,invoice_verification,INV-000025,completed,EMP-0078,281528.34,2024-01-09 21:38:20.040265,2024-01-10 16:09:41.468549
PI-000093,purchase_requisition,PR-000018,completed,EMP-0015,31747.75,2024-01-04 14:28:41.807900,2024-01-05 01:23:27.203254
PI-000094,purchase_order,PO-000022,completed,EMP-0055,55554.52,2024-01-05 05:49:09.344272,2024-01-05 07:32:43.653769
PI-000095,goods_receipt,GR-000030,completed,EMP-0063,0.0,2024-01-05 20:01:13.518306,2024-01-06 05:07:29.644094
PI-000096,invoice_verification,INV-000026,completed,EMP-0082,33852.13,2024-01-07 23:34:41.570121,2024-01-08 14:55:12.367926
PI-000097,invoice_verification,INV-000027,completed,EMP-0075,21931.8,2024-01-13 00:26:27.768164,2024-01-13 08:39:09.852791
PI-000098,purchase_requisition,PR-000019,completed,EMP-0001,17848.29,2024-01-04 20:51:04.640656,2024-01-04 22:56:02.655097
PI-000099,purchase_order,PO-000023,completed,EMP-0057,210442.62,2024-01-05 15:31:04.006391,2024-01-06 00:24:40.560964
PI-000100,goods_receipt,GR-000031,completed,EMP-0065,0.0,2024-01-07 18:27:15.254341,2024-01-08 07:10:54.370710
PI-000101,invoice_verification,INV-000028,completed,EMP-0080,213569.23,2024-01-10 11:57:23.715184,2024-01-10 21:23:28.888320
PI-000102,purchase_requisition,PR-000020,completed,EMP-0006,56610.59,2024-01-05 01:16:41.983340,2024-01-05 08:14:17.580387
PI-000103,purchase_order,PO-000024,completed,EMP-0052,197545.58,2024-01-05 20:35:49.579105,2024-01-06 10:44:08.227170
PI-000104,goods_receipt,GR-000032,completed,EMP-0066,0.0,2024-01-07 20:42:29.538326,2024-01-08 04:28:51.886550
PI-000105,invoice_verification,INV-000029,completed,EMP-0077,196642.52,2024-01-12 11:09:32.337538,2024-01-13 06:03:49.405631
PI-000106,purchase_requisition,PR-000021,completed,EMP-0030,54318.98,2024-01-05 03:55:23.983340,2024-01-05 11:59:08.546917
PI-000107,purchase_order,PO-000025,completed,EMP-0060,184430.68,2024-01-06 03:22:36.282785,2024-01-06 10:42:00.492900
PI-000108,goods_receipt,GR-000033,completed,EMP-0062,0.0,2024-01-09 08:10:11.891462,2024-01-09 16:03:09.185364
PI-000109,invoice_verification,INV-000030,completed,EMP-0077,183271.41,2024-01-11 06:10:36.056528,2024-01-11 22:55:37.083415
PI-000110,purchase_requisition,PR-000022,completed,EMP-0004,13613.17,2024-01-05 06:40:38.120728,2024-01-05 12:32:27.463864
PI-000111,purchase_order,PO-000026,completed,EMP-0054,29143.23,2024-01-05 19:36:00.359902,2024-01-06 01:59:28.221477
PI-000112,goods_receipt,GR-000034,completed,EMP-0063,0.0,2024-01-07 16:46:07.778408,2024-01-08 03:29:48.533966
PI-000113,invoice_verification,INV-000031,completed,EMP-0076,29678.18,2024-01-11 14:40:21.982223,2024-01-12 01:30:50.046370
PI-000114,purchase_requisition,PR-000023,completed,EMP-0017,8900.94,2024-01-05 08:55:23.523250,2024-01-05 14:24:07.618527
PI-000115,purchase_order,PO-000027,completed,EMP-0061,203925.89,2024-01-05 18:13:27.847610,2024-01-05 23:54:26.320003
PI-000116,goods_receipt,GR-000035,completed,EMP-0065,0.0,2024-01-06 21:52:00.880260,2024-01-07 03:33:06.600340
PI-000117,goods_receipt,GR-000036,completed,EMP-0063,0.0,2024-01-08 20:10:07.900532,2024-01-09 08:45:38.759885
PI-000118,invoice_verification,INV-000032,completed,EMP-0079,206170.68,2024-01-11 07:11:44.619816,2024-01-12 03:04:16.928409
PI-000119,purchase_requisition,PR-000024,completed,EMP-0031,3897.66,2024-01-05 12:20:18.337791,2024-01-05 23:48:48.706989
PI-000120,purchase_order,PO-000028,completed,EMP-0060,17299.2,2024-01-06 03:25:13.943578,2024-01-06 10:57:33.862314
PI-000121,goods_receipt,GR-000037,completed,EMP-0062,0.0,2024-01-09 04:05:54.020756,2024-01-09 15:17:13.624587
PI-000122,invoice_verification,INV-000033,completed,EMP-0076,10227.52,2024-01-12 02:38:07.805160,2024-01-12 17:36:36.211893
PI-000123,invoice_verification,INV-000034,completed,EMP-0078,6819.5,2024-01-17 01:48:51.839807,2024-01-17 14:57:11.401338
PI-000124,purchase_requisition,PR-000025,completed,EMP-0019,5683.4,2024-01-05 18:57:56.867501,2024-01-06 03:30:43.231864
PI-000125,purchase_order,PO-000029,completed,EMP-0060,9347.62,2024-01-06 15:54:30.974807,2024-01-06 19:46:46.107059
PI-000126,goods_receipt,GR-000038,completed,EMP-0065,0.0,2024-01-07 02:30:29.780746,2024-01-07 10:25:29.801667
PI-000127,invoice_verification,INV-000035,completed,EMP-0078,9261.28,2024-01-12 04:17:26.324012,2024-01-12 17:49:50.902049
PI-000128,purchase_requisition,PR-000026,completed,EMP-0035,37524.22,2024-01-05 22:55:40.899362,2024-01-06 10:28:22.306526
PI-000129,purchase_order,PO-000030,completed,EMP-0060,23077.12,2024-01-06 22:42:48.282615,2024-01-07 02:48:00.903918
PI-000130,goods_receipt,GR-000039,completed,EMP-0066,0.0,2024-01-07 22:59:02.722665,2024-01-08 07:26:23.107989
PI-000131,invoice_verification,INV-000036,completed,EMP-0080,23498.6,2024-01-12 16:09:27.502834,2024-01-13 17:04:56.199621
PI-000132,purchase_requisition,PR-000027,completed,EMP-0001,87903.5,2024-01-06 01:01:04.981347,2024-01-06 04:54:56.266984
PI-000133,purchase_order,PO-000031,completed,EMP-0056,151413.55,2024-01-06 14:34:26.855614,2024-01-07 00:03:33.055367
PI-000134,goods_receipt,GR-000040,completed,EMP-0063,0.0,2024-01-08 15:30:25.685138,2024-01-08 23:00:47.752537
PI-000135,invoice_verification,INV-000037,completed,EMP-0079,151675.14,2024-01-10 00:04:45.473779,2024-01-10 13:23:44.780991
PI-000136,purchase_requisition,PR-000028,completed,EMP-0001,94035.49,2024-01-06 07:32:31.404608,2024-01-06 15:04:59.639539
PI-000137,purchase_order,PO-000032,completed,EMP-0060,113911.66,2024-01-07 11:07:11.815140,2024-01-07 18:47:44.542027
PI-000138,goods_receipt,GR-000041,completed,EMP-0062,0.0,2024-01-08 03:32:01.128935,2024-01-08 11:03:50.559172
PI-000139,invoice_verification,INV-000038,completed,EMP-0075,115690.64,2024-01-12 14:25:08.832365,2024-01-13 02:06:26.604865
PI-000140,purchase_order,PO-000033,completed,EMP-0056,167247.94,2024-01-07 00:23:49.975673,2024-01-07 08:55:55.868487
PI-000141,goods_receipt,GR-000042,completed,EMP-0066,0.0,2024-01-09 03:40:59.106490,2024-01-09 08:42:59.833327
PI-000142,goods_receipt,GR-000043,completed,EMP-0062,0.0,2024-01-11 23:36:06.034886,2024-01-12 08:44:03.588760
PI-000143,invoice_verification,INV-000039,completed,EMP-0082,169163.72,2024-01-13 05:54:13.567275,2024-01-13 17:10:18.844632
PI-000144,purchase_requisition,PR-000029,completed,EMP-0015,54838.12,2024-01-06 08:51:22.318891,2024-01-06 16:04:08.243481
PI-000145,purchase_order,PO-000034,completed,EMP-0061,146789.6,2024-01-06 18:54:34.717503,2024-01-06 21:36:15.231486
PI-000146,goods_receipt,GR-000044,completed,EMP-0066,0.0,2024-01-08 00:28:50.521064,2024-01-08 10:52:06.447578
PI-000147,invoice_verification,INV-000040,completed,EMP-0080,144750.69,2024-01-13 07:27:02.771063,2024-01-13 21:14:51.720737
PI-000148,purchase_requisition,PR-000030,completed,EMP-0040,72117.8,2024-01-06 16:45:28.399837,2024-01-06 23:32:51.237093
PI-000149,purchase_order,PO-000035,completed,EMP-0055,11881.11,2024-01-07 10:47:05.012961,2024-01-07 13:55:35.610156
PI-000150,goods_receipt,GR-000045,completed,EMP-0064,0.0,2024-01-10 08:15:31.880790,2024-01-10 17:16:32.821056
PI-000151,goods_receipt,GR-000046,completed,EMP-0063,0.0,2024-01-12 20:42:41.951939,2024-01-13 02:54:29.674324
PI-000152,invoice_verification,INV-000041,completed,EMP-0077,11855.57,2024-01-16 07:34:36.384343,2024-01-16 20:28:06.813586
PI-000153,purchase_requisition,PR-000031,completed,EMP-0036,70724.29,2024-01-06 21:45:49.921064,2024-01-07 04:29:08.000229
PI-000154,purchase_order,PO-000036,completed,EMP-0054,277396.01,2024-01-07 22:07:17.029571,2024-01-08 07:43:35.850191
PI-000155,goods_receipt,GR-000047,completed,EMP-0067,0.0,2024-01-08 11:45:53.430407,2024-01-09 00:36:31.292687
PI-000156,invoice_verification,INV-000042,completed,EMP-0080,278008.25,2024-01-09 06:46:48.109248,2024-01-09 19:18:10.092380
PI-000157,purchase_requisition,PR-000032,completed,EMP-0002,90007.33,2024-01-07 01:52:13.028207,2024-01-07 07:01:44.949715
PI-000158,purchase_order,PO-000037,completed,EMP-0056,42133.92,2024-01-08 01:41:22.738155,2024-01-08 03:56:01.994968
PI-000159,goods_receipt,GR-000048,completed,EMP-0063,0.0,2024-01-08 09:27:56.909638,2024-01-08 18:47:50.037539
PI-000160,invoice_verification,INV-000043,completed,EMP-0082,42841.25,2024-01-11 05:07:02.055626,2024-01-11 17:52:26.639590
PI-000161,purchase_requisition,PR-000033,completed,EMP-0005,35362.13,2024-01-07 06:14:48.869540,2024-01-07 16:47:29.852200
PI-000162,purchase_order,PO-000038,completed,EMP-0058,284339.98,2024-01-08 09:15:40.537475,2024-01-08 16:11:06.182771
PI-000163,goods_receipt,GR-000049,completed,EMP-0064,0.0,2024-01-11 04:58:56.779826,2024-01-11 11:22:34.375149
PI-000164,invoice_verification,INV-000044,completed,EMP-0080,286966.3,2024-01-15 01:58:59.862717,2024-01-15 11:39:11.706802
PI-000165,purchase_requisition,PR-000034,completed,EMP-0004,48820.4,2024-01-07 08:25:49.666412,2024-01-07 23:53:47.618412
PI-000166,purchase_order,PO-000039,completed,EMP-0056,294295.05,2024-01-08 15:43:12.395603,2024-01-09 01:05:27.317769
PI-000167,goods_receipt,GR-000050,completed,EMP-0062,0.0,2024-01-11 05:51:30.483089,2024-01-11 12:16:40.330618
PI-000168,goods_receipt,GR-000051,completed,EMP-0067,0.0,2024-01-12 09:37:28.988282,2024-01-12 16:01:14.855197
PI-000169,invoice_verification,INV-000045,completed,EMP-0079,290979.95,2024-01-15 22:38:52.873723,2024-01-16 06:35:31.200230
PI-000170,purchase_requisition,PR-000035,completed,EMP-0024,7282.55,2024-01-07 13:57:35.941532,2024-01-07 21:42:00.943973
PI-000171,purchase_order,PO-000040,completed,EMP-0052,198851.77,2024-01-08 09:16:26.125162,2024-01-08 17:33:48.546302
PI-000172,goods_receipt,GR-000052,completed,EMP-0063,0.0,2024-01-08 22:45:16.355822,2024-01-09 04:34:26.285310
PI-000173,invoice_verification,INV-000046,completed,EMP-0081,195583.77,2024-01-12 12:10:39.503989,2024-01-13 05:29:38.686739
PI-000174,purchase_requisition,PR-000036,completed,EMP-0008,5692.91,2024-01-07 17:14:23.202497,2024-01-07 23:33:27.677105
PI-000175,purchase_order,PO-000041,completed,EMP-0058,136464.92,2024-01-08 13:02:50.804069,2024-01-09 00:50:51.648506
PI-000176,goods_receipt,GR-000053,completed,EMP-0063,0.0,2024-01-10 12:23:47.521989,2024-01-10 16:29:26.604459
PI-000177,invoice_verification,INV-000047,completed,EMP-0077,136267.1,2024-01-11 12:34:15.951227,2024-01-12 07:44:55.388529
PI-000178,purchase_requisition,PR-000037,completed,EMP-0038,33055.07,2024-01-08 00:48:49.730395,2024-01-08 18:34:59.973094
PI-000179,purchase_order,PO-000042,completed,EMP-0054,167927.67,2024-01-09 17:33:15.665269,2024-01-10 05:48:36.718006
PI-000180,goods_receipt,GR-000054,completed,EMP-0067,0.0,2024-01-12 13:36:23.295797,2024-01-12 20:42:42.918717
PI-000181,goods_receipt,GR-000055,completed,EMP-0065,0.0,2024-01-13 21:33:27.269075,2024-01-14 05:03:28.593105
PI-000182,invoice_verification,INV-000048,completed,EMP-0076,100131.59,2024-01-15 20:47:45.032995,2024-01-16 07:16:57.003944
PI-000183,invoice_verification,INV-000049,completed,EMP-0082,65899.76,2024-01-16 11:33:58.735406,2024-01-16 20:52:11.794218
PI-000184,purchase_requisition,PR-000038,completed,EMP-0023,18562.35,2024-01-08 04:45:01.483325,2024-01-08 19:06:40.787887
PI-000185,purchase_order,PO-000043,completed,EMP-0061,51434.73,2024-01-09 14:48:42.262184,2024-01-09 19:37:15.036993
PI-000186,goods_receipt,GR-000056,completed,EMP-0062,0.0,2024-01-10 15:19:54.179741,2024-01-11 01:55:22.520331
PI-000187,goods_receipt,GR-000057,completed,EMP-0069,0.0,2024-01-11 18:54:14.397705,2024-01-12 03:14:00.849394
PI-000188,invoice_verification,INV-000050,completed,EMP-0079,30648.66,2024-01-12 20:39:26.610062,2024-01-13 04:50:41.800801
PI-000189,invoice_verification,INV-000051,completed,EMP-0081,20749.59,2024-01-16 04:20:51.018182,2024-01-16 11:11:58.344153
PI-000190,purchase_requisition,PR-000039,completed,EMP-0032,9230.15,2024-01-08 10:41:34.175260,2024-01-08 19:57:11.681336
PI-000191,purchase_order,PO-000044,completed,EMP-0056,84944.91,2024-01-09 17:50:50.592319,2024-01-10 01:04:41.501341
PI-000192,goods_receipt,GR-000058,completed,EMP-0067,0.0,2024-01-11 02:50:45.436397,2024-01-11 11:51:11.563677
PI-000193,invoice_verification,INV-000052,completed,EMP-0076,85050.46,2024-01-13 17:23:50.983461,2024-01-14 05:15:39.254884
PI-000194,purchase_requisition,PR-000040,completed,EMP-0021,8745.88,2024-01-08 14:44:25.972622,2024-01-08 19:16:47.200659
PI-000195,purchase_order,PO-000045,completed,EMP-0054,65339.49,2024-01-09 16:35:39.057850,2024-01-10 01:25:20.643444
PI-000196,goods_receipt,GR-000059,completed,EMP-0062,0.0,2024-01-11 10:11:08.447452,2024-01-11 21:53:06.544233
PI-000197,invoice_verification,INV-000053,completed,EMP-0076,64841.0,2024-01-16 17:04:09.300519,2024-01-17 04:58:14.492241
PI-000198,purchase_requisition,PR-000041,completed,EMP-0012,72617.44,2024-01-08 21:04:27.753842,2024-01-09 04:19:20.471241
PI-000199,purchase_order,PO-000046,completed,EMP-0061,35176.19,2024-01-09 06:54:55.054460,2024-01-09 08:31:03.720896
PI-000200,goods_receipt,GR-000060,completed,EMP-0066,0.0,2024-01-11 04:31:24.583093,2024-01-11 09:42:24.029572
PI-000201,invoice_verification,INV-000054,completed,EMP-0079,35476.36,2024-01-14 23:53:14.071969,2024-01-15 11:55:01.586777
PI-000202,purchase_requisition,PR-000042,completed,EMP-0028,11443.31,2024-01-09 01:41:35.465522,2024-01-09 10:01:05.637169
PI-000203,purchase_order,PO-000047,completed,EMP-0055,190734.36,2024-01-09 14:45:41.761641,2024-01-10 00:09:15.489890
PI-000204,goods_receipt,GR-000061,completed,EMP-0062,0.0,2024-01-12 10:15:48.096546,2024-01-12 19:38:34.359683
PI-000205,invoice_verification,INV-000055,completed,EMP-0080,192145.5,2024-01-13 14:52:19.672437,2024-01-14 02:44:36.731932
PI-000206,purchase_requisition,PR-000043,completed,EMP-0037,11316.74,2024-01-09 05:41:14.307052,2024-01-09 14:05:43.200724
PI-000207,purchase_order,PO-000048,completed,EMP-0061,15653.4,2024-01-10 01:48:27.542057,2024-01-10 08:09:01.327228
PI-000208,goods_receipt,GR-000062,completed,EMP-0065,0.0,2024-01-12 21:05:47.934106,2024-01-13 03:16:54.539507
PI-000209,invoice_verification,INV-000056,completed,EMP-0082,9441.03,2024-01-16 18:00:02.098893,2024-01-17 06:51:41.799095
PI-000210,invoice_verification,INV-000057,completed,EMP-0081,6357.33,2024-01-20 22:43:44.512514,2024-01-21 09:02:12.879809
PI-000211,purchase_requisition,PR-000044,completed,EMP-0036,26740.68,2024-01-09 12:04:22.529371,2024-01-09 19:42:35.385708
PI-000212,purchase_order,PO-000049,completed,EMP-0060,77916.21,2024-01-10 11:50:13.984274,2024-01-10 21:53:56.595058
PI-000213,goods_receipt,GR-000063,completed,EMP-0062,0.0,2024-01-12 22:06:40.990471,2024-01-13 11:11:38.055052
PI-000214,goods_receipt,GR-000064,completed,EMP-0068,0.0,2024-01-13 19:05:36.847720,2024-01-14 03:36:34.199683
PI-000215,invoice_verification,INV-000058,completed,EMP-0080,45926.83,2024-01-16 02:52:30.174975,2024-01-16 17:12:07.041665
PI-000216,invoice_verification,INV-000059,completed,EMP-0081,31003.54,2024-01-19 10:14:51.381543,2024-01-19 21:54:56.231007
PI-000217,purchase_requisition,PR-000045,completed,EMP-0004,56363.71,2024-01-09 17:12:01.060323,2024-01-09 22:58:47.311501
PI-000218,purchase_order,PO-000050,completed,EMP-0057,89248.89,2024-01-10 15:09:34.186516,2024-01-10 18:21:08.549501
PI-000219,goods_receipt,GR-000065,completed,EMP-0065,0.0,2024-01-12 12:43:56.156461,2024-01-12 20:55:42.353892
PI-000220,invoice_verification,INV-000060,completed,EMP-0076,88596.95,2024-01-14 06:45:39.800319,2024-01-15 00:18:25.567023
PI-000221,purchase_requisition,PR-000046,completed,EMP-0036,228.59,2024-01-10 00:55:47.133476,2024-01-10 09:56:08.471688
PI-000222,purchase_order,PO-000051,completed,EMP-0054,149776.65,2024-01-11 08:58:19.252366,2024-01-11 21:37:35.423655
PI-000223,goods_receipt,GR-000066,completed,EMP-0065,0.0,2024-01-12 08:21:35.917571,2024-01-12 12:27:54.108680
PI-000224,invoice_verification,INV-000061,completed,EMP-0077,147942.01,2024-01-16 06:10:03.180662,2024-01-16 14:01:40.367668
PI-000225,purchase_requisition,PR-000047,completed,EMP-0028,11108.09,2024-01-10 08:46:35.142876,2024-01-10 14:35:24.194432
PI-000226,purchase_order,PO-000052,completed,EMP-0059,181835.8,2024-01-11 05:45:15.284467,2024-01-11 11:42:23.588787
PI-000227,goods_receipt,GR-000067,completed,EMP-0066,0.0,2024-01-12 03:15:34.453313,2024-01-12 08:38:41.084614
PI-000228,invoice_verification,INV-000062,completed,EMP-0077,180316.12,2024-01-17 05:11:46.278619,2024-01-17 18:03:41.013966
PI-000229,purchase_order,PO-000053,completed,EMP-0057,28233.57,2024-01-10 19:39:30.725834,2024-01-10 21:07:10.475562
PI-000230,goods_receipt,GR-000068,completed,EMP-0067,0.0,2024-01-11 20:28:28.714828,2024-01-12 10:44:31.231864
PI-000231,goods_receipt,GR-000069,completed,EMP-0064,0.0,2024-01-14 20:06:42.531193,2024-01-15 01:58:05.394909
PI-000232,invoice_verification,INV-000063,completed,EMP-0081,16750.09,2024-01-16 05:30:58.402338,2024-01-16 14:04:15.012605
PI-000233,invoice_verification,INV-000064,completed,EMP-0077,11435.98,2024-01-20 01:21:41.036733,2024-01-21 01:22:05.255890
PI-000234,purchase_requisition,PR-000048,completed,EMP-0025,12778.03,2024-01-10 10:13:20.615928,2024-01-10 18:29:12.420271
PI-000235,purchase_order,PO-000054,completed,EMP-0055,71666.0,2024-01-11 15:19:50.597458,2024-01-12 00:54:28.686446
PI-000236,goods_receipt,GR-000070,completed,EMP-0069,0.0,2024-01-12 05:38:38.053571,2024-01-12 14:40:54.252242
PI-000237,invoice_verification,INV-000065,completed,EMP-0078,72033.17,2024-01-14 04:32:27.345244,2024-01-14 17:37:19.820497
PI-000238,purchase_requisition,PR-000049,completed,EMP-0011,2467.26,2024-01-10 13:10:34.991476,2024-01-10 22:23:15.340439
PI-000239,purchase_order,PO-000055,completed,EMP-0053,90072.62,2024-01-11 02:48:47.538218,2024-01-11 10:02:22.658876
PI-000240,goods_receipt,GR-000071,completed,EMP-0066,0.0,2024-01-12 03:26:46.899700,2024-01-12 12:08:53.543450
PI-000241,goods_receipt,GR-000072,completed,EMP-0065,0.0,2024-01-15 05:59:43.563705,2024-01-15 10:23:17.402815
PI-000242,invoice_verification,INV-000066,completed,EMP-0081,91106.55,2024-01-15 18:58:57.485043,2024-01-16 06:16:20.741814
PI-000243,purchase_requisition,PR-000050,completed,EMP-0031,30748.65,2024-01-10 15:35:10.296795,2024-01-10 22:44:18.495759
PI-000244,purchase_order,PO-000056,completed,EMP-0058,71474.0,2024-01-11 08:02:00.706830,2024-01-12 00:27:47.240524
PI-000245,goods_receipt,GR-000073,completed,EMP-0066,0.0,2024-01-13 10:20:45.874610,2024-01-13 19:47:44.113480
PI-000246,invoice_verification,INV-000067,completed,EMP-0081,71568.92,2024-01-18 06:38:49.523270,2024-01-18 19:04:35.774286
PI-000247,purchase_requisition,PR-000051,completed,EMP-0027,117870.95,2024-01-10 22:54:07.583675,2024-01-11 09:37:31.380112
PI-000248,purchase_order,PO-000057,completed,EMP-0054,693.53,2024-01-12 02:32:08.259728,2024-01-12 04:28:02.215273
PI-000249,goods_receipt,GR-000074,completed,EMP-0062,0.0,2024-01-15 01:29:44.095226,2024-01-15 13:07:32.512674
PI-000250,invoice_verification,INV-000068,completed,EMP-0077,695.52,2024-01-19 20:30:53.282790,2024-01-20 07:00:43.659530
PI-000251,purchase_requisition,PR-000052,completed,EMP-0025,104340.04,2024-01-11 04:55:27.140575,2024-01-11 12:29:15.775548
PI-000252,purchase_order,PO-000058,completed,EMP-0052,62528.29,2024-01-11 16:24:56.436649,2024-01-12 00:45:14.651024
PI-000253,goods_receipt,GR-000075,completed,EMP-0066,0.0,2024-01-14 07:47:38.625658,2024-01-14 15:18:50.526417
PI-000254,invoice_verification,INV-000069,completed,EMP-0077,61300.57,2024-01-18 07:31:30.383338,2024-01-19 05:29:17.322250
PI-000255,purchase_requisition,PR-000053,completed,EMP-0008,35091.6,2024-01-11 09:41:49.481575,2024-01-11 15:13:48.378388
PI-000256,purchase_order,PO-000059,completed,EMP-0055,169554.56,2024-01-12 10:59:40.353203,2024-01-12 16:06:02.438586
PI-000257,goods_receipt,GR-000076,completed,EMP-0064,0.0,2024-01-13 20:09:02.287981,2024-01-14 04:52:38.396987
PI-000258,invoice_verification,INV-000070,completed,EMP-0079,172618.63,2024-01-18 03:40:27.956139,2024-01-18 16:04:36.670725
PI-000259,purchase_requisition,PR-000054,completed,EMP-0027,19212.94,2024-01-11 15:26:40.505248,2024-01-11 20:29:36.059501
PI-000260,purchase_order,PO-000060,completed,EMP-0052,15430.84,2024-01-12 10:00:57.976453,2024-01-12 16:58:23.740008
PI-000261,goods_receipt,GR-000077,completed,EMP-0065,0.0,2024-01-14 20:09:16.851879,2024-01-15 06:32:48.325839
PI-000262,goods_receipt,GR-000078,completed,EMP-0062,0.0,2024-01-16 18:21:55.745956,2024-01-17 01:43:03.729370
PI-000263,invoice_verification,INV-000071,completed,EMP-0081,15568.13,2024-01-19 04:21:27.363174,2024-01-20 00:21:25.500340
PI-000264,purchase_order,PO-000061,completed,EMP-0056,87731.58,2024-01-12 14:19:22.769143,2024-01-12 21:53:29.121737
PI-000265,goods_receipt,GR-000079,completed,EMP-0065,0.0,2024-01-14 03:58:52.478092,2024-01-14 12:05:32.347091
PI-000266,invoice_verification,INV-000072,completed,EMP-0075,87099.35,2024-01-14 21:36:31.897310,2024-01-15 07:20:03.867596
PI-000267,purchase_requisition,PR-000055,completed,EMP-0020,96614.58,2024-01-11 20:46:39.566548,2024-01-12 04:25:54.694838
PI-000268,purchase_order,PO-000062,completed,EMP-0055,182860.38,2024-01-12 06:21:37.815702,2024-01-12 11:23:50.103679
PI-000269,goods_receipt,GR-000080,completed,EMP-0069,0.0,2024-01-14 14:10:03.984070,2024-01-15 00:34:01.603933
PI-000270,invoice_verification,INV-000073,completed,EMP-0079,186314.38,2024-01-16 18:12:58.641767,2024-01-17 18:28:39.592956
PI-000271,purchase_requisition,PR-000056,completed,EMP-0025,634.97,2024-01-12 02:00:02.563163,2024-01-12 10:02:18.770365
PI-000272,purchase_order,PO-000063,completed,EMP-0058,11533.06,2024-01-12 12:56:55.861542,2024-01-12 16:36:54.140080
PI-000273,goods_receipt,GR-000081,completed,EMP-0063,0.0,2024-01-13 17:58:32.787211,2024-01-14 01:06:55.074464
PI-000274,invoice_verification,INV-000074,completed,EMP-0077,11670.85,2024-01-18 00:37:21.392842,2024-01-18 14:39:49.414453
PI-000275,purchase_requisition,PR-000057,completed,EMP-0015,4679.36,2024-01-12 07:02:45.049439,2024-01-12 12:28:18.346104
PI-000276,purchase_order,PO-000064,completed,EMP-0053,85260.12,2024-01-13 05:27:16.935292,2024-01-13 15:12:53.423755
PI-000277,goods_receipt,GR-000082,completed,EMP-0064,0.0,2024-01-13 21:24:53.625030,2024-01-14 08:00:57.252460
PI-000278,invoice_verification,INV-000075,completed,EMP-0076,84181.39,2024-01-18 02:33:05.072412,2024-01-18 11:46:30.703618
PI-000279,purchase_requisition,PR-000058,completed,EMP-0020,55780.52,2024-01-12 10:14:52.472803,2024-01-12 18:19:33.177426
PI-000280,purchase_order,PO-000065,completed,EMP-0054,127432.11,2024-01-13 16:41:10.398836,2024-01-14 01:24:01.028233
PI-000281,goods_receipt,GR-000083,completed,EMP-0064,0.0,2024-01-15 01:21:38.140679,2024-01-15 09:01:45.829946
PI-000282,invoice_verification,INV-000076,completed,EMP-0082,126968.43,2024-01-18 12:54:45.661002,2024-01-18 23:47:41.559778
PI-000283,purchase_requisition,PR-000059,completed,EMP-0039,31228.28,2024-01-12 13:28:08.051332,2024-01-12 21:44:31.839898
PI-000284,purchase_order,PO-000066,completed,EMP-0055,204739.59,2024-01-13 11:25:24.694143,2024-01-13 12:27:22.830575
PI-000285,goods_receipt,GR-000084,completed,EMP-0065,0.0,2024-01-13 17:00:37.295431,2024-01-14 03:53:13.777410
PI-000286,invoice_verification,INV-000077,completed,EMP-0080,204005.7,2024-01-16 00:44:37.183205,2024-01-16 10:14:28.710552
PI-000287,purchase_requisition,PR-000060,completed,EMP-0026,60490.84,2024-01-12 20:49:29.489262,2024-01-12 22:59:40.399706
PI-000288,purchase_order,PO-000067,cancelled,EMP-0054,69087.58,2024-01-13 14:26:49.137071,2024-01-13 21:23:43.321708
PI-000289,purchase_requisition,PR-000061,completed,EMP-0006,3893.16,2024-01-13 01:37:50.035923,2024-01-13 16:16:54.882054
PI-000290,purchase_order,PO-000068,completed,EMP-0057,85079.98,2024-01-14 08:56:03.542402,2024-01-14 14:25:20.731713
PI-000291,goods_receipt,GR-000085,completed,EMP-0062,0.0,2024-01-15 10:14:14.989220,2024-01-15 15:48:27.462197
PI-000292,invoice_verification,INV-000078,completed,EMP-0077,85123.05,2024-01-17 18:12:03.304715,2024-01-18 20:42:48.418126
PI-000293,purchase_requisition,PR-000062,completed,EMP-0029,42344.2,2024-01-13 03:27:55.363305,2024-01-13 07:32:10.356183
PI-000294,purchase_order,PO-000069,completed,EMP-0053,62429.71,2024-01-13 15:29:24.601572,2024-01-14 02:12:29.337125
PI-000295,goods_receipt,GR-000086,completed,EMP-0067,0.0,2024-01-16 22:30:29.842048,2024-01-17 08:02:37.493185
PI-000296,goods_receipt,GR-000087,completed,EMP-0065,0.0,2024-01-18 03:00:36.310181,2024-01-18 13:03:46.209175
PI-000297,invoice_verification,INV-000079,completed,EMP-0082,63463.86,2024-01-19 18:26:30.754535,2024-01-20 05:04:26.299123
PI-000298,purchase_requisition,PR-000063,completed,EMP-0028,12750.57,2024-01-13 07:08:34.931032,2024-01-13 11:23:21.818512
PI-000299,purchase_order,PO-000070,completed,EMP-0055,166599.68,2024-01-14 05:15:28.895996,2024-01-14 11:56:36.517718
PI-000300,goods_receipt,GR-000088,completed,EMP-0067,0.0,2024-01-14 20:31:01.862621,2024-01-15 02:05:43.674105
PI-000301,invoice_verification,INV-000080,completed,EMP-0082,168973.83,2024-01-18 10:34:55.297014,2024-01-18 17:32:29.814635
PI-000302,purchase_requisition,PR-000064,completed,EMP-0036,10787.43,2024-01-13 10:10:17.431793,2024-01-13 16:06:43.555314
PI-000303,purchase_order,PO-000071,completed,EMP-0056,151736.22,2024-01-13 19:52:57.875277,2024-01-14 00:06:03.804638
PI-000304,goods_receipt,GR-000089,completed,EMP-0065,0.0,2024-01-14 11:56:31.373573,2024-01-14 21:42:00.837958
PI-000305,goods_receipt,GR-000090,completed,EMP-0067,0.0,2024-01-17 09:14:09.751638,2024-01-17 22:47:01.483758
PI-000306,invoice_verification,INV-000081,completed,EMP-0082,149436.11,2024-01-18 14:01:11.738455,2024-01-19 00:39:26.351949
PI-000307,purchase_requisition,PR-000065,completed,EMP-0030,46944.46,2024-01-13 11:22:02.292396,2024-01-13 16:17:20.301351
PI-000308,purchase_order,PO-000072,completed,EMP-0061,99831.55,2024-01-13 20:53:22.737323,2024-01-14 05:13:12.653307
PI-000309,goods_receipt,GR-000091,completed,EMP-0063,0.0,2024-01-14 18:21:45.931237,2024-01-15 02:24:08.604721
PI-000310,invoice_verification,INV-000082,completed,EMP-0082,100126.17,2024-01-16 05:34:17.702060,2024-01-16 15:30:44.022089
PI-000311,purchase_requisition,PR-000066,completed,EMP-0015,55452.99,2024-01-13 14:41:01.471228,2024-01-13 22:25:50.067669
PI-000312,purchase_order,PO-000073,completed,EMP-0053,91557.39,2024-01-14 16:55:17.646923,2024-01-15 02:18:38.495249
PI-000313,goods_receipt,GR-000092,completed,EMP-0068,0.0,2024-01-17 09:54:30.237146,2024-01-17 19:11:51.562391
PI-000314,invoice_verification,INV-000083,completed,EMP-0081,92125.81,2024-01-19 03:31:48.000662,2024-01-19 15:05:02.909397
PI-000315,purchase_requisition,PR-000067,completed,EMP-0002,2077.5,2024-01-13 22:21:18.204389,2024-01-14 05:48:45.992256
PI-000316,purchase_order,PO-000074,completed,EMP-0058,250649.66,2024-01-15 05:35:55.384233,2024-01-15 10:48:48.690813
PI-000317,goods_receipt,GR-000093,completed,EMP-0064,0.0,2024-01-17 11:04:04.362758,2024-01-17 16:46:33.308592
PI-000318,invoice_verification,INV-000084,completed,EMP-0075,247916.77,2024-01-18 17:01:02.553446,2024-01-19 01:29:42.008966
PI-000319,purchase_requisition,PR-000068,completed,EMP-0027,52150.46,2024-01-14 01:41:59.846171,2024-01-14 10:38:38.593590
PI-000320,purchase_order,PO-000075,completed,EMP-0056,55879.98,2024-01-14 23:28:06.900382,2024-01-15 06:32:04.335976
PI-000321,goods_receipt,GR-000094,completed,EMP-0064,0.0,2024-01-16 00:37:04.688450,2024-01-16 10:12:19.704398
PI-000322,invoice_verification,INV-000085,completed,EMP-0081,56422.81,2024-01-17 04:52:03.488930,2024-01-17 14:00:43.159620
PI-000323,purchase_requisition,PR-000069,completed,EMP-0025,17836.3,2024-01-14 07:14:44.846126,2024-01-14 12:55:06.013650
PI-000324,purchase_order,PO-000076,completed,EMP-0060,30139.5,2024-01-14 16:43:54.878036,2024-01-15 02:30:35.130549
PI-000325,goods_receipt,GR-000095,completed,EMP-0065,0.0,2024-01-17 12:45:52.683073,2024-01-17 23:43:50.304194
PI-000326,goods_receipt,GR-000096,completed,EMP-0069,0.0,2024-01-18 12:19:51.447006,2024-01-18 21:42:33.887875
PI-000327,invoice_verification,INV-000086,completed,EMP-0079,30191.84,2024-01-20 11:58:40.118997,2024-01-21 12:13:27.654711
PI-000328,purchase_requisition,PR-000070,completed,EMP-0024,40211.94,2024-01-14 11:52:34.800889,2024-01-14 20:29:51.938120
PI-000329,purchase_order,PO-000077,completed,EMP-0057,93916.79,2024-01-15 11:13:53.445866,2024-01-15 17:45:39.208123
PI-000330,goods_receipt,GR-000097,completed,EMP-0066,0.0,2024-01-16 21:38:54.258006,2024-01-17 00:43:47.384679
PI-000331,invoice_verification,INV-000087,completed,EMP-0075,92175.61,2024-01-20 12:39:12.782737,2024-01-20 18:40:45.279812
PI-000332,purchase_requisition,PR-000071,completed,EMP-0019,40274.73,2024-01-14 13:41:57.899497,2024-01-14 21:17:04.888168
PI-000333,purchase_order,PO-000078,completed,EMP-0056,20109.32,2024-01-14 22:07:00.242948,2024-01-15 05:59:01.622088
PI-000334,goods_receipt,GR-000098,completed,EMP-0068,0.0,2024-01-16 02:23:21.901580,2024-01-16 11:56:44.581057
PI-000335,invoice_verification,INV-000088,completed,EMP-0082,11861.82,2024-01-21 08:26:50.629172,2024-01-22 01:16:10.047150
PI-000336,invoice_verification,INV-000089,completed,EMP-0080,8164.8,2024-01-26 16:03:35.194380,2024-01-27 02:49:58.388847
PI-000337,purchase_requisition,PR-000072,completed,EMP-0021,33100.62,2024-01-14 19:40:24.789412,2024-01-15 03:40:33.492013
PI-000338,purchase_order,PO-000079,completed,EMP-0060,154156.97,2024-01-15 10:39:02.945526,2024-01-15 20:09:16.828366
PI-000339,goods_receipt,GR-000099,completed,EMP-0063,0.0,2024-01-16 13:22:53.343072,2024-01-16 22:29:12.306894
PI-000340,invoice_verification,INV-000090,completed,EMP-0079,152165.95,2024-01-18 12:41:56.054165,2024-01-18 19:37:07.444447
PI-000341,purchase_requisition,PR-000073,completed,EMP-0007,64223.06,2024-01-14 20:54:37.804010,2024-01-14 23:48:39.367034
PI-000342,purchase_order,PO-000080,completed,EMP-0060,133384.45,2024-01-15 23:07:26.142893,2024-01-16 07:32:54.463101
PI-000343,goods_receipt,GR-000100,completed,EMP-0063,0.0,2024-01-17 02:04:52.725936,2024-01-17 12:10:53.450659
PI-000344,invoice_verification,INV-000091,completed,EMP-0079,80872.73,2024-01-18 07:40:14.020427,2024-01-19 13:46:17.493361
PI-000345,invoice_verification,INV-000092,completed,EMP-0080,53268.95,2024-01-19 23:34:48.191585,2024-01-20 08:05:44.241288
PI-000346,purchase_requisition,PR-000074,completed,EMP-0007,103568.24,2024-01-15 02:10:33.511958,2024-01-15 09:43:45.898545
PI-000347,purchase_order,PO-000081,completed,EMP-0056,111294.7,2024-01-15 15:17:12.602470,2024-01-16 00:24:38.515419
PI-000348,goods_receipt,GR-000101,completed,EMP-0067,0.0,2024-01-18 19:30:06.434757,2024-01-19 04:04:32.841269
PI-000349,invoice_verification,INV-000093,completed,EMP-0082,110712.37,2024-01-20 17:55:38.143843,2024-01-21 04:29:26.352760
PI-000350,purchase_requisition,PR-000075,completed,EMP-0019,16522.45,2024-01-15 08:28:25.582218,2024-01-15 15:59:00.633901
PI-000351,purchase_order,PO-000082,completed,EMP-0061,10193.22,2024-01-16 03:19:16.427019,2024-01-16 08:42:21.980937
PI-000352,goods_receipt,GR-000102,completed,EMP-0063,0.0,2024-01-17 04:54:29.351439,2024-01-17 14:32:18.296359
PI-000353,invoice_verification,INV-000094,completed,EMP-0081,10296.61,2024-01-18 07:30:19.183420,2024-01-18 20:48:35.851784
PI-000354,purchase_requisition,PR-000076,completed,EMP-0009,38691.06,2024-01-15 14:40:47.658006,2024-01-15 22:54:29.452871
PI-000355,purchase_order,PO-000083,completed,EMP-0052,25826.64,2024-01-16 11:07:47.107615,2024-01-16 17:33:00.053835
PI-000356,goods_receipt,GR-000103,completed,EMP-0064,0.0,2024-01-18 08:09:23.150405,2024-01-18 19:31:12.717101
PI-000357,invoice_verification,INV-000095,completed,EMP-0075,26096.97,2024-01-21 06:53:05.807273,2024-01-22 02:16:29.944085
PI-000358,purchase_requisition,PR-000077,completed,EMP-0015,32499.66,2024-01-15 16:26:27.192918,2024-01-16 06:59:51.055864
PI-000359,purchase_order,PO-000084,completed,EMP-0059,199423.9,2024-01-16 23:39:39.017579,2024-01-17 05:38:53.627134
PI-000360,goods_receipt,GR-000104,completed,EMP-0067,0.0,2024-01-17 12:24:30.611657,2024-01-17 22:04:27.534006
PI-000361,goods_receipt,GR-000105,completed,EMP-0068,0.0,2024-01-19 11:55:57.474629,2024-01-19 23:19:21.065166
PI-000362,invoice_verification,INV-000096,completed,EMP-0077,120534.77,2024-01-24 02:10:55.873998,2024-01-24 15:15:37.860208
PI-000363,invoice_verification,INV-000097,completed,EMP-0079,79180.34,2024-01-25 21:57:09.230168,2024-01-26 07:31:33.192727
PI-000364,purchase_requisition,PR-000078,completed,EMP-0006,107568.8,2024-01-16 00:26:19.798334,2024-01-16 09:55:45.158252
PI-000365,purchase_requisition,PR-000079,completed,EMP-0002,1950.44,2024-01-16 05:47:32.020287,2024-01-16 17:17:18.783288
PI-000366,purchase_order,PO-000085,completed,EMP-0058,246956.28,2024-01-17 13:46:52.099621,2024-01-17 22:41:24.648722
PI-000367,goods_receipt,GR-000106,completed,EMP-0063,0.0,2024-01-19 00:39:23.154616,2024-01-19 12:09:23.533943
PI-000368,invoice_verification,INV-000098,completed,EMP-0077,243979.74,2024-01-23 06:31:46.739399,2024-01-23 17:39:04.544853
PI-000369,purchase_requisition,PR-000080,completed,EMP-0016,21481.79,2024-01-16 13:35:48.814570,2024-01-16 19:50:05.205086
PI-000370,purchase_order,PO-000086,completed,EMP-0059,125774.35,2024-01-17 06:20:37.239654,2024-01-17 16:46:44.389351
PI-000371,goods_receipt,GR-000107,completed,EMP-0063,0.0,2024-01-20 15:35:42.215325,2024-01-21 01:54:16.228897
PI-000372,goods_receipt,GR-000108,completed,EMP-0063,0.0,2024-01-23 00:53:31.028493,2024-01-23 09:08:39.064240
PI-000373,invoice_verification,INV-000099,completed,EMP-0077,127171.1,2024-01-26 18:45:22.013716,2024-01-27 08:17:24.483953
PI-000374,purchase_requisition,PR-000081,completed,EMP-0025,46760.97,2024-01-16 19:04:23.584678,2024-01-17 12:18:35.968079
PI-000375,purchase_order,PO-000087,completed,EMP-0058,61071.15,2024-01-18 02:19:59.618799,2024-01-18 07:10:35.578597
PI-000376,goods_receipt,GR-000109,completed,EMP-0065,0.0,2024-01-20 11:35:02.352761,2024-01-20 15:21:22.819303
PI-000377,invoice_verification,INV-000100,completed,EMP-0077,36785.95,2024-01-22 21:19:57.439593,2024-01-23 08:37:35.262663
PI-000378,invoice_verification,INV-000101,completed,EMP-0076,24620.38,2024-01-24 04:41:36.831266,2024-01-25 01:27:39.751300
PI-000379,purchase_requisition,PR-000082,completed,EMP-0034,10612.36,2024-01-16 21:20:10.087024,2024-01-17 04:24:58.834958
PI-000380,purchase_requisition,PR-000083,completed,EMP-0037,58485.96,2024-01-17 02:01:38.991728,2024-01-17 10:49:55.897497
PI-000381,purchase_order,PO-000088,completed,EMP-0058,31778.75,2024-01-17 23:58:10.704019,2024-01-18 03:47:02.094602
PI-000382,goods_receipt,GR-000110,completed,EMP-0065,0.0,2024-01-20 22:29:08.778096,2024-01-21 10:17:05.787102
PI-000383,goods_receipt,GR-000111,completed,EMP-0065,0.0,2024-01-22 14:41:02.991174,2024-01-22 20:34:33.787341
PI-000384,invoice_verification,INV-000102,completed,EMP-0079,32052.08,2024-01-26 09:11:53.819131,2024-01-26 21:00:42.133337
PI-000385,purchase_requisition,PR-000084,completed,EMP-0010,48037.28,2024-01-17 07:00:32.785773,2024-01-18 02:45:37.275633
PI-000386,purchase_order,PO-000089,cancelled,EMP-0058,86751.5,2024-01-18 10:00:05.928629,2024-01-18 21:07:38.681860
PI-000387,purchase_requisition,PR-000085,completed,EMP-0026,80603.23,2024-01-17 10:17:28.262587,2024-01-17 21:21:38.815529
PI-000388,purchase_order,PO-000090,completed,EMP-0054,197424.37,2024-01-18 05:17:53.927981,2024-01-18 14:57:03.416202
PI-000389,goods_receipt,GR-000112,completed,EMP-0069,0.0,2024-01-19 15:02:09.424462,2024-01-19 21:59:07.564295
PI-000390,invoice_verification,INV-000103,completed,EMP-0077,194546.7,2024-01-21 22:10:31.926461,2024-01-22 10:42:09.418822
PI-000391,purchase_order,PO-000091,completed,EMP-0059,113293.78,2024-01-18 15:29:08.614454,2024-01-18 21:20:53.744660
PI-000392,goods_receipt,GR-000113,completed,EMP-0068,0.0,2024-01-19 22:50:33.742560,2024-01-20 06:38:18.686284
PI-000393,invoice_verification,INV-000104,completed,EMP-0076,68582.91,2024-01-24 00:04:22.558378,2024-01-24 10:45:25.142228
PI-000394,invoice_verification,INV-000105,completed,EMP-0078,44888.38,2024-01-28 20:37:31.710634,2024-01-29 08:09:54.997934
PI-000395,purchase_requisition,PR-000086,completed,EMP-0006,93873.86,2024-01-17 14:24:45.749199,2024-01-17 21:32:18.915738
PI-000396,purchase_order,PO-000092,completed,EMP-0057,22274.0,2024-01-18 07:14:02.188839,2024-01-18 09:23:39.679269
PI-000397,goods_receipt,GR-000114,completed,EMP-0063,0.0,2024-01-18 15:34:39.304277,2024-01-19 02:53:36.186297
PI-000398,invoice_verification,INV-000106,completed,EMP-0080,22474.25,2024-01-23 04:31:11.287533,2024-01-23 17:46:31.165677
PI-000399,purchase_requisition,PR-000087,completed,EMP-0018,37568.88,2024-01-17 18:39:05.518618,2024-01-18 03:35:35.774523
PI-000400,purchase_order,PO-000093,completed,EMP-0058,164508.63,2024-01-18 07:28:43.216738,2024-01-18 12:03:50.740059
PI-000401,goods_receipt,GR-000115,completed,EMP-0066,0.0,2024-01-21 00:35:21.217279,2024-01-21 07:27:26.272233
PI-000402,invoice_verification,INV-000107,completed,EMP-0081,164805.48,2024-01-24 00:19:12.366089,2024-01-24 18:17:49.983520
PI-000403,purchase_requisition,PR-000088,completed,EMP-0033,18676.35,2024-01-17 22:46:13.213374,2024-01-18 06:38:36.254092
PI-000404,purchase_order,PO-000094,completed,EMP-0056,173933.27,2024-01-18 21:41:47.066299,2024-01-19 21:47:33.115937
PI-000405,goods_receipt,GR-000116,completed,EMP-0069,0.0,2024-01-21 17:39:21.483378,2024-01-22 02:42:11.579102
PI-000406,goods_receipt,GR-000117,completed,EMP-0064,0.0,2024-01-24 09:27:44.814508,2024-01-24 19:03:01.606151
PI-000407,invoice_verification,INV-000108,completed,EMP-0080,177010.43,2024-01-28 12:51:25.029987,2024-01-28 22:54:55.640473
PI-000408,purchase_requisition,PR-000089,completed,EMP-0005,88367.63,2024-01-18 04:32:01.347586,2024-01-18 13:01:38.853821
PI-000409,purchase_order,PO-000095,completed,EMP-0059,34165.72,2024-01-18 21:27:21.430103,2024-01-18 22:21:42.502439
PI-000410,goods_receipt,GR-000118,completed,EMP-0068,0.0,2024-01-20 08:47:03.856843,2024-01-20 17:42:19.706607
PI-000411,goods_receipt,GR-000119,completed,EMP-0067,0.0,2024-01-20 22:46:36.124908,2024-01-21 06:14:51.861795
PI-000412,invoice_verification,INV-000109,completed,EMP-0081,20477.83,2024-01-22 18:36:01.423060,2024-01-22 23:42:48.862687
PI-000413,invoice_verification,INV-000110,completed,EMP-0082,13655.57,2024-01-24 04:29:11.958002,2024-01-24 11:10:08.202737
PI-000414,purchase_order,PO-000096,completed,EMP-0053,102474.08,2024-01-18 23:41:48.787027,2024-01-19 07:39:08.422566
PI-000415,goods_receipt,GR-000120,completed,EMP-0063,0.0,2024-01-21 10:03:07.289576,2024-01-21 19:22:27.776243
PI-000416,invoice_verification,INV-000111,completed,EMP-0077,103126.27,2024-01-25 16:29:55.724866,2024-01-26 01:28:42.380870
PI-000417,purchase_requisition,PR-000090,completed,EMP-0005,49083.44,2024-01-18 08:17:06.987897,2024-01-19 01:54:28.774354
PI-000418,purchase_order,PO-000097,completed,EMP-0058,61787.55,2024-01-19 12:48:26.605596,2024-01-19 20:11:34.873681
PI-000419,goods_receipt,GR-000121,completed,EMP-0069,0.0,2024-01-20 14:21:20.533981,2024-01-20 21:31:44.234636
PI-000420,goods_receipt,GR-000122,completed,EMP-0065,0.0,2024-01-22 20:40:46.489489,2024-01-23 02:54:52.541697
PI-000421,invoice_verification,INV-000112,completed,EMP-0076,61563.79,2024-01-24 02:14:36.727224,2024-01-24 14:53:19.736827
PI-000422,purchase_requisition,PR-000091,completed,EMP-0016,104635.18,2024-01-18 15:12:39.723174,2024-01-18 23:23:09.257374
PI-000423,purchase_order,PO-000098,completed,EMP-0053,67909.03,2024-01-19 23:15:42.111744,2024-01-20 11:10:11.540550
PI-000424,goods_receipt,GR-000123,completed,EMP-0064,0.0,2024-01-23 08:20:35.367317,2024-01-23 16:49:04.326153
PI-000425,goods_receipt,GR-000124,completed,EMP-0062,0.0,2024-01-25 20:35:42.791959,2024-01-26 06:08:43.754957
PI-000426,invoice_verification,INV-000113,completed,EMP-0077,68039.39,2024-01-30 01:01:19.979980,2024-01-30 11:23:50.721839
PI-000427,purchase_requisition,PR-000092,completed,EMP-0022,146603.76,2024-01-18 20:53:49.035073,2024-01-19 04:36:08.075250
PI-000428,purchase_order,PO-000099,completed,EMP-0060,119915.19,2024-01-20 02:51:52.043343,2024-01-20 15:28:17.333031
PI-000429,goods_receipt,GR-000125,completed,EMP-0068,0.0,2024-01-23 07:00:32.005615,2024-01-23 15:35:20.281807
PI-000430,invoice_verification,INV-000114,completed,EMP-0077,120624.94,2024-01-28 14:38:31.526152,2024-01-28 21:45:20.633051
PI-000431,purchase_requisition,PR-000093,completed,EMP-0011,79545.37,2024-01-19 03:51:43.377185,2024-01-19 10:12:30.626903
PI-000432,purchase_order,PO-000100,completed,EMP-0056,50460.77,2024-01-19 12:15:38.909544,2024-01-19 16:27:59.514021
PI-000433,goods_receipt,GR-000126,completed,EMP-0065,0.0,2024-01-21 05:08:29.641120,2024-01-21 14:13:47.592203
PI-000434,goods_receipt,GR-000127,completed,EMP-0063,0.0,2024-01-22 15:30:44.154710,2024-01-22 21:55:05.408458
PI-000435,invoice_verification,INV-000115,completed,EMP-0081,51386.5,2024-01-26 22:59:43.964157,2024-01-27 08:35:23.624096
PI-000436,purchase_requisition,PR-000094,completed,EMP-0035,73099.71,2024-01-19 07:01:42.586273,2024-01-19 14:02:03.187444
PI-000437,purchase_order,PO-000101,completed,EMP-0061,142853.88,2024-01-19 23:59:31.252011,2024-01-20 06:56:14.457634
PI-000438,goods_receipt,GR-000128,completed,EMP-0067,0.0,2024-01-20 09:11:52.336272,2024-01-20 15:07:46.036388
PI-000439,invoice_verification,INV-000116,completed,EMP-0079,141808.57,2024-01-22 07:19:41.531154,2024-01-22 21:13:17.735157
PI-000440,purchase_requisition,PR-000095,completed,EMP-0035,13713.63,2024-01-19 11:52:47.837649,2024-01-19 16:18:23.348239
PI-000441,purchase_order,PO-000102,completed,EMP-0060,20700.35,2024-01-20 09:26:53.810849,2024-01-20 12:42:12.285616
PI-000442,goods_receipt,GR-000129,completed,EMP-0066,0.0,2024-01-23 10:51:50.102031,2024-01-23 20:17:00.616217
PI-000443,invoice_verification,INV-000117,completed,EMP-0075,20875.12,2024-01-25 03:03:45.936152,2024-01-25 15:03:25.912953
PI-000444,purchase_requisition,PR-000096,completed,EMP-0001,17101.73,2024-01-19 13:13:20.959983,2024-01-19 22:35:24.066185
PI-000445,purchase_order,PO-000103,completed,EMP-0053,139858.9,2024-01-20 00:34:11.139868,2024-01-20 06:45:03.027452
PI-000446,goods_receipt,GR-000130,completed,EMP-0065,0.0,2024-01-21 09:43:58.678756,2024-01-21 17:43:03.929168
PI-000447,invoice_verification,INV-000118,completed,EMP-0081,137603.57,2024-01-23 03:28:00.179905,2024-01-23 12:58:10.975912
PI-000448,purchase_requisition,PR-000097,completed,EMP-0002,19623.75,2024-01-19 19:05:38.622925,2024-01-20 02:15:38.591416
PI-000449,purchase_order,PO-000104,completed,EMP-0053,12651.76,2024-01-20 07:44:15.617259,2024-01-20 13:48:17.270508
PI-000450,goods_receipt,GR-000131,completed,EMP-0066,0.0,2024-01-22 10:34:16.356798,2024-01-22 19:21:32.245901
PI-000451,invoice_verification,INV-000119,completed,EMP-0077,12598.42,2024-01-26 02:43:08.290567,2024-01-26 09:30:01.168561
PI-000452,purchase_requisition,PR-000098,completed,EMP-0002,8122.8,2024-01-19 20:17:07.132445,2024-01-20 06:13:13.397487
PI-000453,purchase_order,PO-000105,completed,EMP-0059,86701.32,2024-01-20 17:44:20.170690,2024-01-20 22:19:09.657363
PI-000454,goods_receipt,GR-000132,completed,EMP-0065,0.0,2024-01-22 20:04:13.918398,2024-01-23 06:56:40.536949
PI-000455,invoice_verification,INV-000120,completed,EMP-0079,88141.38,2024-01-27 00:36:40.731443,2024-01-27 15:46:45.171467
PI-000456,purchase_requisition,PR-000099,completed,EMP-0017,83453.09,2024-01-20 04:00:38.628491,2024-01-20 11:24:31.924631
PI-000457,purchase_order,PO-000106,completed,EMP-0060,34690.59,2024-01-20 14:28:10.379160,2024-01-20 20:22:35.432964
PI-000458,goods_receipt,GR-000133,completed,EMP-0064,0.0,2024-01-21 06:55:44.898834,2024-01-21 13:55:25.170248
PI-000459,invoice_verification,INV-000121,completed,EMP-0082,20467.89,2024-01-25 08:55:42.891361,2024-01-25 23:37:45.764910
PI-000460,invoice_verification,INV-000122,completed,EMP-0076,13937.15,2024-01-27 19:44:28.742233,2024-01-28 05:48:51.886908
PI-000461,purchase_requisition,PR-000100,completed,EMP-0026,86654.91,2024-01-20 06:40:27.374589,2024-01-20 11:14:23.675607
PI-000462,purchase_order,PO-000107,completed,EMP-0058,109489.93,2024-01-20 19:44:32.801310,2024-01-21 01:59:06.481316
PI-000463,goods_receipt,GR-000134,completed,EMP-0064,0.0,2024-01-23 19:52:32.998746,2024-01-24 05:28:26.195050
PI-000464,invoice_verification,INV-000123,completed,EMP-0079,111394.89,2024-01-27 20:22:25.191482,2024-01-28 08:29:53.601936
PI-000465,purchase_order,PO-000108,completed,EMP-0052,178767.27,2024-01-21 05:41:20.446354,2024-01-21 10:35:17.655609
PI-000466,goods_receipt,GR-000135,completed,EMP-0062,0.0,2024-01-23 23:06:22.410554,2024-01-24 09:01:19.251893
PI-000467,invoice_verification,INV-000124,completed,EMP-0075,178101.72,2024-01-24 21:28:02.269045,2024-01-25 10:13:12.244185
PI-000468,purchase_requisition,PR-000101,completed,EMP-0025,4084.3,2024-01-20 08:03:37.177386,2024-01-20 15:31:58.709053
PI-000469,purchase_order,PO-000109,completed,EMP-0059,96264.78,2024-01-21 03:35:49.870330,2024-01-21 19:19:10.509795
PI-000470,goods_receipt,GR-000136,completed,EMP-0064,0.0,2024-01-22 18:48:59.268564,2024-01-23 03:18:37.758501
PI-000471,goods_receipt,GR-000137,completed,EMP-0063,0.0,2024-01-24 22:32:24.013780,2024-01-25 06:44:38.902001
PI-000472,invoice_verification,INV-000125,completed,EMP-0081,96070.88,2024-01-29 00:26:35.713527,2024-01-29 12:48:01.971840
PI-000473,purchase_requisition,PR-000102,completed,EMP-0037,71237.92,2024-01-20 10:01:53.528415,2024-01-20 18:06:26.859053
PI-000474,purchase_order,PO-000110,completed,EMP-0060,11600.08,2024-01-21 02:45:24.393940,2024-01-21 06:44:26.890762
PI-000475,goods_receipt,GR-000138,completed,EMP-0063,0.0,2024-01-23 15:21:29.368440,2024-01-24 03:06:32.196869
PI-000476,invoice_verification,INV-000126,completed,EMP-0075,11385.79,2024-01-27 09:43:56.638735,2024-01-28 07:42:30.658415
PI-000477,purchase_requisition,PR-000103,completed,EMP-0031,28466.21,2024-01-20 17:57:25.933180,2024-01-21 03:07:39.246474
PI-000478,purchase_order,PO-000111,completed,EMP-0053,116787.93,2024-01-21 22:59:57.443991,2024-01-22 08:22:20.094630
PI-000479,goods_receipt,GR-000139,completed,EMP-0065,0.0,2024-01-24 21:35:00.698418,2024-01-25 08:05:30.611799
PI-000480,invoice_verification,INV-000127,completed,EMP-0077,117703.92,2024-01-28 00:50:36.500612,2024-01-28 14:26:45.925424
PI-000481,purchase_requisition,PR-000104,completed,EMP-0019,15549.6,2024-01-21 00:50:53.657008,2024-01-21 05:24:42.056762
PI-000482,purchase_order,PO-000112,completed,EMP-0053,6501.32,2024-01-22 02:31:47.705507,2024-01-22 08:09:33.205465
PI-000483,goods_receipt,GR-000140,completed,EMP-0069,0.0,2024-01-25 07:48:58.511704,2024-01-25 16:11:05.085007
PI-000484,invoice_verification,INV-000128,completed,EMP-0077,6398.82,2024-01-26 11:41:48.973298,2024-01-27 06:04:14.867644
PI-000485,purchase_requisition,PR-000105,completed,EMP-0012,2193.13,2024-01-21 06:26:09.638371,2024-01-21 12:43:11.928486
PI-000486,purchase_order,PO-000113,completed,EMP-0060,88371.63,2024-01-22 11:52:39.145680,2024-01-22 19:53:22.397977
PI-000487,goods_receipt,GR-000141,completed,EMP-0069,0.0,2024-01-24 16:08:31.468396,2024-01-24 20:19:30.058307
PI-000488,invoice_verification,INV-000129,completed,EMP-0075,90040.39,2024-01-25 15:57:07.582333,2024-01-26 05:32:30.574899
PI-000489,purchase_requisition,PR-000106,completed,EMP-0011,86955.48,2024-01-21 07:54:03.130948,2024-01-21 12:38:24.281000
PI-000490,purchase_order,PO-000114,completed,EMP-0061,8262.7,2024-01-22 12:27:22.576068,2024-01-22 15:22:36.066262
PI-000491,goods_receipt,GR-000142,completed,EMP-0064,0.0,2024-01-23 21:33:55.531317,2024-01-24 04:02:41.887504
PI-000492,goods_receipt,GR-000143,completed,EMP-0063,0.0,2024-01-26 19:25:33.761202,2024-01-27 04:18:11.429594
PI-000493,invoice_verification,INV-000130,completed,EMP-0080,8292.91,2024-01-30 17:34:32.719470,2024-01-31 03:23:56.296047
PI-000494,purchase_requisition,PR-000107,completed,EMP-0032,2396.07,2024-01-21 10:30:59.462168,2024-01-21 19:56:39.629356
PI-000495,purchase_order,PO-000115,completed,EMP-0055,144823.83,2024-01-22 06:26:09.020451,2024-01-23 06:15:51.500027
PI-000496,goods_receipt,GR-000144,completed,EMP-0066,0.0,2024-01-24 04:24:18.276203,2024-01-24 12:37:12.342806
PI-000497,goods_receipt,GR-000145,completed,EMP-0065,0.0,2024-01-26 13:35:37.136999,2024-01-26 23:08:50.819486
PI-000498,invoice_verification,INV-000131,completed,EMP-0079,86709.84,2024-01-29 11:28:59.796696,2024-01-29 22:47:52.155335
PI-000499,invoice_verification,INV-000132,completed,EMP-0079,58358.57,2024-02-03 01:10:58.786159,2024-02-03 07:41:33.214551
PI-000500,purchase_requisition,PR-000108,completed,EMP-0007,105853.59,2024-01-21 15:54:39.267887,2024-01-22 00:06:21.927994
PI-000501,purchase_order,PO-000116,completed,EMP-0058,55333.5,2024-01-22 20:24:25.263705,2024-01-23 07:17:51.185852
PI-000502,goods_receipt,GR-000146,completed,EMP-0068,0.0,2024-01-25 01:57:56.819948,2024-01-25 08:44:43.290254
PI-000503,invoice_verification,INV-000133,completed,EMP-0078,54853.29,2024-01-28 11:29:06.127488,2024-01-28 20:19:35.836593
PI-000504,purchase_requisition,PR-000109,completed,EMP-0020,43944.69,2024-01-21 17:21:17.199316,2024-01-22 04:24:47.271031
PI-000505,purchase_order,PO-000117,completed,EMP-0059,91426.84,2024-01-23 00:46:25.094810,2024-01-23 12:06:54.542561
PI-000506,goods_receipt,GR-000147,completed,EMP-0065,0.0,2024-01-26 08:25:05.144855,2024-01-26 14:46:51.861786
PI-000507,goods_receipt,GR-000148,completed,EMP-0068,0.0,2024-01-29 14:24:32.235049,2024-01-30 04:56:33.215871
PI-000508,invoice_verification,INV-000134,completed,EMP-0075,91790.7,2024-02-01 04:54:16.486413,2024-02-01 15:23:00.298071
PI-000509,purchase_requisition,PR-000110,completed,EMP-0024,73131.84,2024-01-21 20:03:08.618538,2024-01-22 03:39:11.948929
PI-000510,purchase_order,PO-000118,completed,EMP-0056,45268.68,2024-01-23 03:00:18.022113,2024-01-23 05:39:21.785138
PI-000511,goods_receipt,GR-000149,completed,EMP-0067,0.0,2024-01-23 19:45:29.852194,2024-01-24 03:12:22.101228
PI-000512,invoice_verification,INV-000135,completed,EMP-0081,44776.11,2024-01-25 23:18:34.452049,2024-01-26 10:22:53.073656
PI-000513,purchase_order,PO-000119,completed,EMP-0055,38628.58,2024-01-22 22:19:54.587725,2024-01-23 05:01:17.308877
PI-000514,goods_receipt,GR-000150,completed,EMP-0063,0.0,2024-01-25 04:52:31.117672,2024-01-25 11:16:00.672221
PI-000515,goods_receipt,GR-000151,completed,EMP-0063,0.0,2024-01-28 05:43:30.473195,2024-01-28 13:31:29.176757
PI-000516,invoice_verification,INV-000136,completed,EMP-0078,38414.78,2024-01-29 01:10:32.981093,2024-01-29 11:15:43.279742
PI-000517,purchase_requisition,PR-000111,completed,EMP-0006,147630.26,2024-01-21 21:18:26.634069,2024-01-22 06:59:10.369826
PI-000518,purchase_order,PO-000120,completed,EMP-0052,4259.48,2024-01-22 12:53:30.014792,2024-01-23 02:07:39.281975
PI-000519,goods_receipt,GR-000152,completed,EMP-0067,0.0,2024-01-24 08:44:03.628114,2024-01-24 17:54:10.074227
PI-000520,invoice_verification,INV-000137,completed,EMP-0080,4186.87,2024-01-29 06:52:52.684748,2024-01-29 16:05:25.424628
PI-000521,purchase_requisition,PR-000112,completed,EMP-0032,12113.12,2024-01-22 02:00:40.927410,2024-01-22 12:56:15.111724
PI-000522,purchase_order,PO-000121,completed,EMP-0058,90322.85,2024-01-23 07:00:51.953694,2024-01-23 13:23:06.586744
PI-000523,goods_receipt,GR-000153,completed,EMP-0062,0.0,2024-01-25 15:03:22.431068,2024-01-25 23:54:26.709266
PI-000524,invoice_verification,INV-000138,completed,EMP-0080,90214.47,2024-01-27 00:30:43.044819,2024-01-27 10:43:59.317339
PI-000525,purchase_order,PO-000122,completed,EMP-0053,1436.12,2024-01-22 19:27:48.724716,2024-01-23 02:33:23.309387
PI-000526,goods_receipt,GR-000154,completed,EMP-0069,0.0,2024-01-24 22:13:08.149130,2024-01-25 06:13:16.785394
PI-000527,invoice_verification,INV-000139,completed,EMP-0079,1430.56,2024-01-28 17:38:06.733545,2024-01-29 04:45:27.825764
PI-000528,purchase_requisition,PR-000113,completed,EMP-0004,34429.42,2024-01-22 04:56:53.772924,2024-01-22 09:08:44.057838
PI-000529,purchase_order,PO-000123,completed,EMP-0054,24466.64,2024-01-22 09:39:39.050592,2024-01-22 16:20:13.942701
PI-000530,goods_receipt,GR-000155,completed,EMP-0069,0.0,2024-01-24 19:37:48.430145,2024-01-25 08:54:04.328095
PI-000531,goods_receipt,GR-000156,completed,EMP-0066,0.0,2024-01-28 00:22:52.621195,2024-01-28 09:42:46.012621
PI-000532,invoice_verification,INV-000140,completed,EMP-0075,24009.86,2024-01-30 12:59:21.848158,2024-01-30 20:08:24.356063
PI-000533,purchase_requisition,PR-000114,completed,EMP-0026,7584.92,2024-01-22 06:51:29.971617,2024-01-22 12:53:23.591614
PI-000534,purchase_requisition,PR-000115,completed,EMP-0022,32828.41,2024-01-22 07:54:13.651276,2024-01-22 16:41:29.927880
PI-000535,purchase_order,PO-000124,completed,EMP-0052,331782.27,2024-01-23 05:27:52.613919,2024-01-23 14:38:53.211969
PI-000536,goods_receipt,GR-000157,completed,EMP-0069,0.0,2024-01-25 22:46:01.116354,2024-01-26 08:13:50.242886
PI-000537,invoice_verification,INV-000141,completed,EMP-0077,196502.42,2024-01-27 13:01:32.844172,2024-01-28 08:26:51.018498
PI-000538,invoice_verification,INV-000142,completed,EMP-0078,132498.44,2024-01-30 10:36:07.235068,2024-01-30 20:56:09.063643
PI-000539,purchase_order,PO-000125,completed,EMP-0056,176881.77,2024-01-22 18:36:43.537524,2024-01-23 00:54:19.108370
PI-000540,goods_receipt,GR-000158,completed,EMP-0069,0.0,2024-01-25 16:56:42.762948,2024-01-25 23:34:37.446510
PI-000541,invoice_verification,INV-000143,completed,EMP-0077,108106.01,2024-01-30 22:20:19.107672,2024-01-31 16:15:54.065618
PI-000542,invoice_verification,INV-000144,completed,EMP-0081,70674.0,2024-02-04 23:42:20.140873,2024-02-05 21:07:34.120268
PI-000543,purchase_requisition,PR-000116,completed,EMP-0002,71730.59,2024-01-22 09:38:00.746923,2024-01-22 13:48:11.749789
PI-000544,purchase_order,PO-000126,completed,EMP-0060,97686.41,2024-01-22 18:26:39.808877,2024-01-23 17:23:32.863507
PI-000545,goods_receipt,GR-000159,completed,EMP-0064,0.0,2024-01-25 15:19:14.587609,2024-01-26 00:47:49.380684
PI-000546,invoice_verification,INV-000145,completed,EMP-0078,99223.02,2024-01-29 09:16:22.154153,2024-01-29 22:32:46.561751
PI-000547,purchase_requisition,PR-000117,completed,EMP-0008,9978.23,2024-01-22 10:43:57.565492,2024-01-22 19:04:36.788001
PI-000548,purchase_order,PO-000127,completed,EMP-0060,202044.59,2024-01-22 22:54:19.057975,2024-01-23 05:33:09.675197
PI-000549,goods_receipt,GR-000160,completed,EMP-0069,0.0,2024-01-25 22:20:56.062345,2024-01-26 05:28:57.719266
PI-000550,invoice_verification,INV-000146,completed,EMP-0082,200321.75,2024-01-28 07:48:03.925846,2024-01-28 20:59:55.944113
PI-000551,purchase_requisition,PR-000118,completed,EMP-0005,30877.01,2024-01-22 12:46:49.278211,2024-01-23 02:58:57.868353
PI-000552,purchase_order,PO-000128,completed,EMP-0058,15011.94,2024-01-23 04:02:07.573881,2024-01-23 08:12:13.453718
PI-000553,goods_receipt,GR-000161,completed,EMP-0066,0.0,2024-01-24 17:33:05.625120,2024-01-25 00:58:43.138499
PI-000554,invoice_verification,INV-000147,completed,EMP-0080,14990.56,2024-01-25 14:09:06.187886,2024-01-26 03:53:16.830614
PI-000555,purchase_requisition,PR-000119,completed,EMP-0020,10512.23,2024-01-22 19:16:45.505993,2024-01-23 00:43:51.952835
PI-000556,purchase_order,PO-000129,completed,EMP-0055,39224.92,2024-01-23 04:14:46.446169,2024-01-23 09:08:17.460664
PI-000557,goods_receipt,GR-000162,completed,EMP-0065,0.0,2024-01-26 02:05:05.381390,2024-01-26 11:17:47.344701
PI-000558,invoice_verification,INV-000148,completed,EMP-0080,38526.1,2024-01-26 18:28:23.661893,2024-01-27 03:27:11.825456
PI-000559,purchase_requisition,PR-000120,completed,EMP-0003,11009.55,2024-01-23 01:27:55.220457,2024-01-23 06:39:56.923051
PI-000560,purchase_order,PO-000130,completed,EMP-0054,98994.92,2024-01-23 11:25:24.245844,2024-01-23 18:08:42.369661
PI-000561,goods_receipt,GR-000163,completed,EMP-0067,0.0,2024-01-25 05:37:56.175978,2024-01-25 12:10:50.688026
PI-000562,invoice_verification,INV-000149,completed,EMP-0075,97199.81,2024-01-28 06:50:31.427217,2024-01-28 19:11:03.373508
PI-000563,purchase_requisition,PR-000121,completed,EMP-0039,94487.11,2024-01-23 03:33:15.126781,2024-01-23 15:18:50.019286
PI-000564,purchase_order,PO-000131,completed,EMP-0058,72115.96,2024-01-23 21:56:22.961881,2024-01-24 09:50:18.520075
PI-000565,goods_receipt,GR-000164,completed,EMP-0065,0.0,2024-01-26 06:41:02.033846,2024-01-26 16:11:57.604696
PI-000566,goods_receipt,GR-000165,completed,EMP-0064,0.0,2024-01-28 08:11:27.315632,2024-01-28 11:11:02.345095
PI-000567,invoice_verification,INV-000150,completed,EMP-0077,71170.84,2024-01-31 15:23:06.186186,2024-02-01 01:27:37.927945
PI-000568,purchase_requisition,PR-000122,completed,EMP-0026,303.32,2024-01-23 08:18:16.920441,2024-01-23 14:15:40.861029
PI-000569,purchase_order,PO-000132,completed,EMP-0056,194067.87,2024-01-24 12:59:09.752637,2024-01-24 19:05:21.014438
PI-000570,goods_receipt,GR-000166,completed,EMP-0063,0.0,2024-01-26 15:59:48.511056,2024-01-26 23:49:17.063315
PI-000571,goods_receipt,GR-000167,completed,EMP-0066,0.0,2024-01-27 05:04:13.202996,2024-01-27 12:37:08.457286
PI-000572,invoice_verification,INV-000151,completed,EMP-0078,197433.49,2024-01-31 20:07:23.469566,2024-02-01 08:14:39.418567
PI-000573,purchase_requisition,PR-000123,completed,EMP-0031,136783.66,2024-01-23 09:44:52.097779,2024-01-24 02:34:59.234628
PI-000574,purchase_order,PO-000133,completed,EMP-0061,158893.26,2024-01-24 17:49:37.408210,2024-01-25 03:30:52.305913
PI-000575,goods_receipt,GR-000168,completed,EMP-0063,0.0,2024-01-27 01:36:30.570880,2024-01-27 13:11:57.024280
PI-000576,goods_receipt,GR-000169,completed,EMP-0062,0.0,2024-01-29 05:54:02.014759,2024-01-29 13:07:48.132930
PI-000577,invoice_verification,INV-000152,completed,EMP-0076,160398.89,2024-01-30 23:30:42.373358,2024-01-31 12:22:23.709984
PI-000578,purchase_requisition,PR-000124,completed,EMP-0031,75433.48,2024-01-23 11:34:33.639730,2024-01-24 01:04:12.694095
PI-000579,purchase_order,PO-000134,completed,EMP-0053,31466.01,2024-01-24 17:02:34.352104,2024-01-24 23:14:53.035768
PI-000580,goods_receipt,GR-000170,completed,EMP-0067,0.0,2024-01-25 22:37:02.043350,2024-01-26 03:00:17.676132
PI-000581,invoice_verification,INV-000153,completed,EMP-0079,31297.51,2024-01-27 07:55:28.154129,2024-01-28 07:50:24.702946
PI-000582,purchase_requisition,PR-000125,completed,EMP-0026,13426.78,2024-01-23 13:42:50.788731,2024-01-23 21:21:04.390582
PI-000583,purchase_order,PO-000135,completed,EMP-0057,212682.73,2024-01-24 01:51:45.319621,2024-01-24 12:10:19.550073
PI-000584,goods_receipt,GR-000171,completed,EMP-0066,0.0,2024-01-26 18:42:53.966204,2024-01-27 07:00:22.958408
PI-000585,goods_receipt,GR-000172,completed,EMP-0066,0.0,2024-01-28 19:25:27.353558,2024-01-29 04:20:38.475917
PI-000586,invoice_verification,INV-000154,completed,EMP-0075,129289.28,2024-01-30 20:39:41.089832,2024-01-31 08:22:09.942104
PI-000587,invoice_verification,INV-000155,completed,EMP-0078,86363.89,2024-02-01 23:05:33.014704,2024-02-02 11:56:11.419251
PI-000588,purchase_requisition,PR-000126,completed,EMP-0007,15896.81,2024-01-23 20:51:16.751461,2024-01-24 03:04:02.338767
PI-000589,purchase_order,PO-000136,completed,EMP-0055,160589.69,2024-01-24 16:25:06.943281,2024-01-24 20:12:36.897356
PI-000590,goods_receipt,GR-000173,completed,EMP-0066,0.0,2024-01-25 01:21:12.605020,2024-01-25 10:43:58.030419
PI-000591,goods_receipt,GR-000174,completed,EMP-0062,0.0,2024-01-26 20:28:43.244061,2024-01-27 08:21:21.386106
PI-000592,invoice_verification,INV-000156,completed,EMP-0078,159684.89,2024-01-29 23:44:39.759472,2024-01-31 04:03:38.885824
PI-000593,purchase_requisition,PR-000127,completed,EMP-0020,48149.71,2024-01-23 22:06:09.991526,2024-01-24 12:47:38.044310
PI-000594,purchase_order,PO-000137,completed,EMP-0054,114257.38,2024-01-25 04:41:18.317909,2024-01-25 14:53:45.290923
PI-000595,goods_receipt,GR-000175,completed,EMP-0065,0.0,2024-01-25 17:58:25.272562,2024-01-26 02:17:03.860567
PI-000596,invoice_verification,INV-000157,completed,EMP-0079,112568.88,2024-01-28 05:43:31.941195,2024-01-28 21:10:12.951826
PI-000597,purchase_requisition,PR-000128,completed,EMP-0029,18592.84,2024-01-24 02:09:43.557507,2024-01-25 03:02:54.606435
PI-000598,purchase_order,PO-000138,completed,EMP-0056,51186.02,2024-01-26 01:43:10.446238,2024-01-26 12:36:10.781453
PI-000599,goods_receipt,GR-000176,completed,EMP-0063,0.0,2024-01-26 16:57:38.316913,2024-01-26 22:55:58.891935
PI-000600,invoice_verification,INV-000158,completed,EMP-0077,30240.12,2024-01-29 03:29:56.693497,2024-01-29 15:11:57.795164
PI-000601,invoice_verification,INV-000159,completed,EMP-0079,20697.09,2024-02-02 07:56:20.094838,2024-02-02 20:20:12.064774
PI-000602,purchase_requisition,PR-000129,completed,EMP-0030,15392.88,2024-01-24 07:55:04.158827,2024-01-24 15:11:52.910306
PI-000603,purchase_order,PO-000139,completed,EMP-0058,139520.05,2024-01-24 19:14:31.934590,2024-01-25 05:29:50.658995
PI-000604,goods_receipt,GR-000177,completed,EMP-0066,0.0,2024-01-25 23:16:18.179948,2024-01-26 06:01:31.008027
PI-000605,invoice_verification,INV-000160,completed,EMP-0081,137770.4,2024-01-30 14:09:19.091035,2024-01-31 06:29:55.731236
PI-000606,purchase_requisition,PR-000130,completed,EMP-0009,58442.47,2024-01-24 08:56:31.429333,2024-01-24 16:52:26.284295
PI-000607,purchase_order,PO-000140,completed,EMP-0054,65959.93,2024-01-25 00:15:47.639238,2024-01-25 07:17:47.659584
PI-000608,goods_receipt,GR-000178,completed,EMP-0063,0.0,2024-01-25 15:33:27.216870,2024-01-26 03:38:12.839835
PI-000609,invoice_verification,INV-000161,completed,EMP-0076,65968.87,2024-01-27 09:12:07.974367,2024-01-27 19:21:36.975052
PI-000610,purchase_requisition,PR-000131,completed,EMP-0016,23519.78,2024-01-24 12:10:56.873262,2024-01-24 20:57:38.697207
PI-000611,purchase_order,PO-000141,completed,EMP-0053,2796.52,2024-01-24 22:53:51.659920,2024-01-25 03:35:52.256098
PI-000612,goods_receipt,GR-000179,completed,EMP-0063,0.0,2024-01-27 19:48:16.409105,2024-01-28 05:21:35.981353
PI-000613,invoice_verification,INV-000162,completed,EMP-0075,2745.7,2024-01-30 09:41:16.268057,2024-01-31 01:19:39.845539
PI-000614,purchase_requisition,PR-000132,completed,EMP-0017,56497.31,2024-01-24 18:37:27.876814,2024-01-25 08:21:09.770603
PI-000615,purchase_order,PO-000142,completed,EMP-0058,19439.81,2024-01-26 05:46:44.669708,2024-01-26 11:06:46.895407
PI-000616,goods_receipt,GR-000180,completed,EMP-0065,0.0,2024-01-29 07:00:30.194823,2024-01-29 11:44:41.255494
PI-000617,invoice_verification,INV-000163,completed,EMP-0080,19323.01,2024-02-02 04:15:14.373026,2024-02-02 18:45:21.687949
PI-000618,purchase_requisition,PR-000133,completed,EMP-0002,3802.77,2024-01-24 23:43:44.756836,2024-01-25 07:41:24.767463
PI-000619,purchase_order,PO-000143,completed,EMP-0053,71988.39,2024-01-26 06:41:21.187155,2024-01-26 14:07:49.481312
PI-000620,goods_receipt,GR-000181,completed,EMP-0064,0.0,2024-01-27 12:44:54.380382,2024-01-27 22:42:33.937340
PI-000621,invoice_verification,INV-000164,completed,EMP-0077,71934.03,2024-01-29 14:33:08.163870,2024-01-30 02:21:43.123904
PI-000622,purchase_requisition,PR-000134,completed,EMP-0037,21921.84,2024-01-25 00:54:51.289344,2024-01-25 17:48:21.874634
PI-000623,purchase_order,PO-000144,completed,EMP-0060,182696.06,2024-01-26 04:29:18.293040,2024-01-26 14:35:03.943037
PI-000624,goods_receipt,GR-000182,completed,EMP-0068,0.0,2024-01-27 14:54:22.241203,2024-01-27 20:38:57.022227
PI-000625,goods_receipt,GR-000183,completed,EMP-0064,0.0,2024-01-30 10:13:29.599041,2024-01-30 16:42:32.795377
PI-000626,invoice_verification,INV-000165,completed,EMP-0078,182529.54,2024-02-01 05:46:25.637702,2024-02-01 17:44:25.503734
PI-000627,purchase_requisition,PR-000135,completed,EMP-0029,58211.14,2024-01-25 04:52:47.502464,2024-01-25 09:10:39.536054
PI-000628,purchase_order,PO-000145,completed,EMP-0058,130756.26,2024-01-25 21:58:35.698915,2024-01-26 08:41:18.800917
PI-000629,goods_receipt,GR-000184,completed,EMP-0065,0.0,2024-01-29 00:26:34.412924,2024-01-29 09:59:59.289746
PI-000630,goods_receipt,GR-000185,completed,EMP-0062,0.0,2024-01-29 21:34:36.789837,2024-01-30 05:27:24.165176
PI-000631,invoice_verification,INV-000166,completed,EMP-0075,132221.93,2024-02-02 07:27:06.462968,2024-02-02 18:08:58.060212
PI-000632,purchase_requisition,PR-000136,completed,EMP-0024,54529.02,2024-01-25 11:21:17.645122,2024-01-25 18:21:57.802626
PI-000633,purchase_order,PO-000146,completed,EMP-0059,57026.11,2024-01-25 23:49:27.585363,2024-01-26 06:03:30.503727
PI-000634,goods_receipt,GR-000186,completed,EMP-0068,0.0,2024-01-28 01:54:14.772565,2024-01-28 13:16:00.154751
PI-000635,invoice_verification,INV-000167,completed,EMP-0082,57188.07,2024-01-29 09:23:26.102472,2024-01-29 23:14:26.787966
PI-000636,purchase_requisition,PR-000137,completed,EMP-0001,72096.92,2024-01-25 17:31:03.596008,2024-01-26 02:50:52.477822
PI-000637,purchase_order,PO-000147,completed,EMP-0056,19143.36,2024-01-26 17:37:06.519410,2024-01-26 20:40:49.031683
PI-000638,goods_receipt,GR-000187,completed,EMP-0063,0.0,2024-01-27 17:39:21.016991,2024-01-28 01:03:22.090629
PI-000639,invoice_verification,INV-000168,completed,EMP-0077,19353.72,2024-01-28 18:19:51.250454,2024-01-29 15:51:39.922323
PI-000640,purchase_requisition,PR-000138,completed,EMP-0014,48586.44,2024-01-25 20:28:54.994034,2024-01-26 05:31:53.373960
PI-000641,purchase_requisition,PR-000139,completed,EMP-0037,68835.11,2024-01-26 03:50:53.705660,2024-01-26 10:59:00.939572
PI-000642,purchase_order,PO-000148,completed,EMP-0058,201826.52,2024-01-26 17:19:46.854672,2024-01-26 20:27:19.783997
PI-000643,goods_receipt,GR-000188,completed,EMP-0064,0.0,2024-01-27 11:22:18.544234,2024-01-27 18:07:33.751790
PI-000644,invoice_verification,INV-000169,completed,EMP-0081,200378.34,2024-01-30 14:15:22.252843,2024-01-30 22:28:41.620838
PI-000645,purchase_requisition,PR-000140,completed,EMP-0020,89485.49,2024-01-26 05:19:10.642897,2024-01-26 16:06:26.809970
PI-000646,purchase_order,PO-000149,completed,EMP-0053,102181.02,2024-01-27 15:57:02.205670,2024-01-27 22:26:05.997289
PI-000647,goods_receipt,GR-000189,completed,EMP-0069,0.0,2024-01-28 17:39:19.231851,2024-01-29 02:00:46.982993
PI-000648,invoice_verification,INV-000170,completed,EMP-0080,104078.99,2024-02-01 10:11:03.379261,2024-02-01 19:25:42.810958
PI-000649,purchase_requisition,PR-000141,completed,EMP-0028,68951.54,2024-01-26 08:12:58.169854,2024-01-26 15:18:59.567050
PI-000650,purchase_order,PO-000150,completed,EMP-0059,74998.52,2024-01-27 10:10:33.213032,2024-01-27 18:42:40.102808
PI-000651,goods_receipt,GR-000190,completed,EMP-0069,0.0,2024-01-28 04:53:57.339409,2024-01-28 13:46:26.172725
PI-000652,invoice_verification,INV-000171,completed,EMP-0081,75713.75,2024-01-28 22:24:10.742797,2024-01-29 18:52:04.584226
PI-000653,purchase_requisition,PR-000142,completed,EMP-0016,19106.77,2024-01-26 14:49:06.800747,2024-01-26 17:09:05.080275
PI-000654,purchase_order,PO-000151,completed,EMP-0053,179307.01,2024-01-27 15:14:13.046004,2024-01-28 00:00:16.485551
PI-000655,goods_receipt,GR-000191,completed,EMP-0063,0.0,2024-01-28 02:57:26.062594,2024-01-28 10:05:01.381001
PI-000656,invoice_verification,INV-000172,completed,EMP-0076,105621.94,2024-02-01 02:52:19.434127,2024-02-01 13:25:52.979456
PI-000657,invoice_verification,INV-000173,completed,EMP-0082,72764.33,2024-02-03 23:11:37.438370,2024-02-04 12:13:49.078377
PI-000658,purchase_requisition,PR-000143,completed,EMP-0027,812.37,2024-01-26 16:11:05.590461,2024-01-27 05:01:47.778093
PI-000659,purchase_order,PO-000152,completed,EMP-0057,222239.07,2024-01-27 18:32:33.249556,2024-01-28 03:12:46.392680
PI-000660,goods_receipt,GR-000192,completed,EMP-0065,0.0,2024-01-28 20:06:07.153245,2024-01-29 07:33:27.950515
PI-000661,invoice_verification,INV-000174,completed,EMP-0078,225958.87,2024-02-01 11:42:14.046508,2024-02-01 22:11:20.058012
PI-000662,purchase_requisition,PR-000144,completed,EMP-0005,109102.96,2024-01-26 21:27:01.256285,2024-01-26 23:53:09.101240
PI-000663,purchase_order,PO-000153,completed,EMP-0059,31196.19,2024-01-27 07:24:22.315304,2024-01-27 15:17:25.421747
PI-000664,goods_receipt,GR-000193,completed,EMP-0067,0.0,2024-01-30 06:05:18.044278,2024-01-30 16:57:25.001320
PI-000665,invoice_verification,INV-000175,completed,EMP-0078,31178.35,2024-02-02 16:57:21.259645,2024-02-03 05:48:59.963863
PI-000666,purchase_requisition,PR-000145,completed,EMP-0005,7480.2,2024-01-27 04:36:50.362665,2024-01-27 15:36:10.149339
PI-000667,purchase_order,PO-000154,completed,EMP-0056,107681.28,2024-01-27 23:51:13.579776,2024-01-28 08:05:57.629754
PI-000668,goods_receipt,GR-000194,completed,EMP-0065,0.0,2024-01-28 23:35:42.662595,2024-01-29 07:47:55.167916
PI-000669,invoice_verification,INV-000176,completed,EMP-0081,109624.21,2024-01-31 02:08:30.332407,2024-01-31 17:53:13.323827
PI-000670,purchase_requisition,PR-000146,completed,EMP-0038,57455.45,2024-01-27 09:39:45.700039,2024-01-27 17:11:13.084517
PI-000671,purchase_order,PO-000155,completed,EMP-0054,38849.8,2024-01-28 08:26:36.581376,2024-01-28 14:45:05.596736
PI-000672,goods_receipt,GR-000195,completed,EMP-0069,0.0,2024-01-30 11:29:17.689181,2024-01-30 18:59:11.088619
PI-000673,invoice_verification,INV-000177,completed,EMP-0081,39245.47,2024-01-31 13:57:58.466773,2024-02-01 05:29:28.238473
PI-000674,purchase_requisition,PR-000147,completed,EMP-0028,49061.49,2024-01-27 10:54:50.671485,2024-01-27 23:58:21.892381
PI-000675,purchase_order,PO-000156,completed,EMP-0060,155746.28,2024-01-28 13:23:45.809051,2024-01-28 17:21:25.322665
PI-000676,goods_receipt,GR-000196,completed,EMP-0068,0.0,2024-01-29 02:20:26.929763,2024-01-29 12:55:58.592659
PI-000677,goods_receipt,GR-000197,completed,EMP-0065,0.0,2024-01-30 18:03:59.395596,2024-01-31 00:37:03.233398
PI-000678,invoice_verification,INV-000178,completed,EMP-0082,154034.86,2024-02-04 21:38:58.678414,2024-02-05 11:21:37.343444
PI-000679,purchase_requisition,PR-000148,completed,EMP-0031,2986.57,2024-01-27 13:45:28.467115,2024-01-27 21:35:18.626819
PI-000680,purchase_requisition,PR-000149,completed,EMP-0014,1266.3,2024-01-27 20:10:33.851646,2024-01-28 03:25:17.133627
PI-000681,purchase_order,PO-000157,completed,EMP-0059,102098.73,2024-01-28 19:12:12.660847,2024-01-29 03:03:57.491139
PI-000682,goods_receipt,GR-000198,completed,EMP-0065,0.0,2024-01-29 13:50:31.974031,2024-01-30 00:21:50.362048
PI-000683,invoice_verification,INV-000179,completed,EMP-0075,103105.85,2024-02-03 14:32:07.367107,2024-02-04 02:15:42.326133
PI-000684,purchase_requisition,PR-000150,completed,EMP-0026,33362.74,2024-01-28 00:22:53.466118,2024-01-28 11:55:50.202023
PI-000685,purchase_order,PO-000158,completed,EMP-0056,160592.0,2024-01-29 07:58:35.700918,2024-01-29 16:39:24.190757
PI-000686,goods_receipt,GR-000199,completed,EMP-0069,0.0,2024-01-30 02:40:07.281095,2024-01-30 07:39:11.875864
PI-000687,invoice_verification,INV-000180,completed,EMP-0078,157764.13,2024-02-02 23:31:52.865218,2024-02-03 19:28:02.964349
PI-000688,purchase_requisition,PR-000151,completed,EMP-0007,47613.29,2024-01-28 02:33:32.097939,2024-01-28 08:17:25.090100
PI-000689,purchase_order,PO-000159,completed,EMP-0055,1841.0,2024-01-28 13:40:19.432985,2024-01-28 18:38:12.107670
PI-000690,goods_receipt,GR-000200,completed,EMP-0064,0.0,2024-01-29 19:57:52.762296,2024-01-30 03:14:53.710807
PI-000691,invoice_verification,INV-000181,completed,EMP-0078,1853.52,2024-02-02 07:45:36.463743,2024-02-02 17:24:59.934995
PI-000692,purchase_requisition,PR-000152,completed,EMP-0018,64125.17,2024-01-28 09:42:21.652851,2024-01-28 17:34:40.634163
PI-000693,purchase_order,PO-000160,completed,EMP-0060,223474.03,2024-01-29 09:05:32.883851,2024-01-29 19:47:41.856614
PI-000694,goods_receipt,GR-000201,completed,EMP-0062,0.0,2024-01-31 16:44:35.092406,2024-02-01 04:22:22.133408
PI-000695,invoice_verification,INV-000182,completed,EMP-0081,222478.23,2024-02-04 17:51:59.192968,2024-02-05 01:23:28.212706
PI-000696,purchase_requisition,PR-000153,completed,EMP-0016,35997.94,2024-01-28 13:30:55.725919,2024-01-28 23:10:58.970326
PI-000697,purchase_order,PO-000161,completed,EMP-0054,5148.0,2024-01-29 19:37:15.368208,2024-01-30 03:03:19.777598
PI-000698,goods_receipt,GR-000202,completed,EMP-0065,0.0,2024-01-30 13:35:42.240148,2024-01-30 20:55:59.353695
PI-000699,invoice_verification,INV-000183,completed,EMP-0082,5065.4,2024-02-03 10:21:08.657451,2024-02-03 18:26:02.895444
PI-000700,purchase_requisition,PR-000154,completed,EMP-0023,1032.01,2024-01-28 15:34:39.870209,2024-01-29 00:03:40.019754
PI-000701,purchase_order,PO-000162,completed,EMP-0057,8273.28,2024-01-29 23:50:08.609719,2024-01-30 03:04:08.516927
PI-000702,goods_receipt,GR-000203,completed,EMP-0062,0.0,2024-01-30 06:52:52.880067,2024-01-30 11:06:18.046019
PI-000703,invoice_verification,INV-000184,completed,EMP-0081,8108.95,2024-02-02 17:07:58.446299,2024-02-03 05:27:25.630464
PI-000704,purchase_requisition,PR-000155,completed,EMP-0036,57091.12,2024-01-28 17:13:25.059992,2024-01-29 02:18:26.688814
PI-000705,purchase_requisition,PR-000156,completed,EMP-0005,7685.74,2024-01-28 18:20:38.339261,2024-01-29 04:37:26.507832
PI-000706,purchase_order,PO-000163,completed,EMP-0053,129904.05,2024-01-29 16:02:36.672017,2024-01-29 23:15:12.789160
PI-000707,goods_receipt,GR-000204,completed,EMP-0066,0.0,2024-02-01 08:09:03.245025,2024-02-01 15:04:24.025070
PI-000708,invoice_verification,INV-000185,completed,EMP-0078,77376.09,2024-02-03 22:35:44.974569,2024-02-04 22:08:38.763821
PI-000709,invoice_verification,INV-000186,completed,EMP-0078,51264.38,2024-02-07 06:35:48.462301,2024-02-07 17:22:25.083095
PI-000710,purchase_requisition,PR-000157,completed,EMP-0016,33206.51,2024-01-28 21:51:29.740814,2024-01-29 06:45:17.697101
PI-000711,purchase_order,PO-000164,completed,EMP-0058,25619.28,2024-01-29 22:29:01.125278,2024-01-30 00:05:11.160036
PI-000712,goods_receipt,GR-000205,completed,EMP-0065,0.0,2024-01-30 22:04:56.136865,2024-01-31 04:09:53.854260
PI-000713,goods_receipt,GR-000206,completed,EMP-0068,0.0,2024-02-02 05:04:14.016650,2024-02-02 12:48:50.517373
PI-000714,invoice_verification,INV-000187,completed,EMP-0080,15451.01,2024-02-05 00:14:29.555210,2024-02-05 07:13:58.040725
PI-000715,invoice_verification,INV-000188,completed,EMP-0077,10248.62,2024-02-07 07:19:27.305916,2024-02-07 22:03:07.204599
PI-000716,purchase_order,PO-000165,completed,EMP-0061,71369.65,2024-01-29 14:38:03.397032,2024-01-30 00:41:46.631431
PI-000717,goods_receipt,GR-000207,completed,EMP-0068,0.0,2024-02-01 08:18:37.376627,2024-02-01 16:56:14.873078
PI-000718,invoice_verification,INV-000189,completed,EMP-0075,72611.25,2024-02-05 06:02:55.308363,2024-02-05 15:23:58.697645
PI-000719,purchase_requisition,PR-000158,completed,EMP-0034,1216.2,2024-01-29 04:47:57.040353,2024-01-29 11:13:35.152364
PI-000720,purchase_order,PO-000166,completed,EMP-0055,26657.8,2024-01-30 04:32:00.419838,2024-01-30 07:21:48.201612
PI-000721,goods_receipt,GR-000208,completed,EMP-0062,0.0,2024-01-31 22:02:16.713173,2024-02-01 05:27:41.391509
PI-000722,invoice_verification,INV-000190,completed,EMP-0075,26613.1,2024-02-03 02:19:26.675401,2024-02-03 19:06:36.976196
PI-000723,purchase_requisition,PR-000159,completed,EMP-0026,3460.47,2024-01-29 06:54:49.443822,2024-01-29 16:12:00.258021
PI-000724,purchase_order,PO-000167,completed,EMP-0059,61816.22,2024-01-29 16:52:47.792122,2024-01-29 23:02:32.611828
PI-000725,goods_receipt,GR-000209,completed,EMP-0063,0.0,2024-01-31 08:01:24.127133,2024-01-31 16:34:49.186880
PI-000726,invoice_verification,INV-000191,completed,EMP-0076,60877.38,2024-02-03 15:49:00.089033,2024-02-04 01:34:32.295893
PI-000727,purchase_requisition,PR-000160,completed,EMP-0016,7989.35,2024-01-29 09:54:19.194522,2024-01-29 21:16:31.522012
PI-000728,purchase_order,PO-000168,completed,EMP-0054,47874.84,2024-01-30 09:20:14.435039,2024-01-30 14:14:07.590687
PI-000729,goods_receipt,GR-000210,completed,EMP-0069,0.0,2024-01-30 22:38:55.640497,2024-01-31 07:00:51.991415
PI-000730,invoice_verification,INV-000192,completed,EMP-0075,48210.54,2024-02-01 03:23:58.093906,2024-02-01 23:21:39.279857
PI-000731,purchase_requisition,PR-000161,completed,EMP-0006,19656.57,2024-01-29 14:29:17.686983,2024-01-29 19:04:06.221439
PI-000732,purchase_order,PO-000169,completed,EMP-0057,75996.78,2024-01-30 01:02:19.453404,2024-01-30 09:02:54.544358
PI-000733,goods_receipt,GR-000211,completed,EMP-0064,0.0,2024-01-31 14:48:15.634287,2024-02-01 00:17:30.782349
PI-000734,invoice_verification,INV-000193,completed,EMP-0082,77188.38,2024-02-03 18:40:25.909504,2024-02-04 21:39:21.453672
PI-000735,purchase_requisition,PR-000162,completed,EMP-0002,88678.77,2024-01-29 20:46:04.416848,2024-01-30 05:37:51.639464
PI-000736,purchase_order,PO-000170,completed,EMP-0061,103745.88,2024-01-31 00:03:10.998084,2024-01-31 09:02:35.352083
PI-000737,goods_receipt,GR-000212,completed,EMP-0065,0.0,2024-02-02 18:06:05.674841,2024-02-03 01:54:53.524563
PI-000738,invoice_verification,INV-000194,completed,EMP-0081,104396.94,2024-02-06 09:10:44.054517,2024-02-07 02:10:21.956221
PI-000739,purchase_requisition,PR-000163,completed,EMP-0015,63496.9,2024-01-30 02:33:34.984197,2024-01-30 05:55:53.190354
PI-000740,purchase_order,PO-000171,completed,EMP-0057,100986.92,2024-01-30 22:20:18.682807,2024-01-31 05:09:36.245866
PI-000741,goods_receipt,GR-000213,completed,EMP-0068,0.0,2024-01-31 20:12:48.444758,2024-02-01 05:45:12.595937
PI-000742,invoice_verification,INV-000195,completed,EMP-0082,60004.5,2024-02-01 23:30:10.008981,2024-02-02 11:27:18.678578
PI-000743,invoice_verification,INV-000196,completed,EMP-0077,40960.63,2024-02-03 01:56:51.230682,2024-02-03 08:55:00.465858
PI-000744,purchase_requisition,PR-000164,completed,EMP-0003,115497.97,2024-01-30 04:09:05.806226,2024-01-30 16:25:33.069746
PI-000745,purchase_order,PO-000172,completed,EMP-0057,60599.48,2024-01-31 10:25:41.127762,2024-02-01 04:36:29.237918
PI-000746,goods_receipt,GR-000214,completed,EMP-0068,0.0,2024-02-01 11:59:02.173963,2024-02-01 21:46:50.157832
PI-000747,goods_receipt,GR-000215,completed,EMP-0066,0.0,2024-02-02 01:24:00.118157,2024-02-02 10:51:47.790464
PI-000748,invoice_verification,INV-000197,completed,EMP-0080,59582.63,2024-02-03 21:35:01.383065,2024-02-04 06:28:17.628996
PI-000749,purchase_requisition,PR-000165,completed,EMP-0013,53015.22,2024-01-30 08:21:46.719169,2024-01-30 15:39:39.294224
PI-000750,purchase_order,PO-000173,completed,EMP-0053,83116.76,2024-01-31 08:14:22.428784,2024-01-31 11:01:57.839872
PI-000751,goods_receipt,GR-000216,completed,EMP-0065,0.0,2024-02-01 04:11:03.394116,2024-02-01 10:41:45.233147
PI-000752,goods_receipt,GR-000217,completed,EMP-0063,0.0,2024-02-03 16:41:37.585889,2024-02-03 22:03:36.325150
PI-000753,invoice_verification,INV-000198,completed,EMP-0079,83635.97,2024-02-08 02:38:42.929613,2024-02-08 13:16:37.660991
PI-000754,purchase_requisition,PR-000166,completed,EMP-0023,27645.09,2024-01-30 11:55:43.107690,2024-01-30 13:43:00.954995
PI-000755,purchase_order,PO-000174,completed,EMP-0053,40935.15,2024-01-31 12:29:21.412090,2024-01-31 19:00:58.218115
PI-000756,goods_receipt,GR-000218,completed,EMP-0062,0.0,2024-02-02 09:53:52.835780,2024-02-02 20:32:23.970204
PI-000757,invoice_verification,INV-000199,completed,EMP-0077,41509.24,2024-02-07 20:26:45.932286,2024-02-08 02:12:41.081245
PI-000758,purchase_requisition,PR-000167,completed,EMP-0031,43942.56,2024-01-30 12:59:21.767089,2024-01-30 22:25:18.539745
PI-000759,purchase_order,PO-000175,completed,EMP-0056,52676.0,2024-01-30 23:11:06.496652,2024-01-31 06:52:37.064995
PI-000760,goods_receipt,GR-000219,completed,EMP-0066,0.0,2024-01-31 20:39:02.429429,2024-02-01 03:25:37.965291
PI-000761,goods_receipt,GR-000220,completed,EMP-0065,0.0,2024-02-02 19:10:04.194440,2024-02-03 04:15:21.373291
PI-000762,invoice_verification,INV-000200,completed,EMP-0077,53201.39,2024-02-06 05:07:02.226179,2024-02-06 17:53:57.157277
PI-000763,purchase_order,PO-000176,completed,EMP-0058,20340.27,2024-01-31 21:24:46.342678,2024-02-01 04:24:20.177170
PI-000764,goods_receipt,GR-000221,completed,EMP-0064,0.0,2024-02-01 07:55:30.813102,2024-02-01 16:46:15.783724
PI-000765,invoice_verification,INV-000201,completed,EMP-0078,20200.44,2024-02-03 02:46:13.101974,2024-02-04 00:21:01.849226
PI-000766,purchase_requisition,PR-000168,completed,EMP-0012,40993.11,2024-01-30 15:48:52.905159,2024-01-30 19:50:10.114469
PI-000767,purchase_order,PO-000177,completed,EMP-0054,55366.65,2024-01-31 13:56:48.504508,2024-01-31 21:44:09.791345
PI-000768,goods_receipt,GR-000222,completed,EMP-0065,0.0,2024-02-01 17:11:30.567001,2024-02-02 01:09:13.890753
PI-000769,invoice_verification,INV-000202,completed,EMP-0080,55695.58,2024-02-02 05:19:54.401302,2024-02-02 12:27:09.956067
PI-000770,purchase_requisition,PR-000169,completed,EMP-0023,84631.7,2024-01-30 18:46:27.404066,2024-01-31 05:51:47.595634
PI-000771,purchase_order,PO-000178,completed,EMP-0058,44543.4,2024-01-31 06:53:33.412736,2024-01-31 10:16:57.549517
PI-000772,goods_receipt,GR-000223,completed,EMP-0062,0.0,2024-01-31 15:32:18.396288,2024-02-01 00:13:34.449234
PI-000773,goods_receipt,GR-000224,completed,EMP-0062,0.0,2024-02-01 04:27:31.150340,2024-02-01 15:15:28.154597
PI-000774,invoice_verification,INV-000203,completed,EMP-0076,44706.55,2024-02-03 17:33:13.240503,2024-02-04 02:00:31.778399
PI-000775,purchase_requisition,PR-000170,completed,EMP-0040,41201.06,2024-01-30 23:27:41.606471,2024-01-31 04:16:00.124686
PI-000776,purchase_order,PO-000179,completed,EMP-0060,3180.21,2024-01-31 06:20:48.012351,2024-01-31 10:27:59.573193
PI-000777,goods_receipt,GR-000225,completed,EMP-0065,0.0,2024-02-01 09:38:15.856042,2024-02-01 18:44:24.670682
PI-000778,invoice_verification,INV-000204,completed,EMP-0076,3234.36,2024-02-06 03:01:31.372272,2024-02-06 17:31:35.091097
PI-000779,purchase_requisition,PR-000171,completed,EMP-0008,34128.7,2024-01-31 07:16:21.238863,2024-01-31 11:47:35.600676
PI-000780,purchase_order,PO-000180,completed,EMP-0055,2507.46,2024-01-31 19:40:53.401010,2024-01-31 22:42:21.057738
PI-000781,goods_receipt,GR-000226,completed,EMP-0062,0.0,2024-02-01 06:51:44.683971,2024-02-01 16:52:02.064841
PI-000782,invoice_verification,INV-000205,completed,EMP-0079,1498.86,2024-02-04 20:04:36.100193,2024-02-05 02:40:38.346075
PI-000783,invoice_verification,INV-000206,completed,EMP-0080,1020.33,2024-02-05 16:41:38.230321,2024-02-06 03:30:14.812193
PI-000784,purchase_requisition,PR-000172,completed,EMP-0036,28674.45,2024-01-31 08:34:47.967977,2024-01-31 15:13:39.084227
PI-000785,purchase_order,PO-000181,completed,EMP-0054,259566.38,2024-02-01 07:12:50.645089,2024-02-01 13:15:18.614431
PI-000786,goods_receipt,GR-000227,completed,EMP-0066,0.0,2024-02-01 16:25:21.047870,2024-02-02 01:00:07.727502
PI-000787,invoice_verification,INV-000207,completed,EMP-0076,258948.61,2024-02-04 22:03:15.406703,2024-02-05 10:40:31.522042
PI-000788,purchase_requisition,PR-000173,completed,EMP-0028,55164.96,2024-01-31 11:02:51.616118,2024-01-31 18:31:14.327375
PI-000789,purchase_order,PO-000182,completed,EMP-0053,170837.82,2024-02-01 05:46:06.475897,2024-02-01 10:35:24.055809
PI-000790,goods_receipt,GR-000228,completed,EMP-0067,0.0,2024-02-02 13:28:53.419025,2024-02-02 21:31:51.268330
PI-000791,goods_receipt,GR-000229,completed,EMP-0065,0.0,2024-02-03 09:39:06.312677,2024-02-03 16:59:03.814634
PI-000792,invoice_verification,INV-000208,completed,EMP-0078,103890.6,2024-02-05 11:41:13.503078,2024-02-05 22:01:38.209315
PI-000793,invoice_verification,INV-000209,completed,EMP-0077,67922.45,2024-02-08 05:34:59.479321,2024-02-08 19:00:22.107717
PI-000794,purchase_requisition,PR-000174,completed,EMP-0022,107626.67,2024-01-31 15:24:40.156886,2024-02-01 09:16:45.944629
PI-000795,purchase_order,PO-000183,completed,EMP-0052,65525.85,2024-02-01 20:40:44.513329,2024-02-02 03:32:35.308662
PI-000796,goods_receipt,GR-000230,completed,EMP-0067,0.0,2024-02-04 02:57:08.035769,2024-02-04 12:25:44.926228
PI-000797,invoice_verification,INV-000210,completed,EMP-0079,64622.6,2024-02-09 00:35:18.921145,2024-02-09 14:22:32.160339
PI-000798,purchase_requisition,PR-000175,completed,EMP-0008,1182.66,2024-01-31 19:13:41.190253,2024-02-01 10:38:54.202197
PI-000799,purchase_order,PO-000184,completed,EMP-0055,16778.65,2024-02-02 02:04:36.597138,2024-02-02 07:47:30.590305
PI-000800,goods_receipt,GR-000231,completed,EMP-0068,0.0,2024-02-03 01:46:29.072455,2024-02-03 11:50:47.289188
PI-000801,invoice_verification,INV-000211,completed,EMP-0077,16705.05,2024-02-08 04:46:02.970517,2024-02-08 14:53:43.449254
PI-000802,purchase_order,PO-000185,completed,EMP-0052,16305.52,2024-02-01 21:43:36.507657,2024-02-02 03:34:37.550708
PI-000803,goods_receipt,GR-000232,completed,EMP-0064,0.0,2024-02-02 23:47:20.588016,2024-02-03 04:35:21.245643
PI-000804,invoice_verification,INV-000212,completed,EMP-0082,16009.55,2024-02-06 03:03:30.202008,2024-02-07 01:41:36.449938
PI-000805,purchase_requisition,PR-000176,completed,EMP-0009,10158.29,2024-02-01 01:47:57.626038,2024-02-01 10:25:05.881463
PI-000806,purchase_requisition,PR-000177,completed,EMP-0023,4923.41,2024-02-01 07:37:52.371571,2024-02-01 14:16:06.645749
PI-000807,purchase_order,PO-000186,completed,EMP-0058,88322.22,2024-02-02 10:20:15.463041,2024-02-02 23:19:26.605773
PI-000808,goods_receipt,GR-000233,completed,EMP-0062,0.0,2024-02-05 14:06:13.444537,2024-02-05 23:10:34.875857
PI-000809,invoice_verification,INV-000213,completed,EMP-0079,89554.17,2024-02-10 10:31:56.657222,2024-02-10 21:47:34.291665
PI-000810,purchase_requisition,PR-000178,completed,EMP-0012,96844.37,2024-02-01 13:44:01.001294,2024-02-01 17:27:29.616315
PI-000811,purchase_order,PO-000187,completed,EMP-0055,132121.52,2024-02-01 22:29:02.930409,2024-02-02 08:33:56.212096
PI-000812,goods_receipt,GR-000234,completed,EMP-0068,0.0,2024-02-04 12:38:37.630228,2024-02-04 22:11:11.282759
PI-000813,invoice_verification,INV-000214,completed,EMP-0077,131825.92,2024-02-08 18:21:42.670342,2024-02-09 06:55:37.142493
PI-000814,purchase_requisition,PR-000179,completed,EMP-0037,16324.49,2024-02-01 20:22:21.258680,2024-02-02 03:11:54.904259
PI-000815,purchase_order,PO-000188,completed,EMP-0052,87112.71,2024-02-02 19:10:28.109513,2024-02-03 02:26:12.227800
PI-000816,goods_receipt,GR-000235,completed,EMP-0064,0.0,2024-02-04 06:30:32.929867,2024-02-04 12:09:01.501688
PI-000817,invoice_verification,INV-000215,completed,EMP-0076,87822.49,2024-02-07 16:10:54.731398,2024-02-08 07:32:37.184311
PI-000818,purchase_requisition,PR-000180,completed,EMP-0028,35508.9,2024-02-01 22:14:48.561036,2024-02-02 03:03:18.466710
PI-000819,purchase_order,PO-000189,completed,EMP-0059,173544.67,2024-02-02 11:36:23.091222,2024-02-02 16:52:38.896431
PI-000820,goods_receipt,GR-000236,completed,EMP-0066,0.0,2024-02-02 21:01:02.834540,2024-02-03 04:57:25.034497
PI-000821,goods_receipt,GR-000237,completed,EMP-0063,0.0,2024-02-05 03:01:26.357300,2024-02-05 09:46:10.870023
PI-000822,invoice_verification,INV-000216,completed,EMP-0077,175189.61,2024-02-07 17:46:52.319833,2024-02-08 04:47:30.930794
PI-000823,purchase_requisition,PR-000181,completed,EMP-0020,47852.99,2024-02-02 03:45:40.575484,2024-02-02 11:03:27.084721
PI-000824,purchase_order,PO-000190,completed,EMP-0055,98619.99,2024-02-02 16:47:04.839270,2024-02-03 03:36:29.033510
PI-000825,goods_receipt,GR-000238,completed,EMP-0067,0.0,2024-02-03 16:37:04.231491,2024-02-03 21:38:19.640713
PI-000826,invoice_verification,INV-000217,completed,EMP-0079,99357.97,2024-02-05 12:20:26.253865,2024-02-06 01:56:08.900465
PI-000827,purchase_requisition,PR-000182,completed,EMP-0008,36072.08,2024-02-02 08:14:04.252279,2024-02-02 23:03:07.525749
PI-000828,purchase_order,PO-000191,completed,EMP-0060,236269.77,2024-02-03 15:49:52.516681,2024-02-03 21:26:29.800688
PI-000829,goods_receipt,GR-000239,completed,EMP-0067,0.0,2024-02-05 08:33:39.107165,2024-02-05 14:58:33.743329
PI-000830,invoice_verification,INV-000218,completed,EMP-0079,238386.77,2024-02-10 13:03:49.983182,2024-02-11 01:37:36.912046
PI-000831,purchase_requisition,PR-000183,completed,EMP-0027,7040.15,2024-02-02 12:50:24.826734,2024-02-02 20:32:01.651609
PI-000832,purchase_order,PO-000192,completed,EMP-0054,36763.23,2024-02-03 10:07:41.576173,2024-02-03 14:22:48.070951
PI-000833,goods_receipt,GR-000240,completed,EMP-0062,0.0,2024-02-03 20:25:34.550240,2024-02-04 03:43:37.180088
PI-000834,invoice_verification,INV-000219,completed,EMP-0080,36068.4,2024-02-07 03:02:15.054242,2024-02-07 14:11:33.767033
PI-000835,purchase_order,PO-000193,completed,EMP-0060,63312.66,2024-02-02 22:03:20.050792,2024-02-03 07:43:27.925897
PI-000836,goods_receipt,GR-000241,completed,EMP-0068,0.0,2024-02-03 11:56:02.600880,2024-02-03 20:59:46.071116
PI-000837,goods_receipt,GR-000242,completed,EMP-0066,0.0,2024-02-05 13:39:03.383693,2024-02-05 22:57:13.099134
PI-000838,invoice_verification,INV-000220,completed,EMP-0082,38555.7,2024-02-09 08:30:05.574729,2024-02-09 16:01:24.598075
PI-000839,invoice_verification,INV-000221,completed,EMP-0078,25439.98,2024-02-14 12:29:39.631138,2024-02-14 18:26:08.645108
PI-000840,purchase_requisition,PR-000184,completed,EMP-0029,44488.6,2024-02-02 14:16:12.934315,2024-02-02 23:26:14.556631
PI-000841,purchase_order,PO-000194,completed,EMP-0052,78415.58,2024-02-03 09:52:50.857047,2024-02-03 17:02:11.431126
PI-000842,goods_receipt,GR-000243,completed,EMP-0062,0.0,2024-02-04 20:15:00.091801,2024-02-05 01:02:12.022604
PI-000843,goods_receipt,GR-000244,completed,EMP-0065,0.0,2024-02-07 05:16:21.571019,2024-02-07 13:22:34.448849
PI-000844,invoice_verification,INV-000222,completed,EMP-0081,79724.84,2024-02-09 14:40:34.316795,2024-02-10 01:09:01.918343
PI-000845,purchase_requisition,PR-000185,completed,EMP-0007,109634.91,2024-02-02 21:08:59.119378,2024-02-03 09:23:41.002091
PI-000846,purchase_order,PO-000195,completed,EMP-0055,7096.53,2024-02-03 22:57:42.085073,2024-02-04 05:21:03.185108
PI-000847,goods_receipt,GR-000245,completed,EMP-0069,0.0,2024-02-05 17:54:58.322875,2024-02-06 04:00:05.640196
PI-000848,goods_receipt,GR-000246,completed,EMP-0063,0.0,2024-02-06 19:15:02.733384,2024-02-07 05:40:55.645268
PI-000849,invoice_verification,INV-000223,completed,EMP-0078,7083.53,2024-02-07 21:28:45.127304,2024-02-08 09:20:31.936974
PI-000850,purchase_requisition,PR-000186,completed,EMP-0011,43254.65,2024-02-03 02:25:04.815136,2024-02-03 08:40:48.451849
PI-000851,purchase_order,PO-000196,completed,EMP-0052,94391.77,2024-02-03 18:22:50.498684,2024-02-03 23:05:21.310022
PI-000852,goods_receipt,GR-000247,completed,EMP-0067,0.0,2024-02-06 08:50:34.945971,2024-02-06 14:32:03.732332
PI-000853,goods_receipt,GR-000248,completed,EMP-0067,0.0,2024-02-07 08:36:04.722700,2024-02-07 16:21:07.501676
PI-000854,invoice_verification,INV-000224,completed,EMP-0080,94879.7,2024-02-09 10:11:48.307866,2024-02-09 17:43:15.497436
PI-000855,purchase_requisition,PR-000187,completed,EMP-0037,6264.86,2024-02-03 10:16:56.210827,2024-02-03 17:11:30.382268
PI-000856,purchase_order,PO-000197,completed,EMP-0052,18813.96,2024-02-04 15:04:26.367615,2024-02-04 23:06:39.347954
PI-000857,goods_receipt,GR-000249,completed,EMP-0068,0.0,2024-02-05 23:21:37.833291,2024-02-06 05:52:31.274676
PI-000858,goods_receipt,GR-000250,completed,EMP-0066,0.0,2024-02-08 04:23:33.451910,2024-02-08 12:07:22.659489
PI-000859,invoice_verification,INV-000225,completed,EMP-0075,18468.07,2024-02-09 01:41:16.297544,2024-02-09 13:36:05.892855
PI-000860,purchase_order,PO-000198,completed,EMP-0057,17952.24,2024-02-03 17:42:17.956580,2024-02-04 01:01:18.567606
PI-000861,goods_receipt,GR-000251,completed,EMP-0068,0.0,2024-02-05 15:00:11.073724,2024-02-06 02:33:16.854211
PI-000862,invoice_verification,INV-000226,completed,EMP-0080,18200.44,2024-02-06 21:14:44.149407,2024-02-07 12:34:22.775112
PI-000863,purchase_requisition,PR-000188,completed,EMP-0020,19806.98,2024-02-03 13:03:03.018594,2024-02-03 19:33:37.720657
PI-000864,purchase_order,PO-000199,completed,EMP-0060,237310.81,2024-02-04 09:02:10.794117,2024-02-04 16:13:24.557076
PI-000865,goods_receipt,GR-000252,completed,EMP-0065,0.0,2024-02-06 05:17:48.989425,2024-02-06 16:39:53.885427
PI-000866,goods_receipt,GR-000253,completed,EMP-0067,0.0,2024-02-06 23:54:12.702748,2024-02-07 12:16:40.624806
PI-000867,invoice_verification,INV-000227,completed,EMP-0076,239835.52,2024-02-08 04:46:46.860940,2024-02-09 00:19:24.397820
PI-000868,purchase_requisition,PR-000189,completed,EMP-0010,4864.77,2024-02-03 18:00:35.259981,2024-02-04 01:11:18.639680
PI-000869,purchase_order,PO-000200,completed,EMP-0061,95205.92,2024-02-04 05:23:27.479691,2024-02-05 00:06:05.851418
PI-000870,goods_receipt,GR-000254,completed,EMP-0066,0.0,2024-02-06 08:53:55.950808,2024-02-06 17:57:33.865772
PI-000871,invoice_verification,INV-000228,completed,EMP-0082,93630.87,2024-02-11 06:55:32.537531,2024-02-12 04:38:56.838792
PI-000872,purchase_requisition,PR-000190,completed,EMP-0034,746.15,2024-02-03 22:54:10.604524,2024-02-04 01:00:51.136323
PI-000873,purchase_order,PO-000201,completed,EMP-0054,136864.74,2024-02-04 15:32:46.015668,2024-02-04 18:36:31.788578
PI-000874,goods_receipt,GR-000255,completed,EMP-0065,0.0,2024-02-05 16:50:34.878743,2024-02-06 04:38:35.617711
PI-000875,invoice_verification,INV-000229,completed,EMP-0082,137407.52,2024-02-07 21:54:46.784576,2024-02-08 12:15:28.786248
PI-000876,purchase_requisition,PR-000191,completed,EMP-0039,7727.42,2024-02-04 03:06:27.292652,2024-02-04 20:39:00.256463
PI-000877,purchase_order,PO-000202,completed,EMP-0054,27141.07,2024-02-05 11:37:50.746191,2024-02-05 15:46:55.059911
PI-000878,goods_receipt,GR-000256,completed,EMP-0066,0.0,2024-02-07 01:03:42.883140,2024-02-07 08:39:38.600523
PI-000879,invoice_verification,INV-000230,completed,EMP-0082,27082.46,2024-02-12 02:01:06.640779,2024-02-12 13:49:25.490194
PI-000880,purchase_requisition,PR-000192,completed,EMP-0024,91815.44,2024-02-04 04:35:48.910988,2024-02-04 20:53:37.436382
PI-000881,purchase_order,PO-000203,completed,EMP-0052,77105.68,2024-02-05 10:05:26.349910,2024-02-05 17:42:33.879320
PI-000882,goods_receipt,GR-000257,completed,EMP-0068,0.0,2024-02-05 20:53:00.065599,2024-02-06 08:20:39.382320
PI-000883,invoice_verification,INV-000231,completed,EMP-0075,76262.13,2024-02-07 19:30:22.450646,2024-02-08 07:35:03.982978
PI-000884,purchase_requisition,PR-000193,completed,EMP-0017,115036.38,2024-02-04 06:44:21.979553,2024-02-04 12:28:26.914763
PI-000885,purchase_order,PO-000204,completed,EMP-0059,104665.68,2024-02-04 20:44:09.828197,2024-02-05 04:44:37.148445
PI-000886,goods_receipt,GR-000258,completed,EMP-0069,0.0,2024-02-05 23:38:10.765896,2024-02-06 07:12:04.442538
PI-000887,invoice_verification,INV-000232,completed,EMP-0082,103400.18,2024-02-08 10:01:49.639279,2024-02-08 20:00:34.292322
PI-000888,purchase_requisition,PR-000194,completed,EMP-0005,29401.78,2024-02-04 09:44:34.849121,2024-02-04 15:29:26.116908
PI-000889,purchase_order,PO-000205,completed,EMP-0053,134850.05,2024-02-04 21:40:36.980943,2024-02-05 06:44:41.101446
PI-000890,goods_receipt,GR-000259,completed,EMP-0069,0.0,2024-02-05 13:01:26.017273,2024-02-05 19:01:58.725700
PI-000891,invoice_verification,INV-000233,completed,EMP-0082,136290.99,2024-02-08 23:20:55.888610,2024-02-09 10:51:22.405223
PI-000892,purchase_requisition,PR-000195,completed,EMP-0003,2987.23,2024-02-04 16:49:30.111628,2024-02-05 00:02:51.892494
PI-000893,purchase_order,PO-000206,completed,EMP-0052,80496.53,2024-02-05 11:42:15.679715,2024-02-05 20:03:02.119686
PI-000894,goods_receipt,GR-000260,completed,EMP-0068,0.0,2024-02-08 03:13:44.542433,2024-02-08 11:14:21.818052
PI-000895,invoice_verification,INV-000234,completed,EMP-0082,80570.31,2024-02-08 16:16:19.512811,2024-02-09 08:08:24.039194
PI-000896,purchase_requisition,PR-000196,completed,EMP-0027,5402.65,2024-02-04 21:51:28.041135,2024-02-05 06:40:42.094058
PI-000897,purchase_order,PO-000207,completed,EMP-0053,113295.91,2024-02-05 19:14:34.514861,2024-02-05 22:53:32.466807
PI-000898,goods_receipt,GR-000261,completed,EMP-0067,0.0,2024-02-08 02:32:30.336836,2024-02-08 13:53:37.686142
PI-000899,invoice_verification,INV-000235,completed,EMP-0076,111070.17,2024-02-13 13:01:15.757682,2024-02-14 01:03:30.792381
PI-000900,purchase_order,PO-000208,completed,EMP-0056,13129.12,2024-02-05 19:34:44.681761,2024-02-06 04:44:28.511601
PI-000901,goods_receipt,GR-000262,completed,EMP-0069,0.0,2024-02-08 17:12:45.838730,2024-02-09 05:25:20.385229
PI-000902,invoice_verification,INV-000236,completed,EMP-0078,13030.94,2024-02-09 23:03:26.349539,2024-02-10 10:42:52.413840
PI-000903,purchase_requisition,PR-000197,completed,EMP-0016,53705.3,2024-02-05 03:19:02.956317,2024-02-05 12:32:23.004074
PI-000904,purchase_order,PO-000209,completed,EMP-0053,69027.21,2024-02-05 15:52:44.479584,2024-02-05 23:35:11.773495
PI-000905,goods_receipt,GR-000263,completed,EMP-0066,0.0,2024-02-08 23:35:08.966041,2024-02-09 07:55:44.278394
PI-000906,invoice_verification,INV-000237,completed,EMP-0075,42193.15,2024-02-13 03:30:12.102845,2024-02-13 18:20:48.805267
PI-000907,invoice_verification,INV-000238,completed,EMP-0078,27902.14,2024-02-17 13:30:58.553926,2024-02-18 04:12:52.731377
PI-000908,purchase_order,PO-000210,completed,EMP-0053,343480.14,2024-02-06 06:15:07.494059,2024-02-06 11:18:12.893068
PI-000909,goods_receipt,GR-000264,completed,EMP-0067,0.0,2024-02-09 10:48:26.064647,2024-02-09 21:44:56.506716
PI-000910,invoice_verification,INV-000239,completed,EMP-0077,337341.55,2024-02-12 16:45:44.461512,2024-02-13 08:34:18.111265
PI-000911,purchase_requisition,PR-000198,completed,EMP-0025,64451.56,2024-02-05 10:34:22.821101,2024-02-05 18:22:05.341265
PI-000912,purchase_order,PO-000211,completed,EMP-0058,170700.37,2024-02-06 06:50:55.200743,2024-02-06 21:17:05.976708
PI-000913,goods_receipt,GR-000265,completed,EMP-0067,0.0,2024-02-06 23:47:26.091132,2024-02-07 03:38:10.141290
PI-000914,invoice_verification,INV-000240,completed,EMP-0082,172358.93,2024-02-08 03:05:40.380383,2024-02-08 10:57:00.050788
PI-000915,purchase_requisition,PR-000199,completed,EMP-0031,9506.64,2024-02-05 13:31:43.528346,2024-02-05 16:44:40.632387
PI-000916,purchase_order,PO-000212,completed,EMP-0060,80123.61,2024-02-06 16:00:18.295054,2024-02-06 23:44:04.277327
PI-000917,goods_receipt,GR-000266,completed,EMP-0067,0.0,2024-02-08 20:10:14.281588,2024-02-09 06:07:17.597433
PI-000918,goods_receipt,GR-000267,completed,EMP-0067,0.0,2024-02-09 15:58:06.288389,2024-02-09 23:05:10.890777
PI-000919,invoice_verification,INV-000241,completed,EMP-0076,79900.27,2024-02-14 13:06:39.848911,2024-02-15 01:17:05.059215
PI-000920,purchase_requisition,PR-000200,completed,EMP-0013,3859.41,2024-02-05 20:30:39.034560,2024-02-06 03:05:22.891403
PI-000921,purchase_order,PO-000213,completed,EMP-0054,1646.72,2024-02-06 03:51:33.095383,2024-02-06 10:10:38.207828
PI-000922,goods_receipt,GR-000268,completed,EMP-0064,0.0,2024-02-07 07:44:19.238866,2024-02-07 15:04:48.754180
PI-000923,goods_receipt,GR-000269,completed,EMP-0063,0.0,2024-02-09 10:30:49.821868,2024-02-09 20:19:39.846926
PI-000924,invoice_verification,INV-000242,completed,EMP-0081,1646.41,2024-02-13 11:55:20.487422,2024-02-14 00:24:47.152947
